[2026-03-14 02:20:20] production.ERROR: syntax error, unexpected token "<<", expecting end of file {"exception":"[object] (ParseError(code: 0): syntax error, unexpected token \"<<\", expecting end of file at C:/Users/maria/Git/ApiApuestasDeportivas/routes/api.php:5)
[stacktrace]
#0 C:/Users/maria/Git/ApiApuestasDeportivas/vendor/laravel/framework/src/Illuminate/Routing/Router.php(511): Illuminate/Routing/RouteFileRegistrar->register('C://Users//maria//...')
#1 C:/Users/maria/Git/ApiApuestasDeportivas/vendor/laravel/framework/src/Illuminate/Routing/Router.php(465): Illuminate/Routing/Router->loadRoutes('C://Users//maria//...')
#2 C:/Users/maria/Git/ApiApuestasDeportivas/vendor/laravel/framework/src/Illuminate/Routing/RouteRegistrar.php(194): Illuminate/Routing/Router->group(Array, 'C://Users//maria//...')
#3 C:/Users/maria/Git/ApiApuestasDeportivas/app/Providers/RouteServiceProvider.php(32): Illuminate/Routing/RouteRegistrar->group('C://Users//maria//...')
#4 C:/Users/maria/Git/ApiApuestasDeportivas/vendor/laravel/framework/src/Illuminate/Container/BoundMethod.php(36): App/Providers/RouteServiceProvider->{closure:App/Providers/RouteServiceProvider::boot():29}()
#5 C:/Users/maria/Git/ApiApuestasDeportivas/vendor/laravel/framework/src/Illuminate/Container/Util.php(41): Illuminate/Container/BoundMethod::{closure:Illuminate/Container/BoundMethod::call():35}()
#6 C:/Users/maria/Git/ApiApuestasDeportivas/vendor/laravel/framework/src/Illuminate/Container/BoundMethod.php(81): Illuminate/Container/Util::unwrapIfClosure(Object(Closure))
#7 C:/Users/maria/Git/ApiApuestasDeportivas/vendor/laravel/framework/src/Illuminate/Container/BoundMethod.php(35): Illuminate/Container/BoundMethod::callBoundMethod(Object(Illuminate/Foundation/Application), Object(Closure), Object(Closure))
#8 C:/Users/maria/Git/ApiApuestasDeportivas/vendor/laravel/framework/src/Illuminate/Container/Container.php(662): Illuminate/Container/BoundMethod::call(Object(Illuminate/Foundation/Application), Object(Closure), Array, NULL)
#9 C:/Users/maria/Git/ApiApuestasDeportivas/vendor/laravel/framework/src/Illuminate/Foundation/Support/Providers/RouteServiceProvider.php(120): Illuminate/Container/Container->call(Object(Closure))
#10 C:/Users/maria/Git/ApiApuestasDeportivas/vendor/laravel/framework/src/Illuminate/Foundation/Support/Providers/RouteServiceProvider.php(45): Illuminate/Foundation/Support/Providers/RouteServiceProvider->loadRoutes()
#11 C:/Users/maria/Git/ApiApuestasDeportivas/vendor/laravel/framework/src/Illuminate/Container/BoundMethod.php(36): Illuminate/Foundation/Support/Providers/RouteServiceProvider->{closure:Illuminate/Foundation/Support/Providers/RouteServiceProvider::register():39}()
#12 C:/Users/maria/Git/ApiApuestasDeportivas/vendor/laravel/framework/src/Illuminate/Container/Util.php(41): Illuminate/Container/BoundMethod::{closure:Illuminate/Container/BoundMethod::call():35}()
#13 C:/Users/maria/Git/ApiApuestasDeportivas/vendor/laravel/framework/src/Illuminate/Container/BoundMethod.php(81): Illuminate/Container/Util::unwrapIfClosure(Object(Closure))
#14 C:/Users/maria/Git/ApiApuestasDeportivas/vendor/laravel/framework/src/Illuminate/Container/BoundMethod.php(35): Illuminate/Container/BoundMethod::callBoundMethod(Object(Illuminate/Foundation/Application), Object(Closure), Object(Closure))
#15 C:/Users/maria/Git/ApiApuestasDeportivas/vendor/laravel/framework/src/Illuminate/Container/Container.php(662): Illuminate/Container/BoundMethod::call(Object(Illuminate/Foundation/Application), Object(Closure), Array, NULL)
#16 C:/Users/maria/Git/ApiApuestasDeportivas/vendor/laravel/framework/src/Illuminate/Support/ServiceProvider.php(119): Illuminate/Container/Container->call(Object(Closure))
#17 C:/Users/maria/Git/ApiApuestasDeportivas/vendor/laravel/framework/src/Illuminate/Foundation/Application.php(1062): Illuminate/Support/ServiceProvider->callBootedCallbacks()
#18 C:/Users/maria/Git/ApiApuestasDeportivas/vendor/laravel/framework/src/Illuminate/Foundation/Application.php(1040): Illuminate/Foundation/Application->bootProvider(Object(App/Providers/RouteServiceProvider))
#19 [internal function]: Illuminate/Foundation/Application->{closure:Illuminate/Foundation/Application::boot():1039}(Object(App/Providers/RouteServiceProvider), 24)
#20 C:/Users/maria/Git/ApiApuestasDeportivas/vendor/laravel/framework/src/Illuminate/Foundation/Application.php(1039): array_walk(Array, Object(Closure))
#21 C:/Users/maria/Git/ApiApuestasDeportivas/vendor/laravel/framework/src/Illuminate/Foundation/Bootstrap/BootProviders.php(17): Illuminate/Foundation/Application->boot()
#22 C:/Users/maria/Git/ApiApuestasDeportivas/vendor/laravel/framework/src/Illuminate/Foundation/Application.php(286): Illuminate/Foundation/Bootstrap/BootProviders->bootstrap(Object(Illuminate/Foundation/Application))
#23 C:/Users/maria/Git/ApiApuestasDeportivas/vendor/laravel/framework/src/Illuminate/Foundation/Console/Kernel.php(447): Illuminate/Foundation/Application->bootstrapWith(Array)
#24 C:/Users/maria/Git/ApiApuestasDeportivas/vendor/laravel/framework/src/Illuminate/Foundation/Console/Kernel.php(199): Illuminate/Foundation/Console/Kernel->bootstrap()
#25 C:/Users/maria/Git/ApiApuestasDeportivas/artisan(35): Illuminate/Foundation/Console/Kernel->handle(Object(Symfony/Component/Console/Input/ArgvInput), Object(Symfony/Component/Console/Output/ConsoleOutput))
#26 {main}
"} 
[2026-03-14 02:41:39] production.ERROR: SQLSTATE[HY000] [1045] Access denied for user 'forge'@'localhost' (using password: YES) (Connection: mysql, SQL: select count(*) as aggregate from `users` where `email` = mariapazpuerta@gmail.com) {"exception":"[object] (Illuminate\\Database\\QueryException(code: 1045): SQLSTATE[HY000] [1045] Access denied for user 'forge'@'localhost' (using password: YES) (Connection: mysql, SQL: select count(*) as aggregate from `users` where `email` = mariapazpuerta@gmail.com) at C:/Users/maria/Git/ApiApuestasDeportivas/vendor/laravel/framework/src/Illuminate/Database/Connection.php:829)
[stacktrace]
#0 C:/Users/maria/Git/ApiApuestasDeportivas/vendor/laravel/framework/src/Illuminate/Database/Connection.php(783): Illuminate/Database/Connection->runQueryCallback('select count(*)...', Array, Object(Closure))
#1 C:/Users/maria/Git/ApiApuestasDeportivas/vendor/laravel/framework/src/Illuminate/Database/Connection.php(414): Illuminate/Database/Connection->run('select count(*)...', Array, Object(Closure))
#2 C:/Users/maria/Git/ApiApuestasDeportivas/vendor/laravel/framework/src/Illuminate/Database/Query/Builder.php(2913): Illuminate/Database/Connection->select('select count(*)...', Array, false)
#3 C:/Users/maria/Git/ApiApuestasDeportivas/vendor/laravel/framework/src/Illuminate/Database/Query/Builder.php(2902): Illuminate/Database/Query/Builder->runSelect()
#4 C:/Users/maria/Git/ApiApuestasDeportivas/vendor/laravel/framework/src/Illuminate/Database/Query/Builder.php(3456): Illuminate/Database/Query/Builder->{closure:Illuminate/Database/Query/Builder::get():2901}()
#5 C:/Users/maria/Git/ApiApuestasDeportivas/vendor/laravel/framework/src/Illuminate/Database/Query/Builder.php(2901): Illuminate/Database/Query/Builder->onceWithColumns(Array, Object(Closure))
#6 C:/Users/maria/Git/ApiApuestasDeportivas/vendor/laravel/framework/src/Illuminate/Database/Query/Builder.php(3383): Illuminate/Database/Query/Builder->get(Array)
#7 C:/Users/maria/Git/ApiApuestasDeportivas/vendor/laravel/framework/src/Illuminate/Database/Query/Builder.php(3311): Illuminate/Database/Query/Builder->aggregate('count', Array)
#8 C:/Users/maria/Git/ApiApuestasDeportivas/vendor/laravel/framework/src/Illuminate/Validation/DatabasePresenceVerifier.php(54): Illuminate/Database/Query/Builder->count()
#9 C:/Users/maria/Git/ApiApuestasDeportivas/vendor/laravel/framework/src/Illuminate/Validation/Concerns/ValidatesAttributes.php(948): Illuminate/Validation/DatabasePresenceVerifier->getCount('users', 'email', 'mariapazpuerta@...', NULL, NULL, Array)
#10 C:/Users/maria/Git/ApiApuestasDeportivas/vendor/laravel/framework/src/Illuminate/Validation/Validator.php(660): Illuminate/Validation/Validator->validateUnique('email', 'mariapazpuerta@...', Array, Object(Illuminate/Validation/Validator))
#11 C:/Users/maria/Git/ApiApuestasDeportivas/vendor/laravel/framework/src/Illuminate/Validation/Validator.php(459): Illuminate/Validation/Validator->validateAttribute('email', 'Unique')
#12 C:/Users/maria/Git/ApiApuestasDeportivas/vendor/laravel/framework/src/Illuminate/Validation/Validator.php(494): Illuminate/Validation/Validator->passes()
#13 C:/Users/maria/Git/ApiApuestasDeportivas/app/Http/Controllers/AuthController.php(23): Illuminate/Validation/Validator->fails()
#14 C:/Users/maria/Git/ApiApuestasDeportivas/vendor/laravel/framework/src/Illuminate/Routing/Controller.php(54): App/Http/Controllers/AuthController->register(Object(Illuminate/Http/Request))
#15 C:/Users/maria/Git/ApiApuestasDeportivas/vendor/laravel/framework/src/Illuminate/Routing/ControllerDispatcher.php(43): Illuminate/Routing/Controller->callAction('register', Array)
#16 C:/Users/maria/Git/ApiApuestasDeportivas/vendor/laravel/framework/src/Illuminate/Routing/Route.php(259): Illuminate/Routing/ControllerDispatcher->dispatch(Object(Illuminate/Routing/Route), Object(App/Http/Controllers/AuthController), 'register')
#17 C:/Users/maria/Git/ApiApuestasDeportivas/vendor/laravel/framework/src/Illuminate/Routing/Route.php(205): Illuminate/Routing/Route->runController()
#18 C:/Users/maria/Git/ApiApuestasDeportivas/vendor/laravel/framework/src/Illuminate/Routing/Router.php(806): Illuminate/Routing/Route->run()
#19 C:/Users/maria/Git/ApiApuestasDeportivas/vendor/laravel/framework/src/Illuminate/Pipeline/Pipeline.php(144): Illuminate/Routing/Router->{closure:Illuminate/Routing/Router::runRouteWithinStack():805}(Object(Illuminate/Http/Request))
#20 C:/Users/maria/Git/ApiApuestasDeportivas/vendor/laravel/framework/src/Illuminate/Routing/Middleware/SubstituteBindings.php(50): Illuminate/Pipeline/Pipeline->{closure:Illuminate/Pipeline/Pipeline::prepareDestination():142}(Object(Illuminate/Http/Request))
#21 C:/Users/maria/Git/ApiApuestasDeportivas/vendor/laravel/framework/src/Illuminate/Pipeline/Pipeline.php(183): Illuminate/Routing/Middleware/SubstituteBindings->handle(Object(Illuminate/Http/Request), Object(Closure))
#22 C:/Users/maria/Git/ApiApuestasDeportivas/vendor/laravel/framework/src/Illuminate/Routing/Middleware/ThrottleRequests.php(159): Illuminate/Pipeline/Pipeline->{closure:{closure:Illuminate/Pipeline/Pipeline::carry():158}:159}(Object(Illuminate/Http/Request))
#23 C:/Users/maria/Git/ApiApuestasDeportivas/vendor/laravel/framework/src/Illuminate/Routing/Middleware/ThrottleRequests.php(125): Illuminate/Routing/Middleware/ThrottleRequests->handleRequest(Object(Illuminate/Http/Request), Object(Closure), Array)
#24 C:/Users/maria/Git/ApiApuestasDeportivas/vendor/laravel/framework/src/Illuminate/Routing/Middleware/ThrottleRequests.php(87): Illuminate/Routing/Middleware/ThrottleRequests->handleRequestUsingNamedLimiter(Object(Illuminate/Http/Request), Object(Closure), 'api', Object(Closure))
#25 C:/Users/maria/Git/ApiApuestasDeportivas/vendor/laravel/framework/src/Illuminate/Pipeline/Pipeline.php(183): Illuminate/Routing/Middleware/ThrottleRequests->handle(Object(Illuminate/Http/Request), Object(Closure), 'api')
#26 C:/Users/maria/Git/ApiApuestasDeportivas/vendor/laravel/framework/src/Illuminate/Pipeline/Pipeline.php(119): Illuminate/Pipeline/Pipeline->{closure:{closure:Illuminate/Pipeline/Pipeline::carry():158}:159}(Object(Illuminate/Http/Request))
#27 C:/Users/maria/Git/ApiApuestasDeportivas/vendor/laravel/framework/src/Illuminate/Routing/Router.php(805): Illuminate/Pipeline/Pipeline->then(Object(Closure))
#28 C:/Users/maria/Git/ApiApuestasDeportivas/vendor/laravel/framework/src/Illuminate/Routing/Router.php(784): Illuminate/Routing/Router->runRouteWithinStack(Object(Illuminate/Routing/Route), Object(Illuminate/Http/Request))
#29 C:/Users/maria/Git/ApiApuestasDeportivas/vendor/laravel/framework/src/Illuminate/Routing/Router.php(748): Illuminate/Routing/Router->runRoute(Object(Illuminate/Http/Request), Object(Illuminate/Routing/Route))
#30 C:/Users/maria/Git/ApiApuestasDeportivas/vendor/laravel/framework/src/Illuminate/Routing/Router.php(737): Illuminate/Routing/Router->dispatchToRoute(Object(Illuminate/Http/Request))
#31 C:/Users/maria/Git/ApiApuestasDeportivas/vendor/laravel/framework/src/Illuminate/Foundation/Http/Kernel.php(200): Illuminate/Routing/Router->dispatch(Object(Illuminate/Http/Request))
#32 C:/Users/maria/Git/ApiApuestasDeportivas/vendor/laravel/framework/src/Illuminate/Pipeline/Pipeline.php(144): Illuminate/Foundation/Http/Kernel->{closure:Illuminate/Foundation/Http/Kernel::dispatchToRouter():197}(Object(Illuminate/Http/Request))
#33 C:/Users/maria/Git/ApiApuestasDeportivas/vendor/laravel/framework/src/Illuminate/Foundation/Http/Middleware/TransformsRequest.php(21): Illuminate/Pipeline/Pipeline->{closure:Illuminate/Pipeline/Pipeline::prepareDestination():142}(Object(Illuminate/Http/Request))
#34 C:/Users/maria/Git/ApiApuestasDeportivas/vendor/laravel/framework/src/Illuminate/Foundation/Http/Middleware/ConvertEmptyStringsToNull.php(31): Illuminate/Foundation/Http/Middleware/TransformsRequest->handle(Object(Illuminate/Http/Request), Object(Closure))
#35 C:/Users/maria/Git/ApiApuestasDeportivas/vendor/laravel/framework/src/Illuminate/Pipeline/Pipeline.php(183): Illuminate/Foundation/Http/Middleware/ConvertEmptyStringsToNull->handle(Object(Illuminate/Http/Request), Object(Closure))
#36 C:/Users/maria/Git/ApiApuestasDeportivas/vendor/laravel/framework/src/Illuminate/Foundation/Http/Middleware/TransformsRequest.php(21): Illuminate/Pipeline/Pipeline->{closure:{closure:Illuminate/Pipeline/Pipeline::carry():158}:159}(Object(Illuminate/Http/Request))
#37 C:/Users/maria/Git/ApiApuestasDeportivas/vendor/laravel/framework/src/Illuminate/Foundation/Http/Middleware/TrimStrings.php(40): Illuminate/Foundation/Http/Middleware/TransformsRequest->handle(Object(Illuminate/Http/Request), Object(Closure))
#38 C:/Users/maria/Git/ApiApuestasDeportivas/vendor/laravel/framework/src/Illuminate/Pipeline/Pipeline.php(183): Illuminate/Foundation/Http/Middleware/TrimStrings->handle(Object(Illuminate/Http/Request), Object(Closure))
#39 C:/Users/maria/Git/ApiApuestasDeportivas/vendor/laravel/framework/src/Illuminate/Foundation/Http/Middleware/ValidatePostSize.php(27): Illuminate/Pipeline/Pipeline->{closure:{closure:Illuminate/Pipeline/Pipeline::carry():158}:159}(Object(Illuminate/Http/Request))
#40 C:/Users/maria/Git/ApiApuestasDeportivas/vendor/laravel/framework/src/Illuminate/Pipeline/Pipeline.php(183): Illuminate/Foundation/Http/Middleware/ValidatePostSize->handle(Object(Illuminate/Http/Request), Object(Closure))
#41 C:/Users/maria/Git/ApiApuestasDeportivas/vendor/laravel/framework/src/Illuminate/Foundation/Http/Middleware/PreventRequestsDuringMaintenance.php(99): Illuminate/Pipeline/Pipeline->{closure:{closure:Illuminate/Pipeline/Pipeline::carry():158}:159}(Object(Illuminate/Http/Request))
#42 C:/Users/maria/Git/ApiApuestasDeportivas/vendor/laravel/framework/src/Illuminate/Pipeline/Pipeline.php(183): Illuminate/Foundation/Http/Middleware/PreventRequestsDuringMaintenance->handle(Object(Illuminate/Http/Request), Object(Closure))
#43 C:/Users/maria/Git/ApiApuestasDeportivas/vendor/laravel/framework/src/Illuminate/Http/Middleware/HandleCors.php(62): Illuminate/Pipeline/Pipeline->{closure:{closure:Illuminate/Pipeline/Pipeline::carry():158}:159}(Object(Illuminate/Http/Request))
#44 C:/Users/maria/Git/ApiApuestasDeportivas/vendor/laravel/framework/src/Illuminate/Pipeline/Pipeline.php(183): Illuminate/Http/Middleware/HandleCors->handle(Object(Illuminate/Http/Request), Object(Closure))
#45 C:/Users/maria/Git/ApiApuestasDeportivas/vendor/laravel/framework/src/Illuminate/Http/Middleware/TrustProxies.php(39): Illuminate/Pipeline/Pipeline->{closure:{closure:Illuminate/Pipeline/Pipeline::carry():158}:159}(Object(Illuminate/Http/Request))
#46 C:/Users/maria/Git/ApiApuestasDeportivas/vendor/laravel/framework/src/Illuminate/Pipeline/Pipeline.php(183): Illuminate/Http/Middleware/TrustProxies->handle(Object(Illuminate/Http/Request), Object(Closure))
#47 C:/Users/maria/Git/ApiApuestasDeportivas/vendor/laravel/framework/src/Illuminate/Pipeline/Pipeline.php(119): Illuminate/Pipeline/Pipeline->{closure:{closure:Illuminate/Pipeline/Pipeline::carry():158}:159}(Object(Illuminate/Http/Request))
#48 C:/Users/maria/Git/ApiApuestasDeportivas/vendor/laravel/framework/src/Illuminate/Foundation/Http/Kernel.php(175): Illuminate/Pipeline/Pipeline->then(Object(Closure))
#49 C:/Users/maria/Git/ApiApuestasDeportivas/vendor/laravel/framework/src/Illuminate/Foundation/Http/Kernel.php(144): Illuminate/Foundation/Http/Kernel->sendRequestThroughRouter(Object(Illuminate/Http/Request))
#50 C:/Users/maria/Git/ApiApuestasDeportivas/public/index.php(51): Illuminate/Foundation/Http/Kernel->handle(Object(Illuminate/Http/Request))
#51 C:/Users/maria/Git/ApiApuestasDeportivas/vendor/laravel/framework/src/Illuminate/Foundation/resources/server.php(16): require_once('C://Users//maria//...')
#52 {main}

[previous exception] [object] (PDOException(code: 1045): SQLSTATE[HY000] [1045] Access denied for user 'forge'@'localhost' (using password: YES) at C:/Users/maria/Git/ApiApuestasDeportivas/vendor/laravel/framework/src/Illuminate/Database/Connectors/Connector.php:65)
[stacktrace]
#0 C:/Users/maria/Git/ApiApuestasDeportivas/vendor/laravel/framework/src/Illuminate/Database/Connectors/Connector.php(65): PDO->__construct('mysql:host=127....', 'forge', Object(SensitiveParameterValue), Array)
#1 C:/Users/maria/Git/ApiApuestasDeportivas/vendor/laravel/framework/src/Illuminate/Database/Connectors/Connector.php(44): Illuminate/Database/Connectors/Connector->createPdoConnection('mysql:host=127....', 'forge', '', Array)
#2 C:/Users/maria/Git/ApiApuestasDeportivas/vendor/laravel/framework/src/Illuminate/Database/Connectors/MySqlConnector.php(24): Illuminate/Database/Connectors/Connector->createConnection('mysql:host=127....', Array, Array)
#3 C:/Users/maria/Git/ApiApuestasDeportivas/vendor/laravel/framework/src/Illuminate/Database/Connectors/ConnectionFactory.php(184): Illuminate/Database/Connectors/MySqlConnector->connect(Array)
#4 [internal function]: Illuminate/Database/Connectors/ConnectionFactory->{closure:Illuminate/Database/Connectors/ConnectionFactory::createPdoResolverWithHosts():179}()
#5 C:/Users/maria/Git/ApiApuestasDeportivas/vendor/laravel/framework/src/Illuminate/Database/Connection.php(1339): call_user_func(Object(Closure))
#6 C:/Users/maria/Git/ApiApuestasDeportivas/vendor/laravel/framework/src/Illuminate/Database/Connection.php(528): Illuminate/Database/Connection->getPdo()
#7 C:/Users/maria/Git/ApiApuestasDeportivas/vendor/laravel/framework/src/Illuminate/Database/Connection.php(423): Illuminate/Database/Connection->getPdoForSelect(false)
#8 C:/Users/maria/Git/ApiApuestasDeportivas/vendor/laravel/framework/src/Illuminate/Database/Connection.php(816): Illuminate/Database/Connection->{closure:Illuminate/Database/Connection::select():414}('select count(*)...', Array)
#9 C:/Users/maria/Git/ApiApuestasDeportivas/vendor/laravel/framework/src/Illuminate/Database/Connection.php(783): Illuminate/Database/Connection->runQueryCallback('select count(*)...', Array, Object(Closure))
#10 C:/Users/maria/Git/ApiApuestasDeportivas/vendor/laravel/framework/src/Illuminate/Database/Connection.php(414): Illuminate/Database/Connection->run('select count(*)...', Array, Object(Closure))
#11 C:/Users/maria/Git/ApiApuestasDeportivas/vendor/laravel/framework/src/Illuminate/Database/Query/Builder.php(2913): Illuminate/Database/Connection->select('select count(*)...', Array, false)
#12 C:/Users/maria/Git/ApiApuestasDeportivas/vendor/laravel/framework/src/Illuminate/Database/Query/Builder.php(2902): Illuminate/Database/Query/Builder->runSelect()
#13 C:/Users/maria/Git/ApiApuestasDeportivas/vendor/laravel/framework/src/Illuminate/Database/Query/Builder.php(3456): Illuminate/Database/Query/Builder->{closure:Illuminate/Database/Query/Builder::get():2901}()
#14 C:/Users/maria/Git/ApiApuestasDeportivas/vendor/laravel/framework/src/Illuminate/Database/Query/Builder.php(2901): Illuminate/Database/Query/Builder->onceWithColumns(Array, Object(Closure))
#15 C:/Users/maria/Git/ApiApuestasDeportivas/vendor/laravel/framework/src/Illuminate/Database/Query/Builder.php(3383): Illuminate/Database/Query/Builder->get(Array)
#16 C:/Users/maria/Git/ApiApuestasDeportivas/vendor/laravel/framework/src/Illuminate/Database/Query/Builder.php(3311): Illuminate/Database/Query/Builder->aggregate('count', Array)
#17 C:/Users/maria/Git/ApiApuestasDeportivas/vendor/laravel/framework/src/Illuminate/Validation/DatabasePresenceVerifier.php(54): Illuminate/Database/Query/Builder->count()
#18 C:/Users/maria/Git/ApiApuestasDeportivas/vendor/laravel/framework/src/Illuminate/Validation/Concerns/ValidatesAttributes.php(948): Illuminate/Validation/DatabasePresenceVerifier->getCount('users', 'email', 'mariapazpuerta@...', NULL, NULL, Array)
#19 C:/Users/maria/Git/ApiApuestasDeportivas/vendor/laravel/framework/src/Illuminate/Validation/Validator.php(660): Illuminate/Validation/Validator->validateUnique('email', 'mariapazpuerta@...', Array, Object(Illuminate/Validation/Validator))
#20 C:/Users/maria/Git/ApiApuestasDeportivas/vendor/laravel/framework/src/Illuminate/Validation/Validator.php(459): Illuminate/Validation/Validator->validateAttribute('email', 'Unique')
#21 C:/Users/maria/Git/ApiApuestasDeportivas/vendor/laravel/framework/src/Illuminate/Validation/Validator.php(494): Illuminate/Validation/Validator->passes()
#22 C:/Users/maria/Git/ApiApuestasDeportivas/app/Http/Controllers/AuthController.php(23): Illuminate/Validation/Validator->fails()
#23 C:/Users/maria/Git/ApiApuestasDeportivas/vendor/laravel/framework/src/Illuminate/Routing/Controller.php(54): App/Http/Controllers/AuthController->register(Object(Illuminate/Http/Request))
#24 C:/Users/maria/Git/ApiApuestasDeportivas/vendor/laravel/framework/src/Illuminate/Routing/ControllerDispatcher.php(43): Illuminate/Routing/Controller->callAction('register', Array)
#25 C:/Users/maria/Git/ApiApuestasDeportivas/vendor/laravel/framework/src/Illuminate/Routing/Route.php(259): Illuminate/Routing/ControllerDispatcher->dispatch(Object(Illuminate/Routing/Route), Object(App/Http/Controllers/AuthController), 'register')
#26 C:/Users/maria/Git/ApiApuestasDeportivas/vendor/laravel/framework/src/Illuminate/Routing/Route.php(205): Illuminate/Routing/Route->runController()
#27 C:/Users/maria/Git/ApiApuestasDeportivas/vendor/laravel/framework/src/Illuminate/Routing/Router.php(806): Illuminate/Routing/Route->run()
#28 C:/Users/maria/Git/ApiApuestasDeportivas/vendor/laravel/framework/src/Illuminate/Pipeline/Pipeline.php(144): Illuminate/Routing/Router->{closure:Illuminate/Routing/Router::runRouteWithinStack():805}(Object(Illuminate/Http/Request))
#29 C:/Users/maria/Git/ApiApuestasDeportivas/vendor/laravel/framework/src/Illuminate/Routing/Middleware/SubstituteBindings.php(50): Illuminate/Pipeline/Pipeline->{closure:Illuminate/Pipeline/Pipeline::prepareDestination():142}(Object(Illuminate/Http/Request))
#30 C:/Users/maria/Git/ApiApuestasDeportivas/vendor/laravel/framework/src/Illuminate/Pipeline/Pipeline.php(183): Illuminate/Routing/Middleware/SubstituteBindings->handle(Object(Illuminate/Http/Request), Object(Closure))
#31 C:/Users/maria/Git/ApiApuestasDeportivas/vendor/laravel/framework/src/Illuminate/Routing/Middleware/ThrottleRequests.php(159): Illuminate/Pipeline/Pipeline->{closure:{closure:Illuminate/Pipeline/Pipeline::carry():158}:159}(Object(Illuminate/Http/Request))
#32 C:/Users/maria/Git/ApiApuestasDeportivas/vendor/laravel/framework/src/Illuminate/Routing/Middleware/ThrottleRequests.php(125): Illuminate/Routing/Middleware/ThrottleRequests->handleRequest(Object(Illuminate/Http/Request), Object(Closure), Array)
#33 C:/Users/maria/Git/ApiApuestasDeportivas/vendor/laravel/framework/src/Illuminate/Routing/Middleware/ThrottleRequests.php(87): Illuminate/Routing/Middleware/ThrottleRequests->handleRequestUsingNamedLimiter(Object(Illuminate/Http/Request), Object(Closure), 'api', Object(Closure))
#34 C:/Users/maria/Git/ApiApuestasDeportivas/vendor/laravel/framework/src/Illuminate/Pipeline/Pipeline.php(183): Illuminate/Routing/Middleware/ThrottleRequests->handle(Object(Illuminate/Http/Request), Object(Closure), 'api')
#35 C:/Users/maria/Git/ApiApuestasDeportivas/vendor/laravel/framework/src/Illuminate/Pipeline/Pipeline.php(119): Illuminate/Pipeline/Pipeline->{closure:{closure:Illuminate/Pipeline/Pipeline::carry():158}:159}(Object(Illuminate/Http/Request))
#36 C:/Users/maria/Git/ApiApuestasDeportivas/vendor/laravel/framework/src/Illuminate/Routing/Router.php(805): Illuminate/Pipeline/Pipeline->then(Object(Closure))
#37 C:/Users/maria/Git/ApiApuestasDeportivas/vendor/laravel/framework/src/Illuminate/Routing/Router.php(784): Illuminate/Routing/Router->runRouteWithinStack(Object(Illuminate/Routing/Route), Object(Illuminate/Http/Request))
#38 C:/Users/maria/Git/ApiApuestasDeportivas/vendor/laravel/framework/src/Illuminate/Routing/Router.php(748): Illuminate/Routing/Router->runRoute(Object(Illuminate/Http/Request), Object(Illuminate/Routing/Route))
#39 C:/Users/maria/Git/ApiApuestasDeportivas/vendor/laravel/framework/src/Illuminate/Routing/Router.php(737): Illuminate/Routing/Router->dispatchToRoute(Object(Illuminate/Http/Request))
#40 C:/Users/maria/Git/ApiApuestasDeportivas/vendor/laravel/framework/src/Illuminate/Foundation/Http/Kernel.php(200): Illuminate/Routing/Router->dispatch(Object(Illuminate/Http/Request))
#41 C:/Users/maria/Git/ApiApuestasDeportivas/vendor/laravel/framework/src/Illuminate/Pipeline/Pipeline.php(144): Illuminate/Foundation/Http/Kernel->{closure:Illuminate/Foundation/Http/Kernel::dispatchToRouter():197}(Object(Illuminate/Http/Request))
#42 C:/Users/maria/Git/ApiApuestasDeportivas/vendor/laravel/framework/src/Illuminate/Foundation/Http/Middleware/TransformsRequest.php(21): Illuminate/Pipeline/Pipeline->{closure:Illuminate/Pipeline/Pipeline::prepareDestination():142}(Object(Illuminate/Http/Request))
#43 C:/Users/maria/Git/ApiApuestasDeportivas/vendor/laravel/framework/src/Illuminate/Foundation/Http/Middleware/ConvertEmptyStringsToNull.php(31): Illuminate/Foundation/Http/Middleware/TransformsRequest->handle(Object(Illuminate/Http/Request), Object(Closure))
#44 C:/Users/maria/Git/ApiApuestasDeportivas/vendor/laravel/framework/src/Illuminate/Pipeline/Pipeline.php(183): Illuminate/Foundation/Http/Middleware/ConvertEmptyStringsToNull->handle(Object(Illuminate/Http/Request), Object(Closure))
#45 C:/Users/maria/Git/ApiApuestasDeportivas/vendor/laravel/framework/src/Illuminate/Foundation/Http/Middleware/TransformsRequest.php(21): Illuminate/Pipeline/Pipeline->{closure:{closure:Illuminate/Pipeline/Pipeline::carry():158}:159}(Object(Illuminate/Http/Request))
#46 C:/Users/maria/Git/ApiApuestasDeportivas/vendor/laravel/framework/src/Illuminate/Foundation/Http/Middleware/TrimStrings.php(40): Illuminate/Foundation/Http/Middleware/TransformsRequest->handle(Object(Illuminate/Http/Request), Object(Closure))
#47 C:/Users/maria/Git/ApiApuestasDeportivas/vendor/laravel/framework/src/Illuminate/Pipeline/Pipeline.php(183): Illuminate/Foundation/Http/Middleware/TrimStrings->handle(Object(Illuminate/Http/Request), Object(Closure))
#48 C:/Users/maria/Git/ApiApuestasDeportivas/vendor/laravel/framework/src/Illuminate/Foundation/Http/Middleware/ValidatePostSize.php(27): Illuminate/Pipeline/Pipeline->{closure:{closure:Illuminate/Pipeline/Pipeline::carry():158}:159}(Object(Illuminate/Http/Request))
#49 C:/Users/maria/Git/ApiApuestasDeportivas/vendor/laravel/framework/src/Illuminate/Pipeline/Pipeline.php(183): Illuminate/Foundation/Http/Middleware/ValidatePostSize->handle(Object(Illuminate/Http/Request), Object(Closure))
#50 C:/Users/maria/Git/ApiApuestasDeportivas/vendor/laravel/framework/src/Illuminate/Foundation/Http/Middleware/PreventRequestsDuringMaintenance.php(99): Illuminate/Pipeline/Pipeline->{closure:{closure:Illuminate/Pipeline/Pipeline::carry():158}:159}(Object(Illuminate/Http/Request))
#51 C:/Users/maria/Git/ApiApuestasDeportivas/vendor/laravel/framework/src/Illuminate/Pipeline/Pipeline.php(183): Illuminate/Foundation/Http/Middleware/PreventRequestsDuringMaintenance->handle(Object(Illuminate/Http/Request), Object(Closure))
#52 C:/Users/maria/Git/ApiApuestasDeportivas/vendor/laravel/framework/src/Illuminate/Http/Middleware/HandleCors.php(62): Illuminate/Pipeline/Pipeline->{closure:{closure:Illuminate/Pipeline/Pipeline::carry():158}:159}(Object(Illuminate/Http/Request))
#53 C:/Users/maria/Git/ApiApuestasDeportivas/vendor/laravel/framework/src/Illuminate/Pipeline/Pipeline.php(183): Illuminate/Http/Middleware/HandleCors->handle(Object(Illuminate/Http/Request), Object(Closure))
#54 C:/Users/maria/Git/ApiApuestasDeportivas/vendor/laravel/framework/src/Illuminate/Http/Middleware/TrustProxies.php(39): Illuminate/Pipeline/Pipeline->{closure:{closure:Illuminate/Pipeline/Pipeline::carry():158}:159}(Object(Illuminate/Http/Request))
#55 C:/Users/maria/Git/ApiApuestasDeportivas/vendor/laravel/framework/src/Illuminate/Pipeline/Pipeline.php(183): Illuminate/Http/Middleware/TrustProxies->handle(Object(Illuminate/Http/Request), Object(Closure))
#56 C:/Users/maria/Git/ApiApuestasDeportivas/vendor/laravel/framework/src/Illuminate/Pipeline/Pipeline.php(119): Illuminate/Pipeline/Pipeline->{closure:{closure:Illuminate/Pipeline/Pipeline::carry():158}:159}(Object(Illuminate/Http/Request))
#57 C:/Users/maria/Git/ApiApuestasDeportivas/vendor/laravel/framework/src/Illuminate/Foundation/Http/Kernel.php(175): Illuminate/Pipeline/Pipeline->then(Object(Closure))
#58 C:/Users/maria/Git/ApiApuestasDeportivas/vendor/laravel/framework/src/Illuminate/Foundation/Http/Kernel.php(144): Illuminate/Foundation/Http/Kernel->sendRequestThroughRouter(Object(Illuminate/Http/Request))
#59 C:/Users/maria/Git/ApiApuestasDeportivas/public/index.php(51): Illuminate/Foundation/Http/Kernel->handle(Object(Illuminate/Http/Request))
#60 C:/Users/maria/Git/ApiApuestasDeportivas/vendor/laravel/framework/src/Illuminate/Foundation/resources/server.php(16): require_once('C://Users//maria//...')
#61 {main}
"} 
[2026-03-14 02:44:35] production.ERROR: SQLSTATE[HY000] [1045] Access denied for user 'forge'@'localhost' (using password: YES) (Connection: mysql, SQL: select table_name as `name`, (data_length + index_length) as `size`, table_comment as `comment`, engine as `engine`, table_collation as `collation` from information_schema.tables where table_schema = 'forge' and table_type in ('BASE TABLE', 'SYSTEM VERSIONED') order by table_name) {"exception":"[object] (Illuminate\\Database\\QueryException(code: 1045): SQLSTATE[HY000] [1045] Access denied for user 'forge'@'localhost' (using password: YES) (Connection: mysql, SQL: select table_name as `name`, (data_length + index_length) as `size`, table_comment as `comment`, engine as `engine`, table_collation as `collation` from information_schema.tables where table_schema = 'forge' and table_type in ('BASE TABLE', 'SYSTEM VERSIONED') order by table_name) at C:/Users/maria/Git/ApiApuestasDeportivas/vendor/laravel/framework/src/Illuminate/Database/Connection.php:829)
[stacktrace]
#0 C:/Users/maria/Git/ApiApuestasDeportivas/vendor/laravel/framework/src/Illuminate/Database/Connection.php(783): Illuminate/Database/Connection->runQueryCallback('select table_na...', Array, Object(Closure))
#1 C:/Users/maria/Git/ApiApuestasDeportivas/vendor/laravel/framework/src/Illuminate/Database/Connection.php(414): Illuminate/Database/Connection->run('select table_na...', Array, Object(Closure))
#2 C:/Users/maria/Git/ApiApuestasDeportivas/vendor/laravel/framework/src/Illuminate/Database/Connection.php(401): Illuminate/Database/Connection->select('select table_na...', Array, false)
#3 C:/Users/maria/Git/ApiApuestasDeportivas/vendor/laravel/framework/src/Illuminate/Database/Schema/MySqlBuilder.php(41): Illuminate/Database/Connection->selectFromWriteConnection('select table_na...')
#4 C:/Users/maria/Git/ApiApuestasDeportivas/vendor/laravel/framework/src/Illuminate/Database/Schema/Builder.php(165): Illuminate/Database/Schema/MySqlBuilder->getTables(false)
#5 C:/Users/maria/Git/ApiApuestasDeportivas/vendor/laravel/framework/src/Illuminate/Database/Migrations/DatabaseMigrationRepository.php(184): Illuminate/Database/Schema/Builder->hasTable('migrations')
#6 C:/Users/maria/Git/ApiApuestasDeportivas/vendor/laravel/framework/src/Illuminate/Database/Migrations/Migrator.php(727): Illuminate/Database/Migrations/DatabaseMigrationRepository->repositoryExists()
#7 C:/Users/maria/Git/ApiApuestasDeportivas/vendor/laravel/framework/src/Illuminate/Database/Console/Migrations/MigrateCommand.php(140): Illuminate/Database/Migrations/Migrator->repositoryExists()
#8 C:/Users/maria/Git/ApiApuestasDeportivas/vendor/laravel/framework/src/Illuminate/Support/helpers.php(261): Illuminate/Database/Console/Migrations/MigrateCommand->{closure:Illuminate/Database/Console/Migrations/MigrateCommand::repositoryExists():140}(1)
#9 C:/Users/maria/Git/ApiApuestasDeportivas/vendor/laravel/framework/src/Illuminate/Database/Console/Migrations/MigrateCommand.php(140): retry(1, Object(Closure), 0, Object(Closure))
#10 C:/Users/maria/Git/ApiApuestasDeportivas/vendor/laravel/framework/src/Illuminate/Database/Console/Migrations/MigrateCommand.php(116): Illuminate/Database/Console/Migrations/MigrateCommand->repositoryExists()
#11 C:/Users/maria/Git/ApiApuestasDeportivas/vendor/laravel/framework/src/Illuminate/Database/Console/Migrations/MigrateCommand.php(84): Illuminate/Database/Console/Migrations/MigrateCommand->prepareDatabase()
#12 C:/Users/maria/Git/ApiApuestasDeportivas/vendor/laravel/framework/src/Illuminate/Database/Migrations/Migrator.php(641): Illuminate/Database/Console/Migrations/MigrateCommand->{closure:Illuminate/Database/Console/Migrations/MigrateCommand::handle():83}()
#13 C:/Users/maria/Git/ApiApuestasDeportivas/vendor/laravel/framework/src/Illuminate/Database/Console/Migrations/MigrateCommand.php(83): Illuminate/Database/Migrations/Migrator->usingConnection(NULL, Object(Closure))
#14 C:/Users/maria/Git/ApiApuestasDeportivas/vendor/laravel/framework/src/Illuminate/Container/BoundMethod.php(36): Illuminate/Database/Console/Migrations/MigrateCommand->handle()
#15 C:/Users/maria/Git/ApiApuestasDeportivas/vendor/laravel/framework/src/Illuminate/Container/Util.php(41): Illuminate/Container/BoundMethod::{closure:Illuminate/Container/BoundMethod::call():35}()
#16 C:/Users/maria/Git/ApiApuestasDeportivas/vendor/laravel/framework/src/Illuminate/Container/BoundMethod.php(93): Illuminate/Container/Util::unwrapIfClosure(Object(Closure))
#17 C:/Users/maria/Git/ApiApuestasDeportivas/vendor/laravel/framework/src/Illuminate/Container/BoundMethod.php(35): Illuminate/Container/BoundMethod::callBoundMethod(Object(Illuminate/Foundation/Application), Array, Object(Closure))
#18 C:/Users/maria/Git/ApiApuestasDeportivas/vendor/laravel/framework/src/Illuminate/Container/Container.php(662): Illuminate/Container/BoundMethod::call(Object(Illuminate/Foundation/Application), Array, Array, NULL)
#19 C:/Users/maria/Git/ApiApuestasDeportivas/vendor/laravel/framework/src/Illuminate/Console/Command.php(211): Illuminate/Container/Container->call(Array)
#20 C:/Users/maria/Git/ApiApuestasDeportivas/vendor/symfony/console/Command/Command.php(326): Illuminate/Console/Command->execute(Object(Symfony/Component/Console/Input/ArgvInput), Object(Illuminate/Console/OutputStyle))
#21 C:/Users/maria/Git/ApiApuestasDeportivas/vendor/laravel/framework/src/Illuminate/Console/Command.php(180): Symfony/Component/Console/Command/Command->run(Object(Symfony/Component/Console/Input/ArgvInput), Object(Illuminate/Console/OutputStyle))
#22 C:/Users/maria/Git/ApiApuestasDeportivas/vendor/symfony/console/Application.php(1121): Illuminate/Console/Command->run(Object(Symfony/Component/Console/Input/ArgvInput), Object(Symfony/Component/Console/Output/ConsoleOutput))
#23 C:/Users/maria/Git/ApiApuestasDeportivas/vendor/symfony/console/Application.php(324): Symfony/Component/Console/Application->doRunCommand(Object(Illuminate/Database/Console/Migrations/MigrateCommand), Object(Symfony/Component/Console/Input/ArgvInput), Object(Symfony/Component/Console/Output/ConsoleOutput))
#24 C:/Users/maria/Git/ApiApuestasDeportivas/vendor/symfony/console/Application.php(175): Symfony/Component/Console/Application->doRun(Object(Symfony/Component/Console/Input/ArgvInput), Object(Symfony/Component/Console/Output/ConsoleOutput))
#25 C:/Users/maria/Git/ApiApuestasDeportivas/vendor/laravel/framework/src/Illuminate/Foundation/Console/Kernel.php(201): Symfony/Component/Console/Application->run(Object(Symfony/Component/Console/Input/ArgvInput), Object(Symfony/Component/Console/Output/ConsoleOutput))
#26 C:/Users/maria/Git/ApiApuestasDeportivas/artisan(35): Illuminate/Foundation/Console/Kernel->handle(Object(Symfony/Component/Console/Input/ArgvInput), Object(Symfony/Component/Console/Output/ConsoleOutput))
#27 {main}

[previous exception] [object] (PDOException(code: 1045): SQLSTATE[HY000] [1045] Access denied for user 'forge'@'localhost' (using password: YES) at C:/Users/maria/Git/ApiApuestasDeportivas/vendor/laravel/framework/src/Illuminate/Database/Connectors/Connector.php:65)
[stacktrace]
#0 C:/Users/maria/Git/ApiApuestasDeportivas/vendor/laravel/framework/src/Illuminate/Database/Connectors/Connector.php(65): PDO->__construct('mysql:host=127....', 'forge', Object(SensitiveParameterValue), Array)
#1 C:/Users/maria/Git/ApiApuestasDeportivas/vendor/laravel/framework/src/Illuminate/Database/Connectors/Connector.php(44): Illuminate/Database/Connectors/Connector->createPdoConnection('mysql:host=127....', 'forge', '', Array)
#2 C:/Users/maria/Git/ApiApuestasDeportivas/vendor/laravel/framework/src/Illuminate/Database/Connectors/MySqlConnector.php(24): Illuminate/Database/Connectors/Connector->createConnection('mysql:host=127....', Array, Array)
#3 C:/Users/maria/Git/ApiApuestasDeportivas/vendor/laravel/framework/src/Illuminate/Database/Connectors/ConnectionFactory.php(184): Illuminate/Database/Connectors/MySqlConnector->connect(Array)
#4 [internal function]: Illuminate/Database/Connectors/ConnectionFactory->{closure:Illuminate/Database/Connectors/ConnectionFactory::createPdoResolverWithHosts():179}()
#5 C:/Users/maria/Git/ApiApuestasDeportivas/vendor/laravel/framework/src/Illuminate/Database/Connection.php(1339): call_user_func(Object(Closure))
#6 C:/Users/maria/Git/ApiApuestasDeportivas/vendor/laravel/framework/src/Illuminate/Database/Connection.php(528): Illuminate/Database/Connection->getPdo()
#7 C:/Users/maria/Git/ApiApuestasDeportivas/vendor/laravel/framework/src/Illuminate/Database/Connection.php(423): Illuminate/Database/Connection->getPdoForSelect(false)
#8 C:/Users/maria/Git/ApiApuestasDeportivas/vendor/laravel/framework/src/Illuminate/Database/Connection.php(816): Illuminate/Database/Connection->{closure:Illuminate/Database/Connection::select():414}('select table_na...', Array)
#9 C:/Users/maria/Git/ApiApuestasDeportivas/vendor/laravel/framework/src/Illuminate/Database/Connection.php(783): Illuminate/Database/Connection->runQueryCallback('select table_na...', Array, Object(Closure))
#10 C:/Users/maria/Git/ApiApuestasDeportivas/vendor/laravel/framework/src/Illuminate/Database/Connection.php(414): Illuminate/Database/Connection->run('select table_na...', Array, Object(Closure))
#11 C:/Users/maria/Git/ApiApuestasDeportivas/vendor/laravel/framework/src/Illuminate/Database/Connection.php(401): Illuminate/Database/Connection->select('select table_na...', Array, false)
#12 C:/Users/maria/Git/ApiApuestasDeportivas/vendor/laravel/framework/src/Illuminate/Database/Schema/MySqlBuilder.php(41): Illuminate/Database/Connection->selectFromWriteConnection('select table_na...')
#13 C:/Users/maria/Git/ApiApuestasDeportivas/vendor/laravel/framework/src/Illuminate/Database/Schema/Builder.php(165): Illuminate/Database/Schema/MySqlBuilder->getTables(false)
#14 C:/Users/maria/Git/ApiApuestasDeportivas/vendor/laravel/framework/src/Illuminate/Database/Migrations/DatabaseMigrationRepository.php(184): Illuminate/Database/Schema/Builder->hasTable('migrations')
#15 C:/Users/maria/Git/ApiApuestasDeportivas/vendor/laravel/framework/src/Illuminate/Database/Migrations/Migrator.php(727): Illuminate/Database/Migrations/DatabaseMigrationRepository->repositoryExists()
#16 C:/Users/maria/Git/ApiApuestasDeportivas/vendor/laravel/framework/src/Illuminate/Database/Console/Migrations/MigrateCommand.php(140): Illuminate/Database/Migrations/Migrator->repositoryExists()
#17 C:/Users/maria/Git/ApiApuestasDeportivas/vendor/laravel/framework/src/Illuminate/Support/helpers.php(261): Illuminate/Database/Console/Migrations/MigrateCommand->{closure:Illuminate/Database/Console/Migrations/MigrateCommand::repositoryExists():140}(1)
#18 C:/Users/maria/Git/ApiApuestasDeportivas/vendor/laravel/framework/src/Illuminate/Database/Console/Migrations/MigrateCommand.php(140): retry(1, Object(Closure), 0, Object(Closure))
#19 C:/Users/maria/Git/ApiApuestasDeportivas/vendor/laravel/framework/src/Illuminate/Database/Console/Migrations/MigrateCommand.php(116): Illuminate/Database/Console/Migrations/MigrateCommand->repositoryExists()
#20 C:/Users/maria/Git/ApiApuestasDeportivas/vendor/laravel/framework/src/Illuminate/Database/Console/Migrations/MigrateCommand.php(84): Illuminate/Database/Console/Migrations/MigrateCommand->prepareDatabase()
#21 C:/Users/maria/Git/ApiApuestasDeportivas/vendor/laravel/framework/src/Illuminate/Database/Migrations/Migrator.php(641): Illuminate/Database/Console/Migrations/MigrateCommand->{closure:Illuminate/Database/Console/Migrations/MigrateCommand::handle():83}()
#22 C:/Users/maria/Git/ApiApuestasDeportivas/vendor/laravel/framework/src/Illuminate/Database/Console/Migrations/MigrateCommand.php(83): Illuminate/Database/Migrations/Migrator->usingConnection(NULL, Object(Closure))
#23 C:/Users/maria/Git/ApiApuestasDeportivas/vendor/laravel/framework/src/Illuminate/Container/BoundMethod.php(36): Illuminate/Database/Console/Migrations/MigrateCommand->handle()
#24 C:/Users/maria/Git/ApiApuestasDeportivas/vendor/laravel/framework/src/Illuminate/Container/Util.php(41): Illuminate/Container/BoundMethod::{closure:Illuminate/Container/BoundMethod::call():35}()
#25 C:/Users/maria/Git/ApiApuestasDeportivas/vendor/laravel/framework/src/Illuminate/Container/BoundMethod.php(93): Illuminate/Container/Util::unwrapIfClosure(Object(Closure))
#26 C:/Users/maria/Git/ApiApuestasDeportivas/vendor/laravel/framework/src/Illuminate/Container/BoundMethod.php(35): Illuminate/Container/BoundMethod::callBoundMethod(Object(Illuminate/Foundation/Application), Array, Object(Closure))
#27 C:/Users/maria/Git/ApiApuestasDeportivas/vendor/laravel/framework/src/Illuminate/Container/Container.php(662): Illuminate/Container/BoundMethod::call(Object(Illuminate/Foundation/Application), Array, Array, NULL)
#28 C:/Users/maria/Git/ApiApuestasDeportivas/vendor/laravel/framework/src/Illuminate/Console/Command.php(211): Illuminate/Container/Container->call(Array)
#29 C:/Users/maria/Git/ApiApuestasDeportivas/vendor/symfony/console/Command/Command.php(326): Illuminate/Console/Command->execute(Object(Symfony/Component/Console/Input/ArgvInput), Object(Illuminate/Console/OutputStyle))
#30 C:/Users/maria/Git/ApiApuestasDeportivas/vendor/laravel/framework/src/Illuminate/Console/Command.php(180): Symfony/Component/Console/Command/Command->run(Object(Symfony/Component/Console/Input/ArgvInput), Object(Illuminate/Console/OutputStyle))
#31 C:/Users/maria/Git/ApiApuestasDeportivas/vendor/symfony/console/Application.php(1121): Illuminate/Console/Command->run(Object(Symfony/Component/Console/Input/ArgvInput), Object(Symfony/Component/Console/Output/ConsoleOutput))
#32 C:/Users/maria/Git/ApiApuestasDeportivas/vendor/symfony/console/Application.php(324): Symfony/Component/Console/Application->doRunCommand(Object(Illuminate/Database/Console/Migrations/MigrateCommand), Object(Symfony/Component/Console/Input/ArgvInput), Object(Symfony/Component/Console/Output/ConsoleOutput))
#33 C:/Users/maria/Git/ApiApuestasDeportivas/vendor/symfony/console/Application.php(175): Symfony/Component/Console/Application->doRun(Object(Symfony/Component/Console/Input/ArgvInput), Object(Symfony/Component/Console/Output/ConsoleOutput))
#34 C:/Users/maria/Git/ApiApuestasDeportivas/vendor/laravel/framework/src/Illuminate/Foundation/Console/Kernel.php(201): Symfony/Component/Console/Application->run(Object(Symfony/Component/Console/Input/ArgvInput), Object(Symfony/Component/Console/Output/ConsoleOutput))
#35 C:/Users/maria/Git/ApiApuestasDeportivas/artisan(35): Illuminate/Foundation/Console/Kernel->handle(Object(Symfony/Component/Console/Input/ArgvInput), Object(Symfony/Component/Console/Output/ConsoleOutput))
#36 {main}
"} 
[2026-03-14 02:45:47] production.ERROR: SQLSTATE[HY000] [1045] Access denied for user 'forge'@'localhost' (using password: YES) (Connection: mysql, SQL: select table_name as `name`, (data_length + index_length) as `size`, table_comment as `comment`, engine as `engine`, table_collation as `collation` from information_schema.tables where table_schema = 'forge' and table_type in ('BASE TABLE', 'SYSTEM VERSIONED') order by table_name) {"exception":"[object] (Illuminate\\Database\\QueryException(code: 1045): SQLSTATE[HY000] [1045] Access denied for user 'forge'@'localhost' (using password: YES) (Connection: mysql, SQL: select table_name as `name`, (data_length + index_length) as `size`, table_comment as `comment`, engine as `engine`, table_collation as `collation` from information_schema.tables where table_schema = 'forge' and table_type in ('BASE TABLE', 'SYSTEM VERSIONED') order by table_name) at C:/Users/maria/Git/ApiApuestasDeportivas/vendor/laravel/framework/src/Illuminate/Database/Connection.php:829)
[stacktrace]
#0 C:/Users/maria/Git/ApiApuestasDeportivas/vendor/laravel/framework/src/Illuminate/Database/Connection.php(783): Illuminate/Database/Connection->runQueryCallback('select table_na...', Array, Object(Closure))
#1 C:/Users/maria/Git/ApiApuestasDeportivas/vendor/laravel/framework/src/Illuminate/Database/Connection.php(414): Illuminate/Database/Connection->run('select table_na...', Array, Object(Closure))
#2 C:/Users/maria/Git/ApiApuestasDeportivas/vendor/laravel/framework/src/Illuminate/Database/Connection.php(401): Illuminate/Database/Connection->select('select table_na...', Array, false)
#3 C:/Users/maria/Git/ApiApuestasDeportivas/vendor/laravel/framework/src/Illuminate/Database/Schema/MySqlBuilder.php(41): Illuminate/Database/Connection->selectFromWriteConnection('select table_na...')
#4 C:/Users/maria/Git/ApiApuestasDeportivas/vendor/laravel/framework/src/Illuminate/Database/Schema/Builder.php(165): Illuminate/Database/Schema/MySqlBuilder->getTables(false)
#5 C:/Users/maria/Git/ApiApuestasDeportivas/vendor/laravel/framework/src/Illuminate/Database/Migrations/DatabaseMigrationRepository.php(184): Illuminate/Database/Schema/Builder->hasTable('migrations')
#6 C:/Users/maria/Git/ApiApuestasDeportivas/vendor/laravel/framework/src/Illuminate/Database/Migrations/Migrator.php(727): Illuminate/Database/Migrations/DatabaseMigrationRepository->repositoryExists()
#7 C:/Users/maria/Git/ApiApuestasDeportivas/vendor/laravel/framework/src/Illuminate/Database/Console/Migrations/MigrateCommand.php(140): Illuminate/Database/Migrations/Migrator->repositoryExists()
#8 C:/Users/maria/Git/ApiApuestasDeportivas/vendor/laravel/framework/src/Illuminate/Support/helpers.php(261): Illuminate/Database/Console/Migrations/MigrateCommand->{closure:Illuminate/Database/Console/Migrations/MigrateCommand::repositoryExists():140}(1)
#9 C:/Users/maria/Git/ApiApuestasDeportivas/vendor/laravel/framework/src/Illuminate/Database/Console/Migrations/MigrateCommand.php(140): retry(1, Object(Closure), 0, Object(Closure))
#10 C:/Users/maria/Git/ApiApuestasDeportivas/vendor/laravel/framework/src/Illuminate/Database/Console/Migrations/MigrateCommand.php(116): Illuminate/Database/Console/Migrations/MigrateCommand->repositoryExists()
#11 C:/Users/maria/Git/ApiApuestasDeportivas/vendor/laravel/framework/src/Illuminate/Database/Console/Migrations/MigrateCommand.php(84): Illuminate/Database/Console/Migrations/MigrateCommand->prepareDatabase()
#12 C:/Users/maria/Git/ApiApuestasDeportivas/vendor/laravel/framework/src/Illuminate/Database/Migrations/Migrator.php(641): Illuminate/Database/Console/Migrations/MigrateCommand->{closure:Illuminate/Database/Console/Migrations/MigrateCommand::handle():83}()
#13 C:/Users/maria/Git/ApiApuestasDeportivas/vendor/laravel/framework/src/Illuminate/Database/Console/Migrations/MigrateCommand.php(83): Illuminate/Database/Migrations/Migrator->usingConnection(NULL, Object(Closure))
#14 C:/Users/maria/Git/ApiApuestasDeportivas/vendor/laravel/framework/src/Illuminate/Container/BoundMethod.php(36): Illuminate/Database/Console/Migrations/MigrateCommand->handle()
#15 C:/Users/maria/Git/ApiApuestasDeportivas/vendor/laravel/framework/src/Illuminate/Container/Util.php(41): Illuminate/Container/BoundMethod::{closure:Illuminate/Container/BoundMethod::call():35}()
#16 C:/Users/maria/Git/ApiApuestasDeportivas/vendor/laravel/framework/src/Illuminate/Container/BoundMethod.php(93): Illuminate/Container/Util::unwrapIfClosure(Object(Closure))
#17 C:/Users/maria/Git/ApiApuestasDeportivas/vendor/laravel/framework/src/Illuminate/Container/BoundMethod.php(35): Illuminate/Container/BoundMethod::callBoundMethod(Object(Illuminate/Foundation/Application), Array, Object(Closure))
#18 C:/Users/maria/Git/ApiApuestasDeportivas/vendor/laravel/framework/src/Illuminate/Container/Container.php(662): Illuminate/Container/BoundMethod::call(Object(Illuminate/Foundation/Application), Array, Array, NULL)
#19 C:/Users/maria/Git/ApiApuestasDeportivas/vendor/laravel/framework/src/Illuminate/Console/Command.php(211): Illuminate/Container/Container->call(Array)
#20 C:/Users/maria/Git/ApiApuestasDeportivas/vendor/symfony/console/Command/Command.php(326): Illuminate/Console/Command->execute(Object(Symfony/Component/Console/Input/ArgvInput), Object(Illuminate/Console/OutputStyle))
#21 C:/Users/maria/Git/ApiApuestasDeportivas/vendor/laravel/framework/src/Illuminate/Console/Command.php(180): Symfony/Component/Console/Command/Command->run(Object(Symfony/Component/Console/Input/ArgvInput), Object(Illuminate/Console/OutputStyle))
#22 C:/Users/maria/Git/ApiApuestasDeportivas/vendor/symfony/console/Application.php(1121): Illuminate/Console/Command->run(Object(Symfony/Component/Console/Input/ArgvInput), Object(Symfony/Component/Console/Output/ConsoleOutput))
#23 C:/Users/maria/Git/ApiApuestasDeportivas/vendor/symfony/console/Application.php(324): Symfony/Component/Console/Application->doRunCommand(Object(Illuminate/Database/Console/Migrations/MigrateCommand), Object(Symfony/Component/Console/Input/ArgvInput), Object(Symfony/Component/Console/Output/ConsoleOutput))
#24 C:/Users/maria/Git/ApiApuestasDeportivas/vendor/symfony/console/Application.php(175): Symfony/Component/Console/Application->doRun(Object(Symfony/Component/Console/Input/ArgvInput), Object(Symfony/Component/Console/Output/ConsoleOutput))
#25 C:/Users/maria/Git/ApiApuestasDeportivas/vendor/laravel/framework/src/Illuminate/Foundation/Console/Kernel.php(201): Symfony/Component/Console/Application->run(Object(Symfony/Component/Console/Input/ArgvInput), Object(Symfony/Component/Console/Output/ConsoleOutput))
#26 C:/Users/maria/Git/ApiApuestasDeportivas/artisan(35): Illuminate/Foundation/Console/Kernel->handle(Object(Symfony/Component/Console/Input/ArgvInput), Object(Symfony/Component/Console/Output/ConsoleOutput))
#27 {main}

[previous exception] [object] (PDOException(code: 1045): SQLSTATE[HY000] [1045] Access denied for user 'forge'@'localhost' (using password: YES) at C:/Users/maria/Git/ApiApuestasDeportivas/vendor/laravel/framework/src/Illuminate/Database/Connectors/Connector.php:65)
[stacktrace]
#0 C:/Users/maria/Git/ApiApuestasDeportivas/vendor/laravel/framework/src/Illuminate/Database/Connectors/Connector.php(65): PDO->__construct('mysql:host=127....', 'forge', Object(SensitiveParameterValue), Array)
#1 C:/Users/maria/Git/ApiApuestasDeportivas/vendor/laravel/framework/src/Illuminate/Database/Connectors/Connector.php(44): Illuminate/Database/Connectors/Connector->createPdoConnection('mysql:host=127....', 'forge', '', Array)
#2 C:/Users/maria/Git/ApiApuestasDeportivas/vendor/laravel/framework/src/Illuminate/Database/Connectors/MySqlConnector.php(24): Illuminate/Database/Connectors/Connector->createConnection('mysql:host=127....', Array, Array)
#3 C:/Users/maria/Git/ApiApuestasDeportivas/vendor/laravel/framework/src/Illuminate/Database/Connectors/ConnectionFactory.php(184): Illuminate/Database/Connectors/MySqlConnector->connect(Array)
#4 [internal function]: Illuminate/Database/Connectors/ConnectionFactory->{closure:Illuminate/Database/Connectors/ConnectionFactory::createPdoResolverWithHosts():179}()
#5 C:/Users/maria/Git/ApiApuestasDeportivas/vendor/laravel/framework/src/Illuminate/Database/Connection.php(1339): call_user_func(Object(Closure))
#6 C:/Users/maria/Git/ApiApuestasDeportivas/vendor/laravel/framework/src/Illuminate/Database/Connection.php(528): Illuminate/Database/Connection->getPdo()
#7 C:/Users/maria/Git/ApiApuestasDeportivas/vendor/laravel/framework/src/Illuminate/Database/Connection.php(423): Illuminate/Database/Connection->getPdoForSelect(false)
#8 C:/Users/maria/Git/ApiApuestasDeportivas/vendor/laravel/framework/src/Illuminate/Database/Connection.php(816): Illuminate/Database/Connection->{closure:Illuminate/Database/Connection::select():414}('select table_na...', Array)
#9 C:/Users/maria/Git/ApiApuestasDeportivas/vendor/laravel/framework/src/Illuminate/Database/Connection.php(783): Illuminate/Database/Connection->runQueryCallback('select table_na...', Array, Object(Closure))
#10 C:/Users/maria/Git/ApiApuestasDeportivas/vendor/laravel/framework/src/Illuminate/Database/Connection.php(414): Illuminate/Database/Connection->run('select table_na...', Array, Object(Closure))
#11 C:/Users/maria/Git/ApiApuestasDeportivas/vendor/laravel/framework/src/Illuminate/Database/Connection.php(401): Illuminate/Database/Connection->select('select table_na...', Array, false)
#12 C:/Users/maria/Git/ApiApuestasDeportivas/vendor/laravel/framework/src/Illuminate/Database/Schema/MySqlBuilder.php(41): Illuminate/Database/Connection->selectFromWriteConnection('select table_na...')
#13 C:/Users/maria/Git/ApiApuestasDeportivas/vendor/laravel/framework/src/Illuminate/Database/Schema/Builder.php(165): Illuminate/Database/Schema/MySqlBuilder->getTables(false)
#14 C:/Users/maria/Git/ApiApuestasDeportivas/vendor/laravel/framework/src/Illuminate/Database/Migrations/DatabaseMigrationRepository.php(184): Illuminate/Database/Schema/Builder->hasTable('migrations')
#15 C:/Users/maria/Git/ApiApuestasDeportivas/vendor/laravel/framework/src/Illuminate/Database/Migrations/Migrator.php(727): Illuminate/Database/Migrations/DatabaseMigrationRepository->repositoryExists()
#16 C:/Users/maria/Git/ApiApuestasDeportivas/vendor/laravel/framework/src/Illuminate/Database/Console/Migrations/MigrateCommand.php(140): Illuminate/Database/Migrations/Migrator->repositoryExists()
#17 C:/Users/maria/Git/ApiApuestasDeportivas/vendor/laravel/framework/src/Illuminate/Support/helpers.php(261): Illuminate/Database/Console/Migrations/MigrateCommand->{closure:Illuminate/Database/Console/Migrations/MigrateCommand::repositoryExists():140}(1)
#18 C:/Users/maria/Git/ApiApuestasDeportivas/vendor/laravel/framework/src/Illuminate/Database/Console/Migrations/MigrateCommand.php(140): retry(1, Object(Closure), 0, Object(Closure))
#19 C:/Users/maria/Git/ApiApuestasDeportivas/vendor/laravel/framework/src/Illuminate/Database/Console/Migrations/MigrateCommand.php(116): Illuminate/Database/Console/Migrations/MigrateCommand->repositoryExists()
#20 C:/Users/maria/Git/ApiApuestasDeportivas/vendor/laravel/framework/src/Illuminate/Database/Console/Migrations/MigrateCommand.php(84): Illuminate/Database/Console/Migrations/MigrateCommand->prepareDatabase()
#21 C:/Users/maria/Git/ApiApuestasDeportivas/vendor/laravel/framework/src/Illuminate/Database/Migrations/Migrator.php(641): Illuminate/Database/Console/Migrations/MigrateCommand->{closure:Illuminate/Database/Console/Migrations/MigrateCommand::handle():83}()
#22 C:/Users/maria/Git/ApiApuestasDeportivas/vendor/laravel/framework/src/Illuminate/Database/Console/Migrations/MigrateCommand.php(83): Illuminate/Database/Migrations/Migrator->usingConnection(NULL, Object(Closure))
#23 C:/Users/maria/Git/ApiApuestasDeportivas/vendor/laravel/framework/src/Illuminate/Container/BoundMethod.php(36): Illuminate/Database/Console/Migrations/MigrateCommand->handle()
#24 C:/Users/maria/Git/ApiApuestasDeportivas/vendor/laravel/framework/src/Illuminate/Container/Util.php(41): Illuminate/Container/BoundMethod::{closure:Illuminate/Container/BoundMethod::call():35}()
#25 C:/Users/maria/Git/ApiApuestasDeportivas/vendor/laravel/framework/src/Illuminate/Container/BoundMethod.php(93): Illuminate/Container/Util::unwrapIfClosure(Object(Closure))
#26 C:/Users/maria/Git/ApiApuestasDeportivas/vendor/laravel/framework/src/Illuminate/Container/BoundMethod.php(35): Illuminate/Container/BoundMethod::callBoundMethod(Object(Illuminate/Foundation/Application), Array, Object(Closure))
#27 C:/Users/maria/Git/ApiApuestasDeportivas/vendor/laravel/framework/src/Illuminate/Container/Container.php(662): Illuminate/Container/BoundMethod::call(Object(Illuminate/Foundation/Application), Array, Array, NULL)
#28 C:/Users/maria/Git/ApiApuestasDeportivas/vendor/laravel/framework/src/Illuminate/Console/Command.php(211): Illuminate/Container/Container->call(Array)
#29 C:/Users/maria/Git/ApiApuestasDeportivas/vendor/symfony/console/Command/Command.php(326): Illuminate/Console/Command->execute(Object(Symfony/Component/Console/Input/ArgvInput), Object(Illuminate/Console/OutputStyle))
#30 C:/Users/maria/Git/ApiApuestasDeportivas/vendor/laravel/framework/src/Illuminate/Console/Command.php(180): Symfony/Component/Console/Command/Command->run(Object(Symfony/Component/Console/Input/ArgvInput), Object(Illuminate/Console/OutputStyle))
#31 C:/Users/maria/Git/ApiApuestasDeportivas/vendor/symfony/console/Application.php(1121): Illuminate/Console/Command->run(Object(Symfony/Component/Console/Input/ArgvInput), Object(Symfony/Component/Console/Output/ConsoleOutput))
#32 C:/Users/maria/Git/ApiApuestasDeportivas/vendor/symfony/console/Application.php(324): Symfony/Component/Console/Application->doRunCommand(Object(Illuminate/Database/Console/Migrations/MigrateCommand), Object(Symfony/Component/Console/Input/ArgvInput), Object(Symfony/Component/Console/Output/ConsoleOutput))
#33 C:/Users/maria/Git/ApiApuestasDeportivas/vendor/symfony/console/Application.php(175): Symfony/Component/Console/Application->doRun(Object(Symfony/Component/Console/Input/ArgvInput), Object(Symfony/Component/Console/Output/ConsoleOutput))
#34 C:/Users/maria/Git/ApiApuestasDeportivas/vendor/laravel/framework/src/Illuminate/Foundation/Console/Kernel.php(201): Symfony/Component/Console/Application->run(Object(Symfony/Component/Console/Input/ArgvInput), Object(Symfony/Component/Console/Output/ConsoleOutput))
#35 C:/Users/maria/Git/ApiApuestasDeportivas/artisan(35): Illuminate/Foundation/Console/Kernel->handle(Object(Symfony/Component/Console/Input/ArgvInput), Object(Symfony/Component/Console/Output/ConsoleOutput))
#36 {main}
"} 
[2026-03-14 02:48:05] local.ERROR: SQLSTATE[42S22]: Column not found: 1054 Unknown column 'role' in 'field list' (Connection: mysql, SQL: insert into `users` (`name`, `email`, `password`, `role`, `updated_at`, `created_at`) values (Maria Paz Puerta, mariapazpuerta@gmail.com, $2y$10$d1g0VSZCA0Npzja/hAxEnOpBlG3AVrppcTGsB61j1SOHhQInZn9S., usuario, 2026-03-14 02:48:05, 2026-03-14 02:48:05)) {"exception":"[object] (Illuminate\\Database\\QueryException(code: 42S22): SQLSTATE[42S22]: Column not found: 1054 Unknown column 'role' in 'field list' (Connection: mysql, SQL: insert into `users` (`name`, `email`, `password`, `role`, `updated_at`, `created_at`) values (Maria Paz Puerta, mariapazpuerta@gmail.com, $2y$10$d1g0VSZCA0Npzja/hAxEnOpBlG3AVrppcTGsB61j1SOHhQInZn9S., usuario, 2026-03-14 02:48:05, 2026-03-14 02:48:05)) at C:/Users/maria/Git/ApiApuestasDeportivas/vendor/laravel/framework/src/Illuminate/Database/Connection.php:829)
[stacktrace]
#0 C:/Users/maria/Git/ApiApuestasDeportivas/vendor/laravel/framework/src/Illuminate/Database/Connection.php(783): Illuminate/Database/Connection->runQueryCallback('insert into `us...', Array, Object(Closure))
#1 C:/Users/maria/Git/ApiApuestasDeportivas/vendor/laravel/framework/src/Illuminate/Database/MySqlConnection.php(34): Illuminate/Database/Connection->run('insert into `us...', Array, Object(Closure))
#2 C:/Users/maria/Git/ApiApuestasDeportivas/vendor/laravel/framework/src/Illuminate/Database/Query/Processors/MySqlProcessor.php(35): Illuminate/Database/MySqlConnection->insert('insert into `us...', Array, 'id')
#3 C:/Users/maria/Git/ApiApuestasDeportivas/vendor/laravel/framework/src/Illuminate/Database/Query/Builder.php(3549): Illuminate/Database/Query/Processors/MySqlProcessor->processInsertGetId(Object(Illuminate/Database/Query/Builder), 'insert into `us...', Array, 'id')
#4 C:/Users/maria/Git/ApiApuestasDeportivas/vendor/laravel/framework/src/Illuminate/Database/Eloquent/Builder.php(1982): Illuminate/Database/Query/Builder->insertGetId(Array, 'id')
#5 C:/Users/maria/Git/ApiApuestasDeportivas/vendor/laravel/framework/src/Illuminate/Database/Eloquent/Model.php(1334): Illuminate/Database/Eloquent/Builder->__call('insertGetId', Array)
#6 C:/Users/maria/Git/ApiApuestasDeportivas/vendor/laravel/framework/src/Illuminate/Database/Eloquent/Model.php(1299): Illuminate/Database/Eloquent/Model->insertAndSetId(Object(Illuminate/Database/Eloquent/Builder), Array)
#7 C:/Users/maria/Git/ApiApuestasDeportivas/vendor/laravel/framework/src/Illuminate/Database/Eloquent/Model.php(1138): Illuminate/Database/Eloquent/Model->performInsert(Object(Illuminate/Database/Eloquent/Builder))
#8 C:/Users/maria/Git/ApiApuestasDeportivas/vendor/laravel/framework/src/Illuminate/Database/Eloquent/Builder.php(1025): Illuminate/Database/Eloquent/Model->save()
#9 C:/Users/maria/Git/ApiApuestasDeportivas/vendor/laravel/framework/src/Illuminate/Support/helpers.php(320): Illuminate/Database/Eloquent/Builder->{closure:Illuminate/Database/Eloquent/Builder::create():1024}(Object(App/Models/User))
#10 C:/Users/maria/Git/ApiApuestasDeportivas/vendor/laravel/framework/src/Illuminate/Database/Eloquent/Builder.php(1024): tap(Object(App/Models/User), Object(Closure))
#11 C:/Users/maria/Git/ApiApuestasDeportivas/vendor/laravel/framework/src/Illuminate/Support/Traits/ForwardsCalls.php(23): Illuminate/Database/Eloquent/Builder->create(Array)
#12 C:/Users/maria/Git/ApiApuestasDeportivas/vendor/laravel/framework/src/Illuminate/Database/Eloquent/Model.php(2335): Illuminate/Database/Eloquent/Model->forwardCallTo(Object(Illuminate/Database/Eloquent/Builder), 'create', Array)
#13 C:/Users/maria/Git/ApiApuestasDeportivas/vendor/laravel/framework/src/Illuminate/Database/Eloquent/Model.php(2347): Illuminate/Database/Eloquent/Model->__call('create', Array)
#14 C:/Users/maria/Git/ApiApuestasDeportivas/app/Http/Controllers/AuthController.php(29): Illuminate/Database/Eloquent/Model::__callStatic('create', Array)
#15 C:/Users/maria/Git/ApiApuestasDeportivas/vendor/laravel/framework/src/Illuminate/Routing/Controller.php(54): App/Http/Controllers/AuthController->register(Object(Illuminate/Http/Request))
#16 C:/Users/maria/Git/ApiApuestasDeportivas/vendor/laravel/framework/src/Illuminate/Routing/ControllerDispatcher.php(43): Illuminate/Routing/Controller->callAction('register', Array)
#17 C:/Users/maria/Git/ApiApuestasDeportivas/vendor/laravel/framework/src/Illuminate/Routing/Route.php(259): Illuminate/Routing/ControllerDispatcher->dispatch(Object(Illuminate/Routing/Route), Object(App/Http/Controllers/AuthController), 'register')
#18 C:/Users/maria/Git/ApiApuestasDeportivas/vendor/laravel/framework/src/Illuminate/Routing/Route.php(205): Illuminate/Routing/Route->runController()
#19 C:/Users/maria/Git/ApiApuestasDeportivas/vendor/laravel/framework/src/Illuminate/Routing/Router.php(806): Illuminate/Routing/Route->run()
#20 C:/Users/maria/Git/ApiApuestasDeportivas/vendor/laravel/framework/src/Illuminate/Pipeline/Pipeline.php(144): Illuminate/Routing/Router->{closure:Illuminate/Routing/Router::runRouteWithinStack():805}(Object(Illuminate/Http/Request))
#21 C:/Users/maria/Git/ApiApuestasDeportivas/vendor/laravel/framework/src/Illuminate/Routing/Middleware/SubstituteBindings.php(50): Illuminate/Pipeline/Pipeline->{closure:Illuminate/Pipeline/Pipeline::prepareDestination():142}(Object(Illuminate/Http/Request))
#22 C:/Users/maria/Git/ApiApuestasDeportivas/vendor/laravel/framework/src/Illuminate/Pipeline/Pipeline.php(183): Illuminate/Routing/Middleware/SubstituteBindings->handle(Object(Illuminate/Http/Request), Object(Closure))
#23 C:/Users/maria/Git/ApiApuestasDeportivas/vendor/laravel/framework/src/Illuminate/Routing/Middleware/ThrottleRequests.php(159): Illuminate/Pipeline/Pipeline->{closure:{closure:Illuminate/Pipeline/Pipeline::carry():158}:159}(Object(Illuminate/Http/Request))
#24 C:/Users/maria/Git/ApiApuestasDeportivas/vendor/laravel/framework/src/Illuminate/Routing/Middleware/ThrottleRequests.php(125): Illuminate/Routing/Middleware/ThrottleRequests->handleRequest(Object(Illuminate/Http/Request), Object(Closure), Array)
#25 C:/Users/maria/Git/ApiApuestasDeportivas/vendor/laravel/framework/src/Illuminate/Routing/Middleware/ThrottleRequests.php(87): Illuminate/Routing/Middleware/ThrottleRequests->handleRequestUsingNamedLimiter(Object(Illuminate/Http/Request), Object(Closure), 'api', Object(Closure))
#26 C:/Users/maria/Git/ApiApuestasDeportivas/vendor/laravel/framework/src/Illuminate/Pipeline/Pipeline.php(183): Illuminate/Routing/Middleware/ThrottleRequests->handle(Object(Illuminate/Http/Request), Object(Closure), 'api')
#27 C:/Users/maria/Git/ApiApuestasDeportivas/vendor/laravel/framework/src/Illuminate/Pipeline/Pipeline.php(119): Illuminate/Pipeline/Pipeline->{closure:{closure:Illuminate/Pipeline/Pipeline::carry():158}:159}(Object(Illuminate/Http/Request))
#28 C:/Users/maria/Git/ApiApuestasDeportivas/vendor/laravel/framework/src/Illuminate/Routing/Router.php(805): Illuminate/Pipeline/Pipeline->then(Object(Closure))
#29 C:/Users/maria/Git/ApiApuestasDeportivas/vendor/laravel/framework/src/Illuminate/Routing/Router.php(784): Illuminate/Routing/Router->runRouteWithinStack(Object(Illuminate/Routing/Route), Object(Illuminate/Http/Request))
#30 C:/Users/maria/Git/ApiApuestasDeportivas/vendor/laravel/framework/src/Illuminate/Routing/Router.php(748): Illuminate/Routing/Router->runRoute(Object(Illuminate/Http/Request), Object(Illuminate/Routing/Route))
#31 C:/Users/maria/Git/ApiApuestasDeportivas/vendor/laravel/framework/src/Illuminate/Routing/Router.php(737): Illuminate/Routing/Router->dispatchToRoute(Object(Illuminate/Http/Request))
#32 C:/Users/maria/Git/ApiApuestasDeportivas/vendor/laravel/framework/src/Illuminate/Foundation/Http/Kernel.php(200): Illuminate/Routing/Router->dispatch(Object(Illuminate/Http/Request))
#33 C:/Users/maria/Git/ApiApuestasDeportivas/vendor/laravel/framework/src/Illuminate/Pipeline/Pipeline.php(144): Illuminate/Foundation/Http/Kernel->{closure:Illuminate/Foundation/Http/Kernel::dispatchToRouter():197}(Object(Illuminate/Http/Request))
#34 C:/Users/maria/Git/ApiApuestasDeportivas/vendor/laravel/framework/src/Illuminate/Foundation/Http/Middleware/TransformsRequest.php(21): Illuminate/Pipeline/Pipeline->{closure:Illuminate/Pipeline/Pipeline::prepareDestination():142}(Object(Illuminate/Http/Request))
#35 C:/Users/maria/Git/ApiApuestasDeportivas/vendor/laravel/framework/src/Illuminate/Foundation/Http/Middleware/ConvertEmptyStringsToNull.php(31): Illuminate/Foundation/Http/Middleware/TransformsRequest->handle(Object(Illuminate/Http/Request), Object(Closure))
#36 C:/Users/maria/Git/ApiApuestasDeportivas/vendor/laravel/framework/src/Illuminate/Pipeline/Pipeline.php(183): Illuminate/Foundation/Http/Middleware/ConvertEmptyStringsToNull->handle(Object(Illuminate/Http/Request), Object(Closure))
#37 C:/Users/maria/Git/ApiApuestasDeportivas/vendor/laravel/framework/src/Illuminate/Foundation/Http/Middleware/TransformsRequest.php(21): Illuminate/Pipeline/Pipeline->{closure:{closure:Illuminate/Pipeline/Pipeline::carry():158}:159}(Object(Illuminate/Http/Request))
#38 C:/Users/maria/Git/ApiApuestasDeportivas/vendor/laravel/framework/src/Illuminate/Foundation/Http/Middleware/TrimStrings.php(40): Illuminate/Foundation/Http/Middleware/TransformsRequest->handle(Object(Illuminate/Http/Request), Object(Closure))
#39 C:/Users/maria/Git/ApiApuestasDeportivas/vendor/laravel/framework/src/Illuminate/Pipeline/Pipeline.php(183): Illuminate/Foundation/Http/Middleware/TrimStrings->handle(Object(Illuminate/Http/Request), Object(Closure))
#40 C:/Users/maria/Git/ApiApuestasDeportivas/vendor/laravel/framework/src/Illuminate/Foundation/Http/Middleware/ValidatePostSize.php(27): Illuminate/Pipeline/Pipeline->{closure:{closure:Illuminate/Pipeline/Pipeline::carry():158}:159}(Object(Illuminate/Http/Request))
#41 C:/Users/maria/Git/ApiApuestasDeportivas/vendor/laravel/framework/src/Illuminate/Pipeline/Pipeline.php(183): Illuminate/Foundation/Http/Middleware/ValidatePostSize->handle(Object(Illuminate/Http/Request), Object(Closure))
#42 C:/Users/maria/Git/ApiApuestasDeportivas/vendor/laravel/framework/src/Illuminate/Foundation/Http/Middleware/PreventRequestsDuringMaintenance.php(99): Illuminate/Pipeline/Pipeline->{closure:{closure:Illuminate/Pipeline/Pipeline::carry():158}:159}(Object(Illuminate/Http/Request))
#43 C:/Users/maria/Git/ApiApuestasDeportivas/vendor/laravel/framework/src/Illuminate/Pipeline/Pipeline.php(183): Illuminate/Foundation/Http/Middleware/PreventRequestsDuringMaintenance->handle(Object(Illuminate/Http/Request), Object(Closure))
#44 C:/Users/maria/Git/ApiApuestasDeportivas/vendor/laravel/framework/src/Illuminate/Http/Middleware/HandleCors.php(62): Illuminate/Pipeline/Pipeline->{closure:{closure:Illuminate/Pipeline/Pipeline::carry():158}:159}(Object(Illuminate/Http/Request))
#45 C:/Users/maria/Git/ApiApuestasDeportivas/vendor/laravel/framework/src/Illuminate/Pipeline/Pipeline.php(183): Illuminate/Http/Middleware/HandleCors->handle(Object(Illuminate/Http/Request), Object(Closure))
#46 C:/Users/maria/Git/ApiApuestasDeportivas/vendor/laravel/framework/src/Illuminate/Http/Middleware/TrustProxies.php(39): Illuminate/Pipeline/Pipeline->{closure:{closure:Illuminate/Pipeline/Pipeline::carry():158}:159}(Object(Illuminate/Http/Request))
#47 C:/Users/maria/Git/ApiApuestasDeportivas/vendor/laravel/framework/src/Illuminate/Pipeline/Pipeline.php(183): Illuminate/Http/Middleware/TrustProxies->handle(Object(Illuminate/Http/Request), Object(Closure))
#48 C:/Users/maria/Git/ApiApuestasDeportivas/vendor/laravel/framework/src/Illuminate/Pipeline/Pipeline.php(119): Illuminate/Pipeline/Pipeline->{closure:{closure:Illuminate/Pipeline/Pipeline::carry():158}:159}(Object(Illuminate/Http/Request))
#49 C:/Users/maria/Git/ApiApuestasDeportivas/vendor/laravel/framework/src/Illuminate/Foundation/Http/Kernel.php(175): Illuminate/Pipeline/Pipeline->then(Object(Closure))
#50 C:/Users/maria/Git/ApiApuestasDeportivas/vendor/laravel/framework/src/Illuminate/Foundation/Http/Kernel.php(144): Illuminate/Foundation/Http/Kernel->sendRequestThroughRouter(Object(Illuminate/Http/Request))
#51 C:/Users/maria/Git/ApiApuestasDeportivas/public/index.php(51): Illuminate/Foundation/Http/Kernel->handle(Object(Illuminate/Http/Request))
#52 C:/Users/maria/Git/ApiApuestasDeportivas/vendor/laravel/framework/src/Illuminate/Foundation/resources/server.php(16): require_once('C://Users//maria//...')
#53 {main}

[previous exception] [object] (PDOException(code: 42S22): SQLSTATE[42S22]: Column not found: 1054 Unknown column 'role' in 'field list' at C:/Users/maria/Git/ApiApuestasDeportivas/vendor/laravel/framework/src/Illuminate/Database/MySqlConnection.php:39)
[stacktrace]
#0 C:/Users/maria/Git/ApiApuestasDeportivas/vendor/laravel/framework/src/Illuminate/Database/MySqlConnection.php(39): PDO->prepare('insert into `us...')
#1 C:/Users/maria/Git/ApiApuestasDeportivas/vendor/laravel/framework/src/Illuminate/Database/Connection.php(816): Illuminate/Database/MySqlConnection->{closure:Illuminate/Database/MySqlConnection::insert():34}('insert into `us...', Array)
#2 C:/Users/maria/Git/ApiApuestasDeportivas/vendor/laravel/framework/src/Illuminate/Database/Connection.php(783): Illuminate/Database/Connection->runQueryCallback('insert into `us...', Array, Object(Closure))
#3 C:/Users/maria/Git/ApiApuestasDeportivas/vendor/laravel/framework/src/Illuminate/Database/MySqlConnection.php(34): Illuminate/Database/Connection->run('insert into `us...', Array, Object(Closure))
#4 C:/Users/maria/Git/ApiApuestasDeportivas/vendor/laravel/framework/src/Illuminate/Database/Query/Processors/MySqlProcessor.php(35): Illuminate/Database/MySqlConnection->insert('insert into `us...', Array, 'id')
#5 C:/Users/maria/Git/ApiApuestasDeportivas/vendor/laravel/framework/src/Illuminate/Database/Query/Builder.php(3549): Illuminate/Database/Query/Processors/MySqlProcessor->processInsertGetId(Object(Illuminate/Database/Query/Builder), 'insert into `us...', Array, 'id')
#6 C:/Users/maria/Git/ApiApuestasDeportivas/vendor/laravel/framework/src/Illuminate/Database/Eloquent/Builder.php(1982): Illuminate/Database/Query/Builder->insertGetId(Array, 'id')
#7 C:/Users/maria/Git/ApiApuestasDeportivas/vendor/laravel/framework/src/Illuminate/Database/Eloquent/Model.php(1334): Illuminate/Database/Eloquent/Builder->__call('insertGetId', Array)
#8 C:/Users/maria/Git/ApiApuestasDeportivas/vendor/laravel/framework/src/Illuminate/Database/Eloquent/Model.php(1299): Illuminate/Database/Eloquent/Model->insertAndSetId(Object(Illuminate/Database/Eloquent/Builder), Array)
#9 C:/Users/maria/Git/ApiApuestasDeportivas/vendor/laravel/framework/src/Illuminate/Database/Eloquent/Model.php(1138): Illuminate/Database/Eloquent/Model->performInsert(Object(Illuminate/Database/Eloquent/Builder))
#10 C:/Users/maria/Git/ApiApuestasDeportivas/vendor/laravel/framework/src/Illuminate/Database/Eloquent/Builder.php(1025): Illuminate/Database/Eloquent/Model->save()
#11 C:/Users/maria/Git/ApiApuestasDeportivas/vendor/laravel/framework/src/Illuminate/Support/helpers.php(320): Illuminate/Database/Eloquent/Builder->{closure:Illuminate/Database/Eloquent/Builder::create():1024}(Object(App/Models/User))
#12 C:/Users/maria/Git/ApiApuestasDeportivas/vendor/laravel/framework/src/Illuminate/Database/Eloquent/Builder.php(1024): tap(Object(App/Models/User), Object(Closure))
#13 C:/Users/maria/Git/ApiApuestasDeportivas/vendor/laravel/framework/src/Illuminate/Support/Traits/ForwardsCalls.php(23): Illuminate/Database/Eloquent/Builder->create(Array)
#14 C:/Users/maria/Git/ApiApuestasDeportivas/vendor/laravel/framework/src/Illuminate/Database/Eloquent/Model.php(2335): Illuminate/Database/Eloquent/Model->forwardCallTo(Object(Illuminate/Database/Eloquent/Builder), 'create', Array)
#15 C:/Users/maria/Git/ApiApuestasDeportivas/vendor/laravel/framework/src/Illuminate/Database/Eloquent/Model.php(2347): Illuminate/Database/Eloquent/Model->__call('create', Array)
#16 C:/Users/maria/Git/ApiApuestasDeportivas/app/Http/Controllers/AuthController.php(29): Illuminate/Database/Eloquent/Model::__callStatic('create', Array)
#17 C:/Users/maria/Git/ApiApuestasDeportivas/vendor/laravel/framework/src/Illuminate/Routing/Controller.php(54): App/Http/Controllers/AuthController->register(Object(Illuminate/Http/Request))
#18 C:/Users/maria/Git/ApiApuestasDeportivas/vendor/laravel/framework/src/Illuminate/Routing/ControllerDispatcher.php(43): Illuminate/Routing/Controller->callAction('register', Array)
#19 C:/Users/maria/Git/ApiApuestasDeportivas/vendor/laravel/framework/src/Illuminate/Routing/Route.php(259): Illuminate/Routing/ControllerDispatcher->dispatch(Object(Illuminate/Routing/Route), Object(App/Http/Controllers/AuthController), 'register')
#20 C:/Users/maria/Git/ApiApuestasDeportivas/vendor/laravel/framework/src/Illuminate/Routing/Route.php(205): Illuminate/Routing/Route->runController()
#21 C:/Users/maria/Git/ApiApuestasDeportivas/vendor/laravel/framework/src/Illuminate/Routing/Router.php(806): Illuminate/Routing/Route->run()
#22 C:/Users/maria/Git/ApiApuestasDeportivas/vendor/laravel/framework/src/Illuminate/Pipeline/Pipeline.php(144): Illuminate/Routing/Router->{closure:Illuminate/Routing/Router::runRouteWithinStack():805}(Object(Illuminate/Http/Request))
#23 C:/Users/maria/Git/ApiApuestasDeportivas/vendor/laravel/framework/src/Illuminate/Routing/Middleware/SubstituteBindings.php(50): Illuminate/Pipeline/Pipeline->{closure:Illuminate/Pipeline/Pipeline::prepareDestination():142}(Object(Illuminate/Http/Request))
#24 C:/Users/maria/Git/ApiApuestasDeportivas/vendor/laravel/framework/src/Illuminate/Pipeline/Pipeline.php(183): Illuminate/Routing/Middleware/SubstituteBindings->handle(Object(Illuminate/Http/Request), Object(Closure))
#25 C:/Users/maria/Git/ApiApuestasDeportivas/vendor/laravel/framework/src/Illuminate/Routing/Middleware/ThrottleRequests.php(159): Illuminate/Pipeline/Pipeline->{closure:{closure:Illuminate/Pipeline/Pipeline::carry():158}:159}(Object(Illuminate/Http/Request))
#26 C:/Users/maria/Git/ApiApuestasDeportivas/vendor/laravel/framework/src/Illuminate/Routing/Middleware/ThrottleRequests.php(125): Illuminate/Routing/Middleware/ThrottleRequests->handleRequest(Object(Illuminate/Http/Request), Object(Closure), Array)
#27 C:/Users/maria/Git/ApiApuestasDeportivas/vendor/laravel/framework/src/Illuminate/Routing/Middleware/ThrottleRequests.php(87): Illuminate/Routing/Middleware/ThrottleRequests->handleRequestUsingNamedLimiter(Object(Illuminate/Http/Request), Object(Closure), 'api', Object(Closure))
#28 C:/Users/maria/Git/ApiApuestasDeportivas/vendor/laravel/framework/src/Illuminate/Pipeline/Pipeline.php(183): Illuminate/Routing/Middleware/ThrottleRequests->handle(Object(Illuminate/Http/Request), Object(Closure), 'api')
#29 C:/Users/maria/Git/ApiApuestasDeportivas/vendor/laravel/framework/src/Illuminate/Pipeline/Pipeline.php(119): Illuminate/Pipeline/Pipeline->{closure:{closure:Illuminate/Pipeline/Pipeline::carry():158}:159}(Object(Illuminate/Http/Request))
#30 C:/Users/maria/Git/ApiApuestasDeportivas/vendor/laravel/framework/src/Illuminate/Routing/Router.php(805): Illuminate/Pipeline/Pipeline->then(Object(Closure))
#31 C:/Users/maria/Git/ApiApuestasDeportivas/vendor/laravel/framework/src/Illuminate/Routing/Router.php(784): Illuminate/Routing/Router->runRouteWithinStack(Object(Illuminate/Routing/Route), Object(Illuminate/Http/Request))
#32 C:/Users/maria/Git/ApiApuestasDeportivas/vendor/laravel/framework/src/Illuminate/Routing/Router.php(748): Illuminate/Routing/Router->runRoute(Object(Illuminate/Http/Request), Object(Illuminate/Routing/Route))
#33 C:/Users/maria/Git/ApiApuestasDeportivas/vendor/laravel/framework/src/Illuminate/Routing/Router.php(737): Illuminate/Routing/Router->dispatchToRoute(Object(Illuminate/Http/Request))
#34 C:/Users/maria/Git/ApiApuestasDeportivas/vendor/laravel/framework/src/Illuminate/Foundation/Http/Kernel.php(200): Illuminate/Routing/Router->dispatch(Object(Illuminate/Http/Request))
#35 C:/Users/maria/Git/ApiApuestasDeportivas/vendor/laravel/framework/src/Illuminate/Pipeline/Pipeline.php(144): Illuminate/Foundation/Http/Kernel->{closure:Illuminate/Foundation/Http/Kernel::dispatchToRouter():197}(Object(Illuminate/Http/Request))
#36 C:/Users/maria/Git/ApiApuestasDeportivas/vendor/laravel/framework/src/Illuminate/Foundation/Http/Middleware/TransformsRequest.php(21): Illuminate/Pipeline/Pipeline->{closure:Illuminate/Pipeline/Pipeline::prepareDestination():142}(Object(Illuminate/Http/Request))
#37 C:/Users/maria/Git/ApiApuestasDeportivas/vendor/laravel/framework/src/Illuminate/Foundation/Http/Middleware/ConvertEmptyStringsToNull.php(31): Illuminate/Foundation/Http/Middleware/TransformsRequest->handle(Object(Illuminate/Http/Request), Object(Closure))
#38 C:/Users/maria/Git/ApiApuestasDeportivas/vendor/laravel/framework/src/Illuminate/Pipeline/Pipeline.php(183): Illuminate/Foundation/Http/Middleware/ConvertEmptyStringsToNull->handle(Object(Illuminate/Http/Request), Object(Closure))
#39 C:/Users/maria/Git/ApiApuestasDeportivas/vendor/laravel/framework/src/Illuminate/Foundation/Http/Middleware/TransformsRequest.php(21): Illuminate/Pipeline/Pipeline->{closure:{closure:Illuminate/Pipeline/Pipeline::carry():158}:159}(Object(Illuminate/Http/Request))
#40 C:/Users/maria/Git/ApiApuestasDeportivas/vendor/laravel/framework/src/Illuminate/Foundation/Http/Middleware/TrimStrings.php(40): Illuminate/Foundation/Http/Middleware/TransformsRequest->handle(Object(Illuminate/Http/Request), Object(Closure))
#41 C:/Users/maria/Git/ApiApuestasDeportivas/vendor/laravel/framework/src/Illuminate/Pipeline/Pipeline.php(183): Illuminate/Foundation/Http/Middleware/TrimStrings->handle(Object(Illuminate/Http/Request), Object(Closure))
#42 C:/Users/maria/Git/ApiApuestasDeportivas/vendor/laravel/framework/src/Illuminate/Foundation/Http/Middleware/ValidatePostSize.php(27): Illuminate/Pipeline/Pipeline->{closure:{closure:Illuminate/Pipeline/Pipeline::carry():158}:159}(Object(Illuminate/Http/Request))
#43 C:/Users/maria/Git/ApiApuestasDeportivas/vendor/laravel/framework/src/Illuminate/Pipeline/Pipeline.php(183): Illuminate/Foundation/Http/Middleware/ValidatePostSize->handle(Object(Illuminate/Http/Request), Object(Closure))
#44 C:/Users/maria/Git/ApiApuestasDeportivas/vendor/laravel/framework/src/Illuminate/Foundation/Http/Middleware/PreventRequestsDuringMaintenance.php(99): Illuminate/Pipeline/Pipeline->{closure:{closure:Illuminate/Pipeline/Pipeline::carry():158}:159}(Object(Illuminate/Http/Request))
#45 C:/Users/maria/Git/ApiApuestasDeportivas/vendor/laravel/framework/src/Illuminate/Pipeline/Pipeline.php(183): Illuminate/Foundation/Http/Middleware/PreventRequestsDuringMaintenance->handle(Object(Illuminate/Http/Request), Object(Closure))
#46 C:/Users/maria/Git/ApiApuestasDeportivas/vendor/laravel/framework/src/Illuminate/Http/Middleware/HandleCors.php(62): Illuminate/Pipeline/Pipeline->{closure:{closure:Illuminate/Pipeline/Pipeline::carry():158}:159}(Object(Illuminate/Http/Request))
#47 C:/Users/maria/Git/ApiApuestasDeportivas/vendor/laravel/framework/src/Illuminate/Pipeline/Pipeline.php(183): Illuminate/Http/Middleware/HandleCors->handle(Object(Illuminate/Http/Request), Object(Closure))
#48 C:/Users/maria/Git/ApiApuestasDeportivas/vendor/laravel/framework/src/Illuminate/Http/Middleware/TrustProxies.php(39): Illuminate/Pipeline/Pipeline->{closure:{closure:Illuminate/Pipeline/Pipeline::carry():158}:159}(Object(Illuminate/Http/Request))
#49 C:/Users/maria/Git/ApiApuestasDeportivas/vendor/laravel/framework/src/Illuminate/Pipeline/Pipeline.php(183): Illuminate/Http/Middleware/TrustProxies->handle(Object(Illuminate/Http/Request), Object(Closure))
#50 C:/Users/maria/Git/ApiApuestasDeportivas/vendor/laravel/framework/src/Illuminate/Pipeline/Pipeline.php(119): Illuminate/Pipeline/Pipeline->{closure:{closure:Illuminate/Pipeline/Pipeline::carry():158}:159}(Object(Illuminate/Http/Request))
#51 C:/Users/maria/Git/ApiApuestasDeportivas/vendor/laravel/framework/src/Illuminate/Foundation/Http/Kernel.php(175): Illuminate/Pipeline/Pipeline->then(Object(Closure))
#52 C:/Users/maria/Git/ApiApuestasDeportivas/vendor/laravel/framework/src/Illuminate/Foundation/Http/Kernel.php(144): Illuminate/Foundation/Http/Kernel->sendRequestThroughRouter(Object(Illuminate/Http/Request))
#53 C:/Users/maria/Git/ApiApuestasDeportivas/public/index.php(51): Illuminate/Foundation/Http/Kernel->handle(Object(Illuminate/Http/Request))
#54 C:/Users/maria/Git/ApiApuestasDeportivas/vendor/laravel/framework/src/Illuminate/Foundation/resources/server.php(16): require_once('C://Users//maria//...')
#55 {main}
"} 
[2026-03-14 02:52:51] local.ERROR: SQLSTATE[42S22]: Column not found: 1054 Unknown column 'verification_code' in 'field list' (Connection: mysql, SQL: update `users` set `verification_code` = 270947, `code_expires_at` = 2026-03-14 02:57:51, `users`.`updated_at` = 2026-03-14 02:52:51 where `id` = 1) {"userId":1,"exception":"[object] (Illuminate\\Database\\QueryException(code: 42S22): SQLSTATE[42S22]: Column not found: 1054 Unknown column 'verification_code' in 'field list' (Connection: mysql, SQL: update `users` set `verification_code` = 270947, `code_expires_at` = 2026-03-14 02:57:51, `users`.`updated_at` = 2026-03-14 02:52:51 where `id` = 1) at C:/Users/maria/Git/ApiApuestasDeportivas/vendor/laravel/framework/src/Illuminate/Database/Connection.php:829)
[stacktrace]
#0 C:/Users/maria/Git/ApiApuestasDeportivas/vendor/laravel/framework/src/Illuminate/Database/Connection.php(783): Illuminate/Database/Connection->runQueryCallback('update `users` ...', Array, Object(Closure))
#1 C:/Users/maria/Git/ApiApuestasDeportivas/vendor/laravel/framework/src/Illuminate/Database/Connection.php(600): Illuminate/Database/Connection->run('update `users` ...', Array, Object(Closure))
#2 C:/Users/maria/Git/ApiApuestasDeportivas/vendor/laravel/framework/src/Illuminate/Database/Connection.php(552): Illuminate/Database/Connection->affectingStatement('update `users` ...', Array)
#3 C:/Users/maria/Git/ApiApuestasDeportivas/vendor/laravel/framework/src/Illuminate/Database/Query/Builder.php(3602): Illuminate/Database/Connection->update('update `users` ...', Array)
#4 C:/Users/maria/Git/ApiApuestasDeportivas/vendor/laravel/framework/src/Illuminate/Database/Eloquent/Builder.php(1061): Illuminate/Database/Query/Builder->update(Array)
#5 C:/Users/maria/Git/ApiApuestasDeportivas/vendor/laravel/framework/src/Illuminate/Database/Eloquent/Model.php(1214): Illuminate/Database/Eloquent/Builder->update(Array)
#6 C:/Users/maria/Git/ApiApuestasDeportivas/vendor/laravel/framework/src/Illuminate/Database/Eloquent/Model.php(1131): Illuminate/Database/Eloquent/Model->performUpdate(Object(Illuminate/Database/Eloquent/Builder))
#7 C:/Users/maria/Git/ApiApuestasDeportivas/app/Http/Controllers/AuthController.php(72): Illuminate/Database/Eloquent/Model->save()
#8 C:/Users/maria/Git/ApiApuestasDeportivas/vendor/laravel/framework/src/Illuminate/Routing/Controller.php(54): App/Http/Controllers/AuthController->login(Object(Illuminate/Http/Request))
#9 C:/Users/maria/Git/ApiApuestasDeportivas/vendor/laravel/framework/src/Illuminate/Routing/ControllerDispatcher.php(43): Illuminate/Routing/Controller->callAction('login', Array)
#10 C:/Users/maria/Git/ApiApuestasDeportivas/vendor/laravel/framework/src/Illuminate/Routing/Route.php(259): Illuminate/Routing/ControllerDispatcher->dispatch(Object(Illuminate/Routing/Route), Object(App/Http/Controllers/AuthController), 'login')
#11 C:/Users/maria/Git/ApiApuestasDeportivas/vendor/laravel/framework/src/Illuminate/Routing/Route.php(205): Illuminate/Routing/Route->runController()
#12 C:/Users/maria/Git/ApiApuestasDeportivas/vendor/laravel/framework/src/Illuminate/Routing/Router.php(806): Illuminate/Routing/Route->run()
#13 C:/Users/maria/Git/ApiApuestasDeportivas/vendor/laravel/framework/src/Illuminate/Pipeline/Pipeline.php(144): Illuminate/Routing/Router->{closure:Illuminate/Routing/Router::runRouteWithinStack():805}(Object(Illuminate/Http/Request))
#14 C:/Users/maria/Git/ApiApuestasDeportivas/vendor/laravel/framework/src/Illuminate/Routing/Middleware/SubstituteBindings.php(50): Illuminate/Pipeline/Pipeline->{closure:Illuminate/Pipeline/Pipeline::prepareDestination():142}(Object(Illuminate/Http/Request))
#15 C:/Users/maria/Git/ApiApuestasDeportivas/vendor/laravel/framework/src/Illuminate/Pipeline/Pipeline.php(183): Illuminate/Routing/Middleware/SubstituteBindings->handle(Object(Illuminate/Http/Request), Object(Closure))
#16 C:/Users/maria/Git/ApiApuestasDeportivas/vendor/laravel/framework/src/Illuminate/Routing/Middleware/ThrottleRequests.php(159): Illuminate/Pipeline/Pipeline->{closure:{closure:Illuminate/Pipeline/Pipeline::carry():158}:159}(Object(Illuminate/Http/Request))
#17 C:/Users/maria/Git/ApiApuestasDeportivas/vendor/laravel/framework/src/Illuminate/Routing/Middleware/ThrottleRequests.php(125): Illuminate/Routing/Middleware/ThrottleRequests->handleRequest(Object(Illuminate/Http/Request), Object(Closure), Array)
#18 C:/Users/maria/Git/ApiApuestasDeportivas/vendor/laravel/framework/src/Illuminate/Routing/Middleware/ThrottleRequests.php(87): Illuminate/Routing/Middleware/ThrottleRequests->handleRequestUsingNamedLimiter(Object(Illuminate/Http/Request), Object(Closure), 'api', Object(Closure))
#19 C:/Users/maria/Git/ApiApuestasDeportivas/vendor/laravel/framework/src/Illuminate/Pipeline/Pipeline.php(183): Illuminate/Routing/Middleware/ThrottleRequests->handle(Object(Illuminate/Http/Request), Object(Closure), 'api')
#20 C:/Users/maria/Git/ApiApuestasDeportivas/vendor/laravel/framework/src/Illuminate/Pipeline/Pipeline.php(119): Illuminate/Pipeline/Pipeline->{closure:{closure:Illuminate/Pipeline/Pipeline::carry():158}:159}(Object(Illuminate/Http/Request))
#21 C:/Users/maria/Git/ApiApuestasDeportivas/vendor/laravel/framework/src/Illuminate/Routing/Router.php(805): Illuminate/Pipeline/Pipeline->then(Object(Closure))
#22 C:/Users/maria/Git/ApiApuestasDeportivas/vendor/laravel/framework/src/Illuminate/Routing/Router.php(784): Illuminate/Routing/Router->runRouteWithinStack(Object(Illuminate/Routing/Route), Object(Illuminate/Http/Request))
#23 C:/Users/maria/Git/ApiApuestasDeportivas/vendor/laravel/framework/src/Illuminate/Routing/Router.php(748): Illuminate/Routing/Router->runRoute(Object(Illuminate/Http/Request), Object(Illuminate/Routing/Route))
#24 C:/Users/maria/Git/ApiApuestasDeportivas/vendor/laravel/framework/src/Illuminate/Routing/Router.php(737): Illuminate/Routing/Router->dispatchToRoute(Object(Illuminate/Http/Request))
#25 C:/Users/maria/Git/ApiApuestasDeportivas/vendor/laravel/framework/src/Illuminate/Foundation/Http/Kernel.php(200): Illuminate/Routing/Router->dispatch(Object(Illuminate/Http/Request))
#26 C:/Users/maria/Git/ApiApuestasDeportivas/vendor/laravel/framework/src/Illuminate/Pipeline/Pipeline.php(144): Illuminate/Foundation/Http/Kernel->{closure:Illuminate/Foundation/Http/Kernel::dispatchToRouter():197}(Object(Illuminate/Http/Request))
#27 C:/Users/maria/Git/ApiApuestasDeportivas/vendor/laravel/framework/src/Illuminate/Foundation/Http/Middleware/TransformsRequest.php(21): Illuminate/Pipeline/Pipeline->{closure:Illuminate/Pipeline/Pipeline::prepareDestination():142}(Object(Illuminate/Http/Request))
#28 C:/Users/maria/Git/ApiApuestasDeportivas/vendor/laravel/framework/src/Illuminate/Foundation/Http/Middleware/ConvertEmptyStringsToNull.php(31): Illuminate/Foundation/Http/Middleware/TransformsRequest->handle(Object(Illuminate/Http/Request), Object(Closure))
#29 C:/Users/maria/Git/ApiApuestasDeportivas/vendor/laravel/framework/src/Illuminate/Pipeline/Pipeline.php(183): Illuminate/Foundation/Http/Middleware/ConvertEmptyStringsToNull->handle(Object(Illuminate/Http/Request), Object(Closure))
#30 C:/Users/maria/Git/ApiApuestasDeportivas/vendor/laravel/framework/src/Illuminate/Foundation/Http/Middleware/TransformsRequest.php(21): Illuminate/Pipeline/Pipeline->{closure:{closure:Illuminate/Pipeline/Pipeline::carry():158}:159}(Object(Illuminate/Http/Request))
#31 C:/Users/maria/Git/ApiApuestasDeportivas/vendor/laravel/framework/src/Illuminate/Foundation/Http/Middleware/TrimStrings.php(40): Illuminate/Foundation/Http/Middleware/TransformsRequest->handle(Object(Illuminate/Http/Request), Object(Closure))
#32 C:/Users/maria/Git/ApiApuestasDeportivas/vendor/laravel/framework/src/Illuminate/Pipeline/Pipeline.php(183): Illuminate/Foundation/Http/Middleware/TrimStrings->handle(Object(Illuminate/Http/Request), Object(Closure))
#33 C:/Users/maria/Git/ApiApuestasDeportivas/vendor/laravel/framework/src/Illuminate/Foundation/Http/Middleware/ValidatePostSize.php(27): Illuminate/Pipeline/Pipeline->{closure:{closure:Illuminate/Pipeline/Pipeline::carry():158}:159}(Object(Illuminate/Http/Request))
#34 C:/Users/maria/Git/ApiApuestasDeportivas/vendor/laravel/framework/src/Illuminate/Pipeline/Pipeline.php(183): Illuminate/Foundation/Http/Middleware/ValidatePostSize->handle(Object(Illuminate/Http/Request), Object(Closure))
#35 C:/Users/maria/Git/ApiApuestasDeportivas/vendor/laravel/framework/src/Illuminate/Foundation/Http/Middleware/PreventRequestsDuringMaintenance.php(99): Illuminate/Pipeline/Pipeline->{closure:{closure:Illuminate/Pipeline/Pipeline::carry():158}:159}(Object(Illuminate/Http/Request))
#36 C:/Users/maria/Git/ApiApuestasDeportivas/vendor/laravel/framework/src/Illuminate/Pipeline/Pipeline.php(183): Illuminate/Foundation/Http/Middleware/PreventRequestsDuringMaintenance->handle(Object(Illuminate/Http/Request), Object(Closure))
#37 C:/Users/maria/Git/ApiApuestasDeportivas/vendor/laravel/framework/src/Illuminate/Http/Middleware/HandleCors.php(62): Illuminate/Pipeline/Pipeline->{closure:{closure:Illuminate/Pipeline/Pipeline::carry():158}:159}(Object(Illuminate/Http/Request))
#38 C:/Users/maria/Git/ApiApuestasDeportivas/vendor/laravel/framework/src/Illuminate/Pipeline/Pipeline.php(183): Illuminate/Http/Middleware/HandleCors->handle(Object(Illuminate/Http/Request), Object(Closure))
#39 C:/Users/maria/Git/ApiApuestasDeportivas/vendor/laravel/framework/src/Illuminate/Http/Middleware/TrustProxies.php(39): Illuminate/Pipeline/Pipeline->{closure:{closure:Illuminate/Pipeline/Pipeline::carry():158}:159}(Object(Illuminate/Http/Request))
#40 C:/Users/maria/Git/ApiApuestasDeportivas/vendor/laravel/framework/src/Illuminate/Pipeline/Pipeline.php(183): Illuminate/Http/Middleware/TrustProxies->handle(Object(Illuminate/Http/Request), Object(Closure))
#41 C:/Users/maria/Git/ApiApuestasDeportivas/vendor/laravel/framework/src/Illuminate/Pipeline/Pipeline.php(119): Illuminate/Pipeline/Pipeline->{closure:{closure:Illuminate/Pipeline/Pipeline::carry():158}:159}(Object(Illuminate/Http/Request))
#42 C:/Users/maria/Git/ApiApuestasDeportivas/vendor/laravel/framework/src/Illuminate/Foundation/Http/Kernel.php(175): Illuminate/Pipeline/Pipeline->then(Object(Closure))
#43 C:/Users/maria/Git/ApiApuestasDeportivas/vendor/laravel/framework/src/Illuminate/Foundation/Http/Kernel.php(144): Illuminate/Foundation/Http/Kernel->sendRequestThroughRouter(Object(Illuminate/Http/Request))
#44 C:/Users/maria/Git/ApiApuestasDeportivas/public/index.php(51): Illuminate/Foundation/Http/Kernel->handle(Object(Illuminate/Http/Request))
#45 C:/Users/maria/Git/ApiApuestasDeportivas/vendor/laravel/framework/src/Illuminate/Foundation/resources/server.php(16): require_once('C://Users//maria//...')
#46 {main}

[previous exception] [object] (PDOException(code: 42S22): SQLSTATE[42S22]: Column not found: 1054 Unknown column 'verification_code' in 'field list' at C:/Users/maria/Git/ApiApuestasDeportivas/vendor/laravel/framework/src/Illuminate/Database/Connection.php:608)
[stacktrace]
#0 C:/Users/maria/Git/ApiApuestasDeportivas/vendor/laravel/framework/src/Illuminate/Database/Connection.php(608): PDO->prepare('update `users` ...')
#1 C:/Users/maria/Git/ApiApuestasDeportivas/vendor/laravel/framework/src/Illuminate/Database/Connection.php(816): Illuminate/Database/Connection->{closure:Illuminate/Database/Connection::affectingStatement():600}('update `users` ...', Array)
#2 C:/Users/maria/Git/ApiApuestasDeportivas/vendor/laravel/framework/src/Illuminate/Database/Connection.php(783): Illuminate/Database/Connection->runQueryCallback('update `users` ...', Array, Object(Closure))
#3 C:/Users/maria/Git/ApiApuestasDeportivas/vendor/laravel/framework/src/Illuminate/Database/Connection.php(600): Illuminate/Database/Connection->run('update `users` ...', Array, Object(Closure))
#4 C:/Users/maria/Git/ApiApuestasDeportivas/vendor/laravel/framework/src/Illuminate/Database/Connection.php(552): Illuminate/Database/Connection->affectingStatement('update `users` ...', Array)
#5 C:/Users/maria/Git/ApiApuestasDeportivas/vendor/laravel/framework/src/Illuminate/Database/Query/Builder.php(3602): Illuminate/Database/Connection->update('update `users` ...', Array)
#6 C:/Users/maria/Git/ApiApuestasDeportivas/vendor/laravel/framework/src/Illuminate/Database/Eloquent/Builder.php(1061): Illuminate/Database/Query/Builder->update(Array)
#7 C:/Users/maria/Git/ApiApuestasDeportivas/vendor/laravel/framework/src/Illuminate/Database/Eloquent/Model.php(1214): Illuminate/Database/Eloquent/Builder->update(Array)
#8 C:/Users/maria/Git/ApiApuestasDeportivas/vendor/laravel/framework/src/Illuminate/Database/Eloquent/Model.php(1131): Illuminate/Database/Eloquent/Model->performUpdate(Object(Illuminate/Database/Eloquent/Builder))
#9 C:/Users/maria/Git/ApiApuestasDeportivas/app/Http/Controllers/AuthController.php(72): Illuminate/Database/Eloquent/Model->save()
#10 C:/Users/maria/Git/ApiApuestasDeportivas/vendor/laravel/framework/src/Illuminate/Routing/Controller.php(54): App/Http/Controllers/AuthController->login(Object(Illuminate/Http/Request))
#11 C:/Users/maria/Git/ApiApuestasDeportivas/vendor/laravel/framework/src/Illuminate/Routing/ControllerDispatcher.php(43): Illuminate/Routing/Controller->callAction('login', Array)
#12 C:/Users/maria/Git/ApiApuestasDeportivas/vendor/laravel/framework/src/Illuminate/Routing/Route.php(259): Illuminate/Routing/ControllerDispatcher->dispatch(Object(Illuminate/Routing/Route), Object(App/Http/Controllers/AuthController), 'login')
#13 C:/Users/maria/Git/ApiApuestasDeportivas/vendor/laravel/framework/src/Illuminate/Routing/Route.php(205): Illuminate/Routing/Route->runController()
#14 C:/Users/maria/Git/ApiApuestasDeportivas/vendor/laravel/framework/src/Illuminate/Routing/Router.php(806): Illuminate/Routing/Route->run()
#15 C:/Users/maria/Git/ApiApuestasDeportivas/vendor/laravel/framework/src/Illuminate/Pipeline/Pipeline.php(144): Illuminate/Routing/Router->{closure:Illuminate/Routing/Router::runRouteWithinStack():805}(Object(Illuminate/Http/Request))
#16 C:/Users/maria/Git/ApiApuestasDeportivas/vendor/laravel/framework/src/Illuminate/Routing/Middleware/SubstituteBindings.php(50): Illuminate/Pipeline/Pipeline->{closure:Illuminate/Pipeline/Pipeline::prepareDestination():142}(Object(Illuminate/Http/Request))
#17 C:/Users/maria/Git/ApiApuestasDeportivas/vendor/laravel/framework/src/Illuminate/Pipeline/Pipeline.php(183): Illuminate/Routing/Middleware/SubstituteBindings->handle(Object(Illuminate/Http/Request), Object(Closure))
#18 C:/Users/maria/Git/ApiApuestasDeportivas/vendor/laravel/framework/src/Illuminate/Routing/Middleware/ThrottleRequests.php(159): Illuminate/Pipeline/Pipeline->{closure:{closure:Illuminate/Pipeline/Pipeline::carry():158}:159}(Object(Illuminate/Http/Request))
#19 C:/Users/maria/Git/ApiApuestasDeportivas/vendor/laravel/framework/src/Illuminate/Routing/Middleware/ThrottleRequests.php(125): Illuminate/Routing/Middleware/ThrottleRequests->handleRequest(Object(Illuminate/Http/Request), Object(Closure), Array)
#20 C:/Users/maria/Git/ApiApuestasDeportivas/vendor/laravel/framework/src/Illuminate/Routing/Middleware/ThrottleRequests.php(87): Illuminate/Routing/Middleware/ThrottleRequests->handleRequestUsingNamedLimiter(Object(Illuminate/Http/Request), Object(Closure), 'api', Object(Closure))
#21 C:/Users/maria/Git/ApiApuestasDeportivas/vendor/laravel/framework/src/Illuminate/Pipeline/Pipeline.php(183): Illuminate/Routing/Middleware/ThrottleRequests->handle(Object(Illuminate/Http/Request), Object(Closure), 'api')
#22 C:/Users/maria/Git/ApiApuestasDeportivas/vendor/laravel/framework/src/Illuminate/Pipeline/Pipeline.php(119): Illuminate/Pipeline/Pipeline->{closure:{closure:Illuminate/Pipeline/Pipeline::carry():158}:159}(Object(Illuminate/Http/Request))
#23 C:/Users/maria/Git/ApiApuestasDeportivas/vendor/laravel/framework/src/Illuminate/Routing/Router.php(805): Illuminate/Pipeline/Pipeline->then(Object(Closure))
#24 C:/Users/maria/Git/ApiApuestasDeportivas/vendor/laravel/framework/src/Illuminate/Routing/Router.php(784): Illuminate/Routing/Router->runRouteWithinStack(Object(Illuminate/Routing/Route), Object(Illuminate/Http/Request))
#25 C:/Users/maria/Git/ApiApuestasDeportivas/vendor/laravel/framework/src/Illuminate/Routing/Router.php(748): Illuminate/Routing/Router->runRoute(Object(Illuminate/Http/Request), Object(Illuminate/Routing/Route))
#26 C:/Users/maria/Git/ApiApuestasDeportivas/vendor/laravel/framework/src/Illuminate/Routing/Router.php(737): Illuminate/Routing/Router->dispatchToRoute(Object(Illuminate/Http/Request))
#27 C:/Users/maria/Git/ApiApuestasDeportivas/vendor/laravel/framework/src/Illuminate/Foundation/Http/Kernel.php(200): Illuminate/Routing/Router->dispatch(Object(Illuminate/Http/Request))
#28 C:/Users/maria/Git/ApiApuestasDeportivas/vendor/laravel/framework/src/Illuminate/Pipeline/Pipeline.php(144): Illuminate/Foundation/Http/Kernel->{closure:Illuminate/Foundation/Http/Kernel::dispatchToRouter():197}(Object(Illuminate/Http/Request))
#29 C:/Users/maria/Git/ApiApuestasDeportivas/vendor/laravel/framework/src/Illuminate/Foundation/Http/Middleware/TransformsRequest.php(21): Illuminate/Pipeline/Pipeline->{closure:Illuminate/Pipeline/Pipeline::prepareDestination():142}(Object(Illuminate/Http/Request))
#30 C:/Users/maria/Git/ApiApuestasDeportivas/vendor/laravel/framework/src/Illuminate/Foundation/Http/Middleware/ConvertEmptyStringsToNull.php(31): Illuminate/Foundation/Http/Middleware/TransformsRequest->handle(Object(Illuminate/Http/Request), Object(Closure))
#31 C:/Users/maria/Git/ApiApuestasDeportivas/vendor/laravel/framework/src/Illuminate/Pipeline/Pipeline.php(183): Illuminate/Foundation/Http/Middleware/ConvertEmptyStringsToNull->handle(Object(Illuminate/Http/Request), Object(Closure))
#32 C:/Users/maria/Git/ApiApuestasDeportivas/vendor/laravel/framework/src/Illuminate/Foundation/Http/Middleware/TransformsRequest.php(21): Illuminate/Pipeline/Pipeline->{closure:{closure:Illuminate/Pipeline/Pipeline::carry():158}:159}(Object(Illuminate/Http/Request))
#33 C:/Users/maria/Git/ApiApuestasDeportivas/vendor/laravel/framework/src/Illuminate/Foundation/Http/Middleware/TrimStrings.php(40): Illuminate/Foundation/Http/Middleware/TransformsRequest->handle(Object(Illuminate/Http/Request), Object(Closure))
#34 C:/Users/maria/Git/ApiApuestasDeportivas/vendor/laravel/framework/src/Illuminate/Pipeline/Pipeline.php(183): Illuminate/Foundation/Http/Middleware/TrimStrings->handle(Object(Illuminate/Http/Request), Object(Closure))
#35 C:/Users/maria/Git/ApiApuestasDeportivas/vendor/laravel/framework/src/Illuminate/Foundation/Http/Middleware/ValidatePostSize.php(27): Illuminate/Pipeline/Pipeline->{closure:{closure:Illuminate/Pipeline/Pipeline::carry():158}:159}(Object(Illuminate/Http/Request))
#36 C:/Users/maria/Git/ApiApuestasDeportivas/vendor/laravel/framework/src/Illuminate/Pipeline/Pipeline.php(183): Illuminate/Foundation/Http/Middleware/ValidatePostSize->handle(Object(Illuminate/Http/Request), Object(Closure))
#37 C:/Users/maria/Git/ApiApuestasDeportivas/vendor/laravel/framework/src/Illuminate/Foundation/Http/Middleware/PreventRequestsDuringMaintenance.php(99): Illuminate/Pipeline/Pipeline->{closure:{closure:Illuminate/Pipeline/Pipeline::carry():158}:159}(Object(Illuminate/Http/Request))
#38 C:/Users/maria/Git/ApiApuestasDeportivas/vendor/laravel/framework/src/Illuminate/Pipeline/Pipeline.php(183): Illuminate/Foundation/Http/Middleware/PreventRequestsDuringMaintenance->handle(Object(Illuminate/Http/Request), Object(Closure))
#39 C:/Users/maria/Git/ApiApuestasDeportivas/vendor/laravel/framework/src/Illuminate/Http/Middleware/HandleCors.php(62): Illuminate/Pipeline/Pipeline->{closure:{closure:Illuminate/Pipeline/Pipeline::carry():158}:159}(Object(Illuminate/Http/Request))
#40 C:/Users/maria/Git/ApiApuestasDeportivas/vendor/laravel/framework/src/Illuminate/Pipeline/Pipeline.php(183): Illuminate/Http/Middleware/HandleCors->handle(Object(Illuminate/Http/Request), Object(Closure))
#41 C:/Users/maria/Git/ApiApuestasDeportivas/vendor/laravel/framework/src/Illuminate/Http/Middleware/TrustProxies.php(39): Illuminate/Pipeline/Pipeline->{closure:{closure:Illuminate/Pipeline/Pipeline::carry():158}:159}(Object(Illuminate/Http/Request))
#42 C:/Users/maria/Git/ApiApuestasDeportivas/vendor/laravel/framework/src/Illuminate/Pipeline/Pipeline.php(183): Illuminate/Http/Middleware/TrustProxies->handle(Object(Illuminate/Http/Request), Object(Closure))
#43 C:/Users/maria/Git/ApiApuestasDeportivas/vendor/laravel/framework/src/Illuminate/Pipeline/Pipeline.php(119): Illuminate/Pipeline/Pipeline->{closure:{closure:Illuminate/Pipeline/Pipeline::carry():158}:159}(Object(Illuminate/Http/Request))
#44 C:/Users/maria/Git/ApiApuestasDeportivas/vendor/laravel/framework/src/Illuminate/Foundation/Http/Kernel.php(175): Illuminate/Pipeline/Pipeline->then(Object(Closure))
#45 C:/Users/maria/Git/ApiApuestasDeportivas/vendor/laravel/framework/src/Illuminate/Foundation/Http/Kernel.php(144): Illuminate/Foundation/Http/Kernel->sendRequestThroughRouter(Object(Illuminate/Http/Request))
#46 C:/Users/maria/Git/ApiApuestasDeportivas/public/index.php(51): Illuminate/Foundation/Http/Kernel->handle(Object(Illuminate/Http/Request))
#47 C:/Users/maria/Git/ApiApuestasDeportivas/vendor/laravel/framework/src/Illuminate/Foundation/resources/server.php(16): require_once('C://Users//maria//...')
#48 {main}
"} 
[2026-03-14 03:08:32] local.ERROR: Auth guard [api] is not defined. {"exception":"[object] (InvalidArgumentException(code: 0): Auth guard [api] is not defined. at C:/Users/maria/Git/ApiApuestasDeportivas/vendor/laravel/framework/src/Illuminate/Auth/AuthManager.php:86)
[stacktrace]
#0 C:/Users/maria/Git/ApiApuestasDeportivas/vendor/laravel/framework/src/Illuminate/Auth/AuthManager.php(70): Illuminate/Auth/AuthManager->resolve('api')
#1 C:/Users/maria/Git/ApiApuestasDeportivas/vendor/laravel/framework/src/Illuminate/Auth/Middleware/Authenticate.php(76): Illuminate/Auth/AuthManager->guard('api')
#2 C:/Users/maria/Git/ApiApuestasDeportivas/vendor/laravel/framework/src/Illuminate/Auth/Middleware/Authenticate.php(55): Illuminate/Auth/Middleware/Authenticate->authenticate(Object(Illuminate/Http/Request), Array)
#3 C:/Users/maria/Git/ApiApuestasDeportivas/vendor/laravel/framework/src/Illuminate/Pipeline/Pipeline.php(183): Illuminate/Auth/Middleware/Authenticate->handle(Object(Illuminate/Http/Request), Object(Closure), 'api')
#4 C:/Users/maria/Git/ApiApuestasDeportivas/vendor/laravel/framework/src/Illuminate/Pipeline/Pipeline.php(119): Illuminate/Pipeline/Pipeline->{closure:{closure:Illuminate/Pipeline/Pipeline::carry():158}:159}(Object(Illuminate/Http/Request))
#5 C:/Users/maria/Git/ApiApuestasDeportivas/vendor/laravel/framework/src/Illuminate/Routing/Router.php(805): Illuminate/Pipeline/Pipeline->then(Object(Closure))
#6 C:/Users/maria/Git/ApiApuestasDeportivas/vendor/laravel/framework/src/Illuminate/Routing/Router.php(784): Illuminate/Routing/Router->runRouteWithinStack(Object(Illuminate/Routing/Route), Object(Illuminate/Http/Request))
#7 C:/Users/maria/Git/ApiApuestasDeportivas/vendor/laravel/framework/src/Illuminate/Routing/Router.php(748): Illuminate/Routing/Router->runRoute(Object(Illuminate/Http/Request), Object(Illuminate/Routing/Route))
#8 C:/Users/maria/Git/ApiApuestasDeportivas/vendor/laravel/framework/src/Illuminate/Routing/Router.php(737): Illuminate/Routing/Router->dispatchToRoute(Object(Illuminate/Http/Request))
#9 C:/Users/maria/Git/ApiApuestasDeportivas/vendor/laravel/framework/src/Illuminate/Foundation/Http/Kernel.php(200): Illuminate/Routing/Router->dispatch(Object(Illuminate/Http/Request))
#10 C:/Users/maria/Git/ApiApuestasDeportivas/vendor/laravel/framework/src/Illuminate/Pipeline/Pipeline.php(144): Illuminate/Foundation/Http/Kernel->{closure:Illuminate/Foundation/Http/Kernel::dispatchToRouter():197}(Object(Illuminate/Http/Request))
#11 C:/Users/maria/Git/ApiApuestasDeportivas/vendor/laravel/framework/src/Illuminate/Foundation/Http/Middleware/TransformsRequest.php(21): Illuminate/Pipeline/Pipeline->{closure:Illuminate/Pipeline/Pipeline::prepareDestination():142}(Object(Illuminate/Http/Request))
#12 C:/Users/maria/Git/ApiApuestasDeportivas/vendor/laravel/framework/src/Illuminate/Foundation/Http/Middleware/ConvertEmptyStringsToNull.php(31): Illuminate/Foundation/Http/Middleware/TransformsRequest->handle(Object(Illuminate/Http/Request), Object(Closure))
#13 C:/Users/maria/Git/ApiApuestasDeportivas/vendor/laravel/framework/src/Illuminate/Pipeline/Pipeline.php(183): Illuminate/Foundation/Http/Middleware/ConvertEmptyStringsToNull->handle(Object(Illuminate/Http/Request), Object(Closure))
#14 C:/Users/maria/Git/ApiApuestasDeportivas/vendor/laravel/framework/src/Illuminate/Foundation/Http/Middleware/TransformsRequest.php(21): Illuminate/Pipeline/Pipeline->{closure:{closure:Illuminate/Pipeline/Pipeline::carry():158}:159}(Object(Illuminate/Http/Request))
#15 C:/Users/maria/Git/ApiApuestasDeportivas/vendor/laravel/framework/src/Illuminate/Foundation/Http/Middleware/TrimStrings.php(40): Illuminate/Foundation/Http/Middleware/TransformsRequest->handle(Object(Illuminate/Http/Request), Object(Closure))
#16 C:/Users/maria/Git/ApiApuestasDeportivas/vendor/laravel/framework/src/Illuminate/Pipeline/Pipeline.php(183): Illuminate/Foundation/Http/Middleware/TrimStrings->handle(Object(Illuminate/Http/Request), Object(Closure))
#17 C:/Users/maria/Git/ApiApuestasDeportivas/vendor/laravel/framework/src/Illuminate/Foundation/Http/Middleware/ValidatePostSize.php(27): Illuminate/Pipeline/Pipeline->{closure:{closure:Illuminate/Pipeline/Pipeline::carry():158}:159}(Object(Illuminate/Http/Request))
#18 C:/Users/maria/Git/ApiApuestasDeportivas/vendor/laravel/framework/src/Illuminate/Pipeline/Pipeline.php(183): Illuminate/Foundation/Http/Middleware/ValidatePostSize->handle(Object(Illuminate/Http/Request), Object(Closure))
#19 C:/Users/maria/Git/ApiApuestasDeportivas/vendor/laravel/framework/src/Illuminate/Foundation/Http/Middleware/PreventRequestsDuringMaintenance.php(99): Illuminate/Pipeline/Pipeline->{closure:{closure:Illuminate/Pipeline/Pipeline::carry():158}:159}(Object(Illuminate/Http/Request))
#20 C:/Users/maria/Git/ApiApuestasDeportivas/vendor/laravel/framework/src/Illuminate/Pipeline/Pipeline.php(183): Illuminate/Foundation/Http/Middleware/PreventRequestsDuringMaintenance->handle(Object(Illuminate/Http/Request), Object(Closure))
#21 C:/Users/maria/Git/ApiApuestasDeportivas/vendor/laravel/framework/src/Illuminate/Http/Middleware/HandleCors.php(62): Illuminate/Pipeline/Pipeline->{closure:{closure:Illuminate/Pipeline/Pipeline::carry():158}:159}(Object(Illuminate/Http/Request))
#22 C:/Users/maria/Git/ApiApuestasDeportivas/vendor/laravel/framework/src/Illuminate/Pipeline/Pipeline.php(183): Illuminate/Http/Middleware/HandleCors->handle(Object(Illuminate/Http/Request), Object(Closure))
#23 C:/Users/maria/Git/ApiApuestasDeportivas/vendor/laravel/framework/src/Illuminate/Http/Middleware/TrustProxies.php(39): Illuminate/Pipeline/Pipeline->{closure:{closure:Illuminate/Pipeline/Pipeline::carry():158}:159}(Object(Illuminate/Http/Request))
#24 C:/Users/maria/Git/ApiApuestasDeportivas/vendor/laravel/framework/src/Illuminate/Pipeline/Pipeline.php(183): Illuminate/Http/Middleware/TrustProxies->handle(Object(Illuminate/Http/Request), Object(Closure))
#25 C:/Users/maria/Git/ApiApuestasDeportivas/vendor/laravel/framework/src/Illuminate/Pipeline/Pipeline.php(119): Illuminate/Pipeline/Pipeline->{closure:{closure:Illuminate/Pipeline/Pipeline::carry():158}:159}(Object(Illuminate/Http/Request))
#26 C:/Users/maria/Git/ApiApuestasDeportivas/vendor/laravel/framework/src/Illuminate/Foundation/Http/Kernel.php(175): Illuminate/Pipeline/Pipeline->then(Object(Closure))
#27 C:/Users/maria/Git/ApiApuestasDeportivas/vendor/laravel/framework/src/Illuminate/Foundation/Http/Kernel.php(144): Illuminate/Foundation/Http/Kernel->sendRequestThroughRouter(Object(Illuminate/Http/Request))
#28 C:/Users/maria/Git/ApiApuestasDeportivas/public/index.php(51): Illuminate/Foundation/Http/Kernel->handle(Object(Illuminate/Http/Request))
#29 C:/Users/maria/Git/ApiApuestasDeportivas/vendor/laravel/framework/src/Illuminate/Foundation/resources/server.php(16): require_once('C://Users//maria//...')
#30 {main}
"} 
[2026-03-14 03:08:33] local.ERROR: Target class [role] does not exist. {"exception":"[object] (Illuminate\\Contracts\\Container\\BindingResolutionException(code: 0): Target class [role] does not exist. at C:/Users/maria/Git/ApiApuestasDeportivas/vendor/laravel/framework/src/Illuminate/Container/Container.php:914)
[stacktrace]
#0 C:/Users/maria/Git/ApiApuestasDeportivas/vendor/laravel/framework/src/Illuminate/Container/Container.php(795): Illuminate/Container/Container->build('role')
#1 C:/Users/maria/Git/ApiApuestasDeportivas/vendor/laravel/framework/src/Illuminate/Foundation/Application.php(986): Illuminate/Container/Container->resolve('role', Array, true)
#2 C:/Users/maria/Git/ApiApuestasDeportivas/vendor/laravel/framework/src/Illuminate/Container/Container.php(731): Illuminate/Foundation/Application->resolve('role', Array)
#3 C:/Users/maria/Git/ApiApuestasDeportivas/vendor/laravel/framework/src/Illuminate/Foundation/Application.php(971): Illuminate/Container/Container->make('role', Array)
#4 C:/Users/maria/Git/ApiApuestasDeportivas/vendor/laravel/framework/src/Illuminate/Foundation/Http/Kernel.php(255): Illuminate/Foundation/Application->make('role')
#5 C:/Users/maria/Git/ApiApuestasDeportivas/vendor/laravel/framework/src/Illuminate/Foundation/Http/Kernel.php(213): Illuminate/Foundation/Http/Kernel->terminateMiddleware(Object(Illuminate/Http/Request), Object(Illuminate/Http/Response))
#6 C:/Users/maria/Git/ApiApuestasDeportivas/public/index.php(55): Illuminate/Foundation/Http/Kernel->terminate(Object(Illuminate/Http/Request), Object(Illuminate/Http/Response))
#7 C:/Users/maria/Git/ApiApuestasDeportivas/vendor/laravel/framework/src/Illuminate/Foundation/resources/server.php(16): require_once('C://Users//maria//...')
#8 {main}

[previous exception] [object] (ReflectionException(code: -1): Class \"role\" does not exist at C:/Users/maria/Git/ApiApuestasDeportivas/vendor/laravel/framework/src/Illuminate/Container/Container.php:912)
[stacktrace]
#0 C:/Users/maria/Git/ApiApuestasDeportivas/vendor/laravel/framework/src/Illuminate/Container/Container.php(912): ReflectionClass->__construct('role')
#1 C:/Users/maria/Git/ApiApuestasDeportivas/vendor/laravel/framework/src/Illuminate/Container/Container.php(795): Illuminate/Container/Container->build('role')
#2 C:/Users/maria/Git/ApiApuestasDeportivas/vendor/laravel/framework/src/Illuminate/Foundation/Application.php(986): Illuminate/Container/Container->resolve('role', Array, true)
#3 C:/Users/maria/Git/ApiApuestasDeportivas/vendor/laravel/framework/src/Illuminate/Container/Container.php(731): Illuminate/Foundation/Application->resolve('role', Array)
#4 C:/Users/maria/Git/ApiApuestasDeportivas/vendor/laravel/framework/src/Illuminate/Foundation/Application.php(971): Illuminate/Container/Container->make('role', Array)
#5 C:/Users/maria/Git/ApiApuestasDeportivas/vendor/laravel/framework/src/Illuminate/Foundation/Http/Kernel.php(255): Illuminate/Foundation/Application->make('role')
#6 C:/Users/maria/Git/ApiApuestasDeportivas/vendor/laravel/framework/src/Illuminate/Foundation/Http/Kernel.php(213): Illuminate/Foundation/Http/Kernel->terminateMiddleware(Object(Illuminate/Http/Request), Object(Illuminate/Http/Response))
#7 C:/Users/maria/Git/ApiApuestasDeportivas/public/index.php(55): Illuminate/Foundation/Http/Kernel->terminate(Object(Illuminate/Http/Request), Object(Illuminate/Http/Response))
#8 C:/Users/maria/Git/ApiApuestasDeportivas/vendor/laravel/framework/src/Illuminate/Foundation/resources/server.php(16): require_once('C://Users//maria//...')
#9 {main}
"} 
[2026-03-14 03:12:20] local.ERROR: Target class [role] does not exist. {"userId":1,"exception":"[object] (Illuminate\\Contracts\\Container\\BindingResolutionException(code: 0): Target class [role] does not exist. at C:/Users/maria/Git/ApiApuestasDeportivas/vendor/laravel/framework/src/Illuminate/Container/Container.php:914)
[stacktrace]
#0 C:/Users/maria/Git/ApiApuestasDeportivas/vendor/laravel/framework/src/Illuminate/Container/Container.php(795): Illuminate/Container/Container->build('role')
#1 C:/Users/maria/Git/ApiApuestasDeportivas/vendor/laravel/framework/src/Illuminate/Foundation/Application.php(986): Illuminate/Container/Container->resolve('role', Array, true)
#2 C:/Users/maria/Git/ApiApuestasDeportivas/vendor/laravel/framework/src/Illuminate/Container/Container.php(731): Illuminate/Foundation/Application->resolve('role', Array)
#3 C:/Users/maria/Git/ApiApuestasDeportivas/vendor/laravel/framework/src/Illuminate/Foundation/Application.php(971): Illuminate/Container/Container->make('role', Array)
#4 C:/Users/maria/Git/ApiApuestasDeportivas/vendor/laravel/framework/src/Illuminate/Pipeline/Pipeline.php(172): Illuminate/Foundation/Application->make('role')
#5 C:/Users/maria/Git/ApiApuestasDeportivas/vendor/laravel/framework/src/Illuminate/Routing/Middleware/SubstituteBindings.php(50): Illuminate/Pipeline/Pipeline->{closure:{closure:Illuminate/Pipeline/Pipeline::carry():158}:159}(Object(Illuminate/Http/Request))
#6 C:/Users/maria/Git/ApiApuestasDeportivas/vendor/laravel/framework/src/Illuminate/Pipeline/Pipeline.php(183): Illuminate/Routing/Middleware/SubstituteBindings->handle(Object(Illuminate/Http/Request), Object(Closure))
#7 C:/Users/maria/Git/ApiApuestasDeportivas/vendor/laravel/framework/src/Illuminate/Routing/Middleware/ThrottleRequests.php(159): Illuminate/Pipeline/Pipeline->{closure:{closure:Illuminate/Pipeline/Pipeline::carry():158}:159}(Object(Illuminate/Http/Request))
#8 C:/Users/maria/Git/ApiApuestasDeportivas/vendor/laravel/framework/src/Illuminate/Routing/Middleware/ThrottleRequests.php(125): Illuminate/Routing/Middleware/ThrottleRequests->handleRequest(Object(Illuminate/Http/Request), Object(Closure), Array)
#9 C:/Users/maria/Git/ApiApuestasDeportivas/vendor/laravel/framework/src/Illuminate/Routing/Middleware/ThrottleRequests.php(87): Illuminate/Routing/Middleware/ThrottleRequests->handleRequestUsingNamedLimiter(Object(Illuminate/Http/Request), Object(Closure), 'api', Object(Closure))
#10 C:/Users/maria/Git/ApiApuestasDeportivas/vendor/laravel/framework/src/Illuminate/Pipeline/Pipeline.php(183): Illuminate/Routing/Middleware/ThrottleRequests->handle(Object(Illuminate/Http/Request), Object(Closure), 'api')
#11 C:/Users/maria/Git/ApiApuestasDeportivas/vendor/laravel/framework/src/Illuminate/Auth/Middleware/Authenticate.php(57): Illuminate/Pipeline/Pipeline->{closure:{closure:Illuminate/Pipeline/Pipeline::carry():158}:159}(Object(Illuminate/Http/Request))
#12 C:/Users/maria/Git/ApiApuestasDeportivas/vendor/laravel/framework/src/Illuminate/Pipeline/Pipeline.php(183): Illuminate/Auth/Middleware/Authenticate->handle(Object(Illuminate/Http/Request), Object(Closure), 'api')
#13 C:/Users/maria/Git/ApiApuestasDeportivas/vendor/laravel/framework/src/Illuminate/Pipeline/Pipeline.php(119): Illuminate/Pipeline/Pipeline->{closure:{closure:Illuminate/Pipeline/Pipeline::carry():158}:159}(Object(Illuminate/Http/Request))
#14 C:/Users/maria/Git/ApiApuestasDeportivas/vendor/laravel/framework/src/Illuminate/Routing/Router.php(805): Illuminate/Pipeline/Pipeline->then(Object(Closure))
#15 C:/Users/maria/Git/ApiApuestasDeportivas/vendor/laravel/framework/src/Illuminate/Routing/Router.php(784): Illuminate/Routing/Router->runRouteWithinStack(Object(Illuminate/Routing/Route), Object(Illuminate/Http/Request))
#16 C:/Users/maria/Git/ApiApuestasDeportivas/vendor/laravel/framework/src/Illuminate/Routing/Router.php(748): Illuminate/Routing/Router->runRoute(Object(Illuminate/Http/Request), Object(Illuminate/Routing/Route))
#17 C:/Users/maria/Git/ApiApuestasDeportivas/vendor/laravel/framework/src/Illuminate/Routing/Router.php(737): Illuminate/Routing/Router->dispatchToRoute(Object(Illuminate/Http/Request))
#18 C:/Users/maria/Git/ApiApuestasDeportivas/vendor/laravel/framework/src/Illuminate/Foundation/Http/Kernel.php(200): Illuminate/Routing/Router->dispatch(Object(Illuminate/Http/Request))
#19 C:/Users/maria/Git/ApiApuestasDeportivas/vendor/laravel/framework/src/Illuminate/Pipeline/Pipeline.php(144): Illuminate/Foundation/Http/Kernel->{closure:Illuminate/Foundation/Http/Kernel::dispatchToRouter():197}(Object(Illuminate/Http/Request))
#20 C:/Users/maria/Git/ApiApuestasDeportivas/vendor/laravel/framework/src/Illuminate/Foundation/Http/Middleware/TransformsRequest.php(21): Illuminate/Pipeline/Pipeline->{closure:Illuminate/Pipeline/Pipeline::prepareDestination():142}(Object(Illuminate/Http/Request))
#21 C:/Users/maria/Git/ApiApuestasDeportivas/vendor/laravel/framework/src/Illuminate/Foundation/Http/Middleware/ConvertEmptyStringsToNull.php(31): Illuminate/Foundation/Http/Middleware/TransformsRequest->handle(Object(Illuminate/Http/Request), Object(Closure))
#22 C:/Users/maria/Git/ApiApuestasDeportivas/vendor/laravel/framework/src/Illuminate/Pipeline/Pipeline.php(183): Illuminate/Foundation/Http/Middleware/ConvertEmptyStringsToNull->handle(Object(Illuminate/Http/Request), Object(Closure))
#23 C:/Users/maria/Git/ApiApuestasDeportivas/vendor/laravel/framework/src/Illuminate/Foundation/Http/Middleware/TransformsRequest.php(21): Illuminate/Pipeline/Pipeline->{closure:{closure:Illuminate/Pipeline/Pipeline::carry():158}:159}(Object(Illuminate/Http/Request))
#24 C:/Users/maria/Git/ApiApuestasDeportivas/vendor/laravel/framework/src/Illuminate/Foundation/Http/Middleware/TrimStrings.php(40): Illuminate/Foundation/Http/Middleware/TransformsRequest->handle(Object(Illuminate/Http/Request), Object(Closure))
#25 C:/Users/maria/Git/ApiApuestasDeportivas/vendor/laravel/framework/src/Illuminate/Pipeline/Pipeline.php(183): Illuminate/Foundation/Http/Middleware/TrimStrings->handle(Object(Illuminate/Http/Request), Object(Closure))
#26 C:/Users/maria/Git/ApiApuestasDeportivas/vendor/laravel/framework/src/Illuminate/Foundation/Http/Middleware/ValidatePostSize.php(27): Illuminate/Pipeline/Pipeline->{closure:{closure:Illuminate/Pipeline/Pipeline::carry():158}:159}(Object(Illuminate/Http/Request))
#27 C:/Users/maria/Git/ApiApuestasDeportivas/vendor/laravel/framework/src/Illuminate/Pipeline/Pipeline.php(183): Illuminate/Foundation/Http/Middleware/ValidatePostSize->handle(Object(Illuminate/Http/Request), Object(Closure))
#28 C:/Users/maria/Git/ApiApuestasDeportivas/vendor/laravel/framework/src/Illuminate/Foundation/Http/Middleware/PreventRequestsDuringMaintenance.php(99): Illuminate/Pipeline/Pipeline->{closure:{closure:Illuminate/Pipeline/Pipeline::carry():158}:159}(Object(Illuminate/Http/Request))
#29 C:/Users/maria/Git/ApiApuestasDeportivas/vendor/laravel/framework/src/Illuminate/Pipeline/Pipeline.php(183): Illuminate/Foundation/Http/Middleware/PreventRequestsDuringMaintenance->handle(Object(Illuminate/Http/Request), Object(Closure))
#30 C:/Users/maria/Git/ApiApuestasDeportivas/vendor/laravel/framework/src/Illuminate/Http/Middleware/HandleCors.php(62): Illuminate/Pipeline/Pipeline->{closure:{closure:Illuminate/Pipeline/Pipeline::carry():158}:159}(Object(Illuminate/Http/Request))
#31 C:/Users/maria/Git/ApiApuestasDeportivas/vendor/laravel/framework/src/Illuminate/Pipeline/Pipeline.php(183): Illuminate/Http/Middleware/HandleCors->handle(Object(Illuminate/Http/Request), Object(Closure))
#32 C:/Users/maria/Git/ApiApuestasDeportivas/vendor/laravel/framework/src/Illuminate/Http/Middleware/TrustProxies.php(39): Illuminate/Pipeline/Pipeline->{closure:{closure:Illuminate/Pipeline/Pipeline::carry():158}:159}(Object(Illuminate/Http/Request))
#33 C:/Users/maria/Git/ApiApuestasDeportivas/vendor/laravel/framework/src/Illuminate/Pipeline/Pipeline.php(183): Illuminate/Http/Middleware/TrustProxies->handle(Object(Illuminate/Http/Request), Object(Closure))
#34 C:/Users/maria/Git/ApiApuestasDeportivas/vendor/laravel/framework/src/Illuminate/Pipeline/Pipeline.php(119): Illuminate/Pipeline/Pipeline->{closure:{closure:Illuminate/Pipeline/Pipeline::carry():158}:159}(Object(Illuminate/Http/Request))
#35 C:/Users/maria/Git/ApiApuestasDeportivas/vendor/laravel/framework/src/Illuminate/Foundation/Http/Kernel.php(175): Illuminate/Pipeline/Pipeline->then(Object(Closure))
#36 C:/Users/maria/Git/ApiApuestasDeportivas/vendor/laravel/framework/src/Illuminate/Foundation/Http/Kernel.php(144): Illuminate/Foundation/Http/Kernel->sendRequestThroughRouter(Object(Illuminate/Http/Request))
#37 C:/Users/maria/Git/ApiApuestasDeportivas/public/index.php(51): Illuminate/Foundation/Http/Kernel->handle(Object(Illuminate/Http/Request))
#38 C:/Users/maria/Git/ApiApuestasDeportivas/vendor/laravel/framework/src/Illuminate/Foundation/resources/server.php(16): require_once('C://Users//maria//...')
#39 {main}

[previous exception] [object] (ReflectionException(code: -1): Class \"role\" does not exist at C:/Users/maria/Git/ApiApuestasDeportivas/vendor/laravel/framework/src/Illuminate/Container/Container.php:912)
[stacktrace]
#0 C:/Users/maria/Git/ApiApuestasDeportivas/vendor/laravel/framework/src/Illuminate/Container/Container.php(912): ReflectionClass->__construct('role')
#1 C:/Users/maria/Git/ApiApuestasDeportivas/vendor/laravel/framework/src/Illuminate/Container/Container.php(795): Illuminate/Container/Container->build('role')
#2 C:/Users/maria/Git/ApiApuestasDeportivas/vendor/laravel/framework/src/Illuminate/Foundation/Application.php(986): Illuminate/Container/Container->resolve('role', Array, true)
#3 C:/Users/maria/Git/ApiApuestasDeportivas/vendor/laravel/framework/src/Illuminate/Container/Container.php(731): Illuminate/Foundation/Application->resolve('role', Array)
#4 C:/Users/maria/Git/ApiApuestasDeportivas/vendor/laravel/framework/src/Illuminate/Foundation/Application.php(971): Illuminate/Container/Container->make('role', Array)
#5 C:/Users/maria/Git/ApiApuestasDeportivas/vendor/laravel/framework/src/Illuminate/Pipeline/Pipeline.php(172): Illuminate/Foundation/Application->make('role')
#6 C:/Users/maria/Git/ApiApuestasDeportivas/vendor/laravel/framework/src/Illuminate/Routing/Middleware/SubstituteBindings.php(50): Illuminate/Pipeline/Pipeline->{closure:{closure:Illuminate/Pipeline/Pipeline::carry():158}:159}(Object(Illuminate/Http/Request))
#7 C:/Users/maria/Git/ApiApuestasDeportivas/vendor/laravel/framework/src/Illuminate/Pipeline/Pipeline.php(183): Illuminate/Routing/Middleware/SubstituteBindings->handle(Object(Illuminate/Http/Request), Object(Closure))
#8 C:/Users/maria/Git/ApiApuestasDeportivas/vendor/laravel/framework/src/Illuminate/Routing/Middleware/ThrottleRequests.php(159): Illuminate/Pipeline/Pipeline->{closure:{closure:Illuminate/Pipeline/Pipeline::carry():158}:159}(Object(Illuminate/Http/Request))
#9 C:/Users/maria/Git/ApiApuestasDeportivas/vendor/laravel/framework/src/Illuminate/Routing/Middleware/ThrottleRequests.php(125): Illuminate/Routing/Middleware/ThrottleRequests->handleRequest(Object(Illuminate/Http/Request), Object(Closure), Array)
#10 C:/Users/maria/Git/ApiApuestasDeportivas/vendor/laravel/framework/src/Illuminate/Routing/Middleware/ThrottleRequests.php(87): Illuminate/Routing/Middleware/ThrottleRequests->handleRequestUsingNamedLimiter(Object(Illuminate/Http/Request), Object(Closure), 'api', Object(Closure))
#11 C:/Users/maria/Git/ApiApuestasDeportivas/vendor/laravel/framework/src/Illuminate/Pipeline/Pipeline.php(183): Illuminate/Routing/Middleware/ThrottleRequests->handle(Object(Illuminate/Http/Request), Object(Closure), 'api')
#12 C:/Users/maria/Git/ApiApuestasDeportivas/vendor/laravel/framework/src/Illuminate/Auth/Middleware/Authenticate.php(57): Illuminate/Pipeline/Pipeline->{closure:{closure:Illuminate/Pipeline/Pipeline::carry():158}:159}(Object(Illuminate/Http/Request))
#13 C:/Users/maria/Git/ApiApuestasDeportivas/vendor/laravel/framework/src/Illuminate/Pipeline/Pipeline.php(183): Illuminate/Auth/Middleware/Authenticate->handle(Object(Illuminate/Http/Request), Object(Closure), 'api')
#14 C:/Users/maria/Git/ApiApuestasDeportivas/vendor/laravel/framework/src/Illuminate/Pipeline/Pipeline.php(119): Illuminate/Pipeline/Pipeline->{closure:{closure:Illuminate/Pipeline/Pipeline::carry():158}:159}(Object(Illuminate/Http/Request))
#15 C:/Users/maria/Git/ApiApuestasDeportivas/vendor/laravel/framework/src/Illuminate/Routing/Router.php(805): Illuminate/Pipeline/Pipeline->then(Object(Closure))
#16 C:/Users/maria/Git/ApiApuestasDeportivas/vendor/laravel/framework/src/Illuminate/Routing/Router.php(784): Illuminate/Routing/Router->runRouteWithinStack(Object(Illuminate/Routing/Route), Object(Illuminate/Http/Request))
#17 C:/Users/maria/Git/ApiApuestasDeportivas/vendor/laravel/framework/src/Illuminate/Routing/Router.php(748): Illuminate/Routing/Router->runRoute(Object(Illuminate/Http/Request), Object(Illuminate/Routing/Route))
#18 C:/Users/maria/Git/ApiApuestasDeportivas/vendor/laravel/framework/src/Illuminate/Routing/Router.php(737): Illuminate/Routing/Router->dispatchToRoute(Object(Illuminate/Http/Request))
#19 C:/Users/maria/Git/ApiApuestasDeportivas/vendor/laravel/framework/src/Illuminate/Foundation/Http/Kernel.php(200): Illuminate/Routing/Router->dispatch(Object(Illuminate/Http/Request))
#20 C:/Users/maria/Git/ApiApuestasDeportivas/vendor/laravel/framework/src/Illuminate/Pipeline/Pipeline.php(144): Illuminate/Foundation/Http/Kernel->{closure:Illuminate/Foundation/Http/Kernel::dispatchToRouter():197}(Object(Illuminate/Http/Request))
#21 C:/Users/maria/Git/ApiApuestasDeportivas/vendor/laravel/framework/src/Illuminate/Foundation/Http/Middleware/TransformsRequest.php(21): Illuminate/Pipeline/Pipeline->{closure:Illuminate/Pipeline/Pipeline::prepareDestination():142}(Object(Illuminate/Http/Request))
#22 C:/Users/maria/Git/ApiApuestasDeportivas/vendor/laravel/framework/src/Illuminate/Foundation/Http/Middleware/ConvertEmptyStringsToNull.php(31): Illuminate/Foundation/Http/Middleware/TransformsRequest->handle(Object(Illuminate/Http/Request), Object(Closure))
#23 C:/Users/maria/Git/ApiApuestasDeportivas/vendor/laravel/framework/src/Illuminate/Pipeline/Pipeline.php(183): Illuminate/Foundation/Http/Middleware/ConvertEmptyStringsToNull->handle(Object(Illuminate/Http/Request), Object(Closure))
#24 C:/Users/maria/Git/ApiApuestasDeportivas/vendor/laravel/framework/src/Illuminate/Foundation/Http/Middleware/TransformsRequest.php(21): Illuminate/Pipeline/Pipeline->{closure:{closure:Illuminate/Pipeline/Pipeline::carry():158}:159}(Object(Illuminate/Http/Request))
#25 C:/Users/maria/Git/ApiApuestasDeportivas/vendor/laravel/framework/src/Illuminate/Foundation/Http/Middleware/TrimStrings.php(40): Illuminate/Foundation/Http/Middleware/TransformsRequest->handle(Object(Illuminate/Http/Request), Object(Closure))
#26 C:/Users/maria/Git/ApiApuestasDeportivas/vendor/laravel/framework/src/Illuminate/Pipeline/Pipeline.php(183): Illuminate/Foundation/Http/Middleware/TrimStrings->handle(Object(Illuminate/Http/Request), Object(Closure))
#27 C:/Users/maria/Git/ApiApuestasDeportivas/vendor/laravel/framework/src/Illuminate/Foundation/Http/Middleware/ValidatePostSize.php(27): Illuminate/Pipeline/Pipeline->{closure:{closure:Illuminate/Pipeline/Pipeline::carry():158}:159}(Object(Illuminate/Http/Request))
#28 C:/Users/maria/Git/ApiApuestasDeportivas/vendor/laravel/framework/src/Illuminate/Pipeline/Pipeline.php(183): Illuminate/Foundation/Http/Middleware/ValidatePostSize->handle(Object(Illuminate/Http/Request), Object(Closure))
#29 C:/Users/maria/Git/ApiApuestasDeportivas/vendor/laravel/framework/src/Illuminate/Foundation/Http/Middleware/PreventRequestsDuringMaintenance.php(99): Illuminate/Pipeline/Pipeline->{closure:{closure:Illuminate/Pipeline/Pipeline::carry():158}:159}(Object(Illuminate/Http/Request))
#30 C:/Users/maria/Git/ApiApuestasDeportivas/vendor/laravel/framework/src/Illuminate/Pipeline/Pipeline.php(183): Illuminate/Foundation/Http/Middleware/PreventRequestsDuringMaintenance->handle(Object(Illuminate/Http/Request), Object(Closure))
#31 C:/Users/maria/Git/ApiApuestasDeportivas/vendor/laravel/framework/src/Illuminate/Http/Middleware/HandleCors.php(62): Illuminate/Pipeline/Pipeline->{closure:{closure:Illuminate/Pipeline/Pipeline::carry():158}:159}(Object(Illuminate/Http/Request))
#32 C:/Users/maria/Git/ApiApuestasDeportivas/vendor/laravel/framework/src/Illuminate/Pipeline/Pipeline.php(183): Illuminate/Http/Middleware/HandleCors->handle(Object(Illuminate/Http/Request), Object(Closure))
#33 C:/Users/maria/Git/ApiApuestasDeportivas/vendor/laravel/framework/src/Illuminate/Http/Middleware/TrustProxies.php(39): Illuminate/Pipeline/Pipeline->{closure:{closure:Illuminate/Pipeline/Pipeline::carry():158}:159}(Object(Illuminate/Http/Request))
#34 C:/Users/maria/Git/ApiApuestasDeportivas/vendor/laravel/framework/src/Illuminate/Pipeline/Pipeline.php(183): Illuminate/Http/Middleware/TrustProxies->handle(Object(Illuminate/Http/Request), Object(Closure))
#35 C:/Users/maria/Git/ApiApuestasDeportivas/vendor/laravel/framework/src/Illuminate/Pipeline/Pipeline.php(119): Illuminate/Pipeline/Pipeline->{closure:{closure:Illuminate/Pipeline/Pipeline::carry():158}:159}(Object(Illuminate/Http/Request))
#36 C:/Users/maria/Git/ApiApuestasDeportivas/vendor/laravel/framework/src/Illuminate/Foundation/Http/Kernel.php(175): Illuminate/Pipeline/Pipeline->then(Object(Closure))
#37 C:/Users/maria/Git/ApiApuestasDeportivas/vendor/laravel/framework/src/Illuminate/Foundation/Http/Kernel.php(144): Illuminate/Foundation/Http/Kernel->sendRequestThroughRouter(Object(Illuminate/Http/Request))
#38 C:/Users/maria/Git/ApiApuestasDeportivas/public/index.php(51): Illuminate/Foundation/Http/Kernel->handle(Object(Illuminate/Http/Request))
#39 C:/Users/maria/Git/ApiApuestasDeportivas/vendor/laravel/framework/src/Illuminate/Foundation/resources/server.php(16): require_once('C://Users//maria//...')
#40 {main}
"} 
[2026-03-14 03:12:20] local.ERROR: Target class [role] does not exist. {"userId":1,"exception":"[object] (Illuminate\\Contracts\\Container\\BindingResolutionException(code: 0): Target class [role] does not exist. at C:/Users/maria/Git/ApiApuestasDeportivas/vendor/laravel/framework/src/Illuminate/Container/Container.php:914)
[stacktrace]
#0 C:/Users/maria/Git/ApiApuestasDeportivas/vendor/laravel/framework/src/Illuminate/Container/Container.php(795): Illuminate/Container/Container->build('role')
#1 C:/Users/maria/Git/ApiApuestasDeportivas/vendor/laravel/framework/src/Illuminate/Foundation/Application.php(986): Illuminate/Container/Container->resolve('role', Array, true)
#2 C:/Users/maria/Git/ApiApuestasDeportivas/vendor/laravel/framework/src/Illuminate/Container/Container.php(731): Illuminate/Foundation/Application->resolve('role', Array)
#3 C:/Users/maria/Git/ApiApuestasDeportivas/vendor/laravel/framework/src/Illuminate/Foundation/Application.php(971): Illuminate/Container/Container->make('role', Array)
#4 C:/Users/maria/Git/ApiApuestasDeportivas/vendor/laravel/framework/src/Illuminate/Foundation/Http/Kernel.php(255): Illuminate/Foundation/Application->make('role')
#5 C:/Users/maria/Git/ApiApuestasDeportivas/vendor/laravel/framework/src/Illuminate/Foundation/Http/Kernel.php(213): Illuminate/Foundation/Http/Kernel->terminateMiddleware(Object(Illuminate/Http/Request), Object(Illuminate/Http/Response))
#6 C:/Users/maria/Git/ApiApuestasDeportivas/public/index.php(55): Illuminate/Foundation/Http/Kernel->terminate(Object(Illuminate/Http/Request), Object(Illuminate/Http/Response))
#7 C:/Users/maria/Git/ApiApuestasDeportivas/vendor/laravel/framework/src/Illuminate/Foundation/resources/server.php(16): require_once('C://Users//maria//...')
#8 {main}

[previous exception] [object] (ReflectionException(code: -1): Class \"role\" does not exist at C:/Users/maria/Git/ApiApuestasDeportivas/vendor/laravel/framework/src/Illuminate/Container/Container.php:912)
[stacktrace]
#0 C:/Users/maria/Git/ApiApuestasDeportivas/vendor/laravel/framework/src/Illuminate/Container/Container.php(912): ReflectionClass->__construct('role')
#1 C:/Users/maria/Git/ApiApuestasDeportivas/vendor/laravel/framework/src/Illuminate/Container/Container.php(795): Illuminate/Container/Container->build('role')
#2 C:/Users/maria/Git/ApiApuestasDeportivas/vendor/laravel/framework/src/Illuminate/Foundation/Application.php(986): Illuminate/Container/Container->resolve('role', Array, true)
#3 C:/Users/maria/Git/ApiApuestasDeportivas/vendor/laravel/framework/src/Illuminate/Container/Container.php(731): Illuminate/Foundation/Application->resolve('role', Array)
#4 C:/Users/maria/Git/ApiApuestasDeportivas/vendor/laravel/framework/src/Illuminate/Foundation/Application.php(971): Illuminate/Container/Container->make('role', Array)
#5 C:/Users/maria/Git/ApiApuestasDeportivas/vendor/laravel/framework/src/Illuminate/Foundation/Http/Kernel.php(255): Illuminate/Foundation/Application->make('role')
#6 C:/Users/maria/Git/ApiApuestasDeportivas/vendor/laravel/framework/src/Illuminate/Foundation/Http/Kernel.php(213): Illuminate/Foundation/Http/Kernel->terminateMiddleware(Object(Illuminate/Http/Request), Object(Illuminate/Http/Response))
#7 C:/Users/maria/Git/ApiApuestasDeportivas/public/index.php(55): Illuminate/Foundation/Http/Kernel->terminate(Object(Illuminate/Http/Request), Object(Illuminate/Http/Response))
#8 C:/Users/maria/Git/ApiApuestasDeportivas/vendor/laravel/framework/src/Illuminate/Foundation/resources/server.php(16): require_once('C://Users//maria//...')
#9 {main}
"} 
[2026-03-14 03:17:58] local.ERROR: Target class [App\Http\Middleware\RoleMiddleware] does not exist. {"userId":1,"exception":"[object] (Illuminate\\Contracts\\Container\\BindingResolutionException(code: 0): Target class [App\\Http\\Middleware\\RoleMiddleware] does not exist. at C:/Users/maria/Git/ApiApuestasDeportivas/vendor/laravel/framework/src/Illuminate/Container/Container.php:914)
[stacktrace]
#0 C:/Users/maria/Git/ApiApuestasDeportivas/vendor/laravel/framework/src/Illuminate/Container/Container.php(795): Illuminate/Container/Container->build('App//Http//Middle...')
#1 C:/Users/maria/Git/ApiApuestasDeportivas/vendor/laravel/framework/src/Illuminate/Foundation/Application.php(986): Illuminate/Container/Container->resolve('App//Http//Middle...', Array, true)
#2 C:/Users/maria/Git/ApiApuestasDeportivas/vendor/laravel/framework/src/Illuminate/Container/Container.php(731): Illuminate/Foundation/Application->resolve('App//Http//Middle...', Array)
#3 C:/Users/maria/Git/ApiApuestasDeportivas/vendor/laravel/framework/src/Illuminate/Foundation/Application.php(971): Illuminate/Container/Container->make('App//Http//Middle...', Array)
#4 C:/Users/maria/Git/ApiApuestasDeportivas/vendor/laravel/framework/src/Illuminate/Pipeline/Pipeline.php(172): Illuminate/Foundation/Application->make('App//Http//Middle...')
#5 C:/Users/maria/Git/ApiApuestasDeportivas/vendor/laravel/framework/src/Illuminate/Routing/Middleware/SubstituteBindings.php(50): Illuminate/Pipeline/Pipeline->{closure:{closure:Illuminate/Pipeline/Pipeline::carry():158}:159}(Object(Illuminate/Http/Request))
#6 C:/Users/maria/Git/ApiApuestasDeportivas/vendor/laravel/framework/src/Illuminate/Pipeline/Pipeline.php(183): Illuminate/Routing/Middleware/SubstituteBindings->handle(Object(Illuminate/Http/Request), Object(Closure))
#7 C:/Users/maria/Git/ApiApuestasDeportivas/vendor/laravel/framework/src/Illuminate/Routing/Middleware/ThrottleRequests.php(159): Illuminate/Pipeline/Pipeline->{closure:{closure:Illuminate/Pipeline/Pipeline::carry():158}:159}(Object(Illuminate/Http/Request))
#8 C:/Users/maria/Git/ApiApuestasDeportivas/vendor/laravel/framework/src/Illuminate/Routing/Middleware/ThrottleRequests.php(125): Illuminate/Routing/Middleware/ThrottleRequests->handleRequest(Object(Illuminate/Http/Request), Object(Closure), Array)
#9 C:/Users/maria/Git/ApiApuestasDeportivas/vendor/laravel/framework/src/Illuminate/Routing/Middleware/ThrottleRequests.php(87): Illuminate/Routing/Middleware/ThrottleRequests->handleRequestUsingNamedLimiter(Object(Illuminate/Http/Request), Object(Closure), 'api', Object(Closure))
#10 C:/Users/maria/Git/ApiApuestasDeportivas/vendor/laravel/framework/src/Illuminate/Pipeline/Pipeline.php(183): Illuminate/Routing/Middleware/ThrottleRequests->handle(Object(Illuminate/Http/Request), Object(Closure), 'api')
#11 C:/Users/maria/Git/ApiApuestasDeportivas/vendor/laravel/framework/src/Illuminate/Auth/Middleware/Authenticate.php(57): Illuminate/Pipeline/Pipeline->{closure:{closure:Illuminate/Pipeline/Pipeline::carry():158}:159}(Object(Illuminate/Http/Request))
#12 C:/Users/maria/Git/ApiApuestasDeportivas/vendor/laravel/framework/src/Illuminate/Pipeline/Pipeline.php(183): Illuminate/Auth/Middleware/Authenticate->handle(Object(Illuminate/Http/Request), Object(Closure), 'api')
#13 C:/Users/maria/Git/ApiApuestasDeportivas/vendor/laravel/framework/src/Illuminate/Pipeline/Pipeline.php(119): Illuminate/Pipeline/Pipeline->{closure:{closure:Illuminate/Pipeline/Pipeline::carry():158}:159}(Object(Illuminate/Http/Request))
#14 C:/Users/maria/Git/ApiApuestasDeportivas/vendor/laravel/framework/src/Illuminate/Routing/Router.php(805): Illuminate/Pipeline/Pipeline->then(Object(Closure))
#15 C:/Users/maria/Git/ApiApuestasDeportivas/vendor/laravel/framework/src/Illuminate/Routing/Router.php(784): Illuminate/Routing/Router->runRouteWithinStack(Object(Illuminate/Routing/Route), Object(Illuminate/Http/Request))
#16 C:/Users/maria/Git/ApiApuestasDeportivas/vendor/laravel/framework/src/Illuminate/Routing/Router.php(748): Illuminate/Routing/Router->runRoute(Object(Illuminate/Http/Request), Object(Illuminate/Routing/Route))
#17 C:/Users/maria/Git/ApiApuestasDeportivas/vendor/laravel/framework/src/Illuminate/Routing/Router.php(737): Illuminate/Routing/Router->dispatchToRoute(Object(Illuminate/Http/Request))
#18 C:/Users/maria/Git/ApiApuestasDeportivas/vendor/laravel/framework/src/Illuminate/Foundation/Http/Kernel.php(200): Illuminate/Routing/Router->dispatch(Object(Illuminate/Http/Request))
#19 C:/Users/maria/Git/ApiApuestasDeportivas/vendor/laravel/framework/src/Illuminate/Pipeline/Pipeline.php(144): Illuminate/Foundation/Http/Kernel->{closure:Illuminate/Foundation/Http/Kernel::dispatchToRouter():197}(Object(Illuminate/Http/Request))
#20 C:/Users/maria/Git/ApiApuestasDeportivas/vendor/laravel/framework/src/Illuminate/Foundation/Http/Middleware/TransformsRequest.php(21): Illuminate/Pipeline/Pipeline->{closure:Illuminate/Pipeline/Pipeline::prepareDestination():142}(Object(Illuminate/Http/Request))
#21 C:/Users/maria/Git/ApiApuestasDeportivas/vendor/laravel/framework/src/Illuminate/Foundation/Http/Middleware/ConvertEmptyStringsToNull.php(31): Illuminate/Foundation/Http/Middleware/TransformsRequest->handle(Object(Illuminate/Http/Request), Object(Closure))
#22 C:/Users/maria/Git/ApiApuestasDeportivas/vendor/laravel/framework/src/Illuminate/Pipeline/Pipeline.php(183): Illuminate/Foundation/Http/Middleware/ConvertEmptyStringsToNull->handle(Object(Illuminate/Http/Request), Object(Closure))
#23 C:/Users/maria/Git/ApiApuestasDeportivas/vendor/laravel/framework/src/Illuminate/Foundation/Http/Middleware/TransformsRequest.php(21): Illuminate/Pipeline/Pipeline->{closure:{closure:Illuminate/Pipeline/Pipeline::carry():158}:159}(Object(Illuminate/Http/Request))
#24 C:/Users/maria/Git/ApiApuestasDeportivas/vendor/laravel/framework/src/Illuminate/Foundation/Http/Middleware/TrimStrings.php(40): Illuminate/Foundation/Http/Middleware/TransformsRequest->handle(Object(Illuminate/Http/Request), Object(Closure))
#25 C:/Users/maria/Git/ApiApuestasDeportivas/vendor/laravel/framework/src/Illuminate/Pipeline/Pipeline.php(183): Illuminate/Foundation/Http/Middleware/TrimStrings->handle(Object(Illuminate/Http/Request), Object(Closure))
#26 C:/Users/maria/Git/ApiApuestasDeportivas/vendor/laravel/framework/src/Illuminate/Foundation/Http/Middleware/ValidatePostSize.php(27): Illuminate/Pipeline/Pipeline->{closure:{closure:Illuminate/Pipeline/Pipeline::carry():158}:159}(Object(Illuminate/Http/Request))
#27 C:/Users/maria/Git/ApiApuestasDeportivas/vendor/laravel/framework/src/Illuminate/Pipeline/Pipeline.php(183): Illuminate/Foundation/Http/Middleware/ValidatePostSize->handle(Object(Illuminate/Http/Request), Object(Closure))
#28 C:/Users/maria/Git/ApiApuestasDeportivas/vendor/laravel/framework/src/Illuminate/Foundation/Http/Middleware/PreventRequestsDuringMaintenance.php(99): Illuminate/Pipeline/Pipeline->{closure:{closure:Illuminate/Pipeline/Pipeline::carry():158}:159}(Object(Illuminate/Http/Request))
#29 C:/Users/maria/Git/ApiApuestasDeportivas/vendor/laravel/framework/src/Illuminate/Pipeline/Pipeline.php(183): Illuminate/Foundation/Http/Middleware/PreventRequestsDuringMaintenance->handle(Object(Illuminate/Http/Request), Object(Closure))
#30 C:/Users/maria/Git/ApiApuestasDeportivas/vendor/laravel/framework/src/Illuminate/Http/Middleware/HandleCors.php(62): Illuminate/Pipeline/Pipeline->{closure:{closure:Illuminate/Pipeline/Pipeline::carry():158}:159}(Object(Illuminate/Http/Request))
#31 C:/Users/maria/Git/ApiApuestasDeportivas/vendor/laravel/framework/src/Illuminate/Pipeline/Pipeline.php(183): Illuminate/Http/Middleware/HandleCors->handle(Object(Illuminate/Http/Request), Object(Closure))
#32 C:/Users/maria/Git/ApiApuestasDeportivas/vendor/laravel/framework/src/Illuminate/Http/Middleware/TrustProxies.php(39): Illuminate/Pipeline/Pipeline->{closure:{closure:Illuminate/Pipeline/Pipeline::carry():158}:159}(Object(Illuminate/Http/Request))
#33 C:/Users/maria/Git/ApiApuestasDeportivas/vendor/laravel/framework/src/Illuminate/Pipeline/Pipeline.php(183): Illuminate/Http/Middleware/TrustProxies->handle(Object(Illuminate/Http/Request), Object(Closure))
#34 C:/Users/maria/Git/ApiApuestasDeportivas/vendor/laravel/framework/src/Illuminate/Pipeline/Pipeline.php(119): Illuminate/Pipeline/Pipeline->{closure:{closure:Illuminate/Pipeline/Pipeline::carry():158}:159}(Object(Illuminate/Http/Request))
#35 C:/Users/maria/Git/ApiApuestasDeportivas/vendor/laravel/framework/src/Illuminate/Foundation/Http/Kernel.php(175): Illuminate/Pipeline/Pipeline->then(Object(Closure))
#36 C:/Users/maria/Git/ApiApuestasDeportivas/vendor/laravel/framework/src/Illuminate/Foundation/Http/Kernel.php(144): Illuminate/Foundation/Http/Kernel->sendRequestThroughRouter(Object(Illuminate/Http/Request))
#37 C:/Users/maria/Git/ApiApuestasDeportivas/public/index.php(51): Illuminate/Foundation/Http/Kernel->handle(Object(Illuminate/Http/Request))
#38 C:/Users/maria/Git/ApiApuestasDeportivas/vendor/laravel/framework/src/Illuminate/Foundation/resources/server.php(16): require_once('C://Users//maria//...')
#39 {main}

[previous exception] [object] (ReflectionException(code: -1): Class \"App\\Http\\Middleware\\RoleMiddleware\" does not exist at C:/Users/maria/Git/ApiApuestasDeportivas/vendor/laravel/framework/src/Illuminate/Container/Container.php:912)
[stacktrace]
#0 C:/Users/maria/Git/ApiApuestasDeportivas/vendor/laravel/framework/src/Illuminate/Container/Container.php(912): ReflectionClass->__construct('App//Http//Middle...')
#1 C:/Users/maria/Git/ApiApuestasDeportivas/vendor/laravel/framework/src/Illuminate/Container/Container.php(795): Illuminate/Container/Container->build('App//Http//Middle...')
#2 C:/Users/maria/Git/ApiApuestasDeportivas/vendor/laravel/framework/src/Illuminate/Foundation/Application.php(986): Illuminate/Container/Container->resolve('App//Http//Middle...', Array, true)
#3 C:/Users/maria/Git/ApiApuestasDeportivas/vendor/laravel/framework/src/Illuminate/Container/Container.php(731): Illuminate/Foundation/Application->resolve('App//Http//Middle...', Array)
#4 C:/Users/maria/Git/ApiApuestasDeportivas/vendor/laravel/framework/src/Illuminate/Foundation/Application.php(971): Illuminate/Container/Container->make('App//Http//Middle...', Array)
#5 C:/Users/maria/Git/ApiApuestasDeportivas/vendor/laravel/framework/src/Illuminate/Pipeline/Pipeline.php(172): Illuminate/Foundation/Application->make('App//Http//Middle...')
#6 C:/Users/maria/Git/ApiApuestasDeportivas/vendor/laravel/framework/src/Illuminate/Routing/Middleware/SubstituteBindings.php(50): Illuminate/Pipeline/Pipeline->{closure:{closure:Illuminate/Pipeline/Pipeline::carry():158}:159}(Object(Illuminate/Http/Request))
#7 C:/Users/maria/Git/ApiApuestasDeportivas/vendor/laravel/framework/src/Illuminate/Pipeline/Pipeline.php(183): Illuminate/Routing/Middleware/SubstituteBindings->handle(Object(Illuminate/Http/Request), Object(Closure))
#8 C:/Users/maria/Git/ApiApuestasDeportivas/vendor/laravel/framework/src/Illuminate/Routing/Middleware/ThrottleRequests.php(159): Illuminate/Pipeline/Pipeline->{closure:{closure:Illuminate/Pipeline/Pipeline::carry():158}:159}(Object(Illuminate/Http/Request))
#9 C:/Users/maria/Git/ApiApuestasDeportivas/vendor/laravel/framework/src/Illuminate/Routing/Middleware/ThrottleRequests.php(125): Illuminate/Routing/Middleware/ThrottleRequests->handleRequest(Object(Illuminate/Http/Request), Object(Closure), Array)
#10 C:/Users/maria/Git/ApiApuestasDeportivas/vendor/laravel/framework/src/Illuminate/Routing/Middleware/ThrottleRequests.php(87): Illuminate/Routing/Middleware/ThrottleRequests->handleRequestUsingNamedLimiter(Object(Illuminate/Http/Request), Object(Closure), 'api', Object(Closure))
#11 C:/Users/maria/Git/ApiApuestasDeportivas/vendor/laravel/framework/src/Illuminate/Pipeline/Pipeline.php(183): Illuminate/Routing/Middleware/ThrottleRequests->handle(Object(Illuminate/Http/Request), Object(Closure), 'api')
#12 C:/Users/maria/Git/ApiApuestasDeportivas/vendor/laravel/framework/src/Illuminate/Auth/Middleware/Authenticate.php(57): Illuminate/Pipeline/Pipeline->{closure:{closure:Illuminate/Pipeline/Pipeline::carry():158}:159}(Object(Illuminate/Http/Request))
#13 C:/Users/maria/Git/ApiApuestasDeportivas/vendor/laravel/framework/src/Illuminate/Pipeline/Pipeline.php(183): Illuminate/Auth/Middleware/Authenticate->handle(Object(Illuminate/Http/Request), Object(Closure), 'api')
#14 C:/Users/maria/Git/ApiApuestasDeportivas/vendor/laravel/framework/src/Illuminate/Pipeline/Pipeline.php(119): Illuminate/Pipeline/Pipeline->{closure:{closure:Illuminate/Pipeline/Pipeline::carry():158}:159}(Object(Illuminate/Http/Request))
#15 C:/Users/maria/Git/ApiApuestasDeportivas/vendor/laravel/framework/src/Illuminate/Routing/Router.php(805): Illuminate/Pipeline/Pipeline->then(Object(Closure))
#16 C:/Users/maria/Git/ApiApuestasDeportivas/vendor/laravel/framework/src/Illuminate/Routing/Router.php(784): Illuminate/Routing/Router->runRouteWithinStack(Object(Illuminate/Routing/Route), Object(Illuminate/Http/Request))
#17 C:/Users/maria/Git/ApiApuestasDeportivas/vendor/laravel/framework/src/Illuminate/Routing/Router.php(748): Illuminate/Routing/Router->runRoute(Object(Illuminate/Http/Request), Object(Illuminate/Routing/Route))
#18 C:/Users/maria/Git/ApiApuestasDeportivas/vendor/laravel/framework/src/Illuminate/Routing/Router.php(737): Illuminate/Routing/Router->dispatchToRoute(Object(Illuminate/Http/Request))
#19 C:/Users/maria/Git/ApiApuestasDeportivas/vendor/laravel/framework/src/Illuminate/Foundation/Http/Kernel.php(200): Illuminate/Routing/Router->dispatch(Object(Illuminate/Http/Request))
#20 C:/Users/maria/Git/ApiApuestasDeportivas/vendor/laravel/framework/src/Illuminate/Pipeline/Pipeline.php(144): Illuminate/Foundation/Http/Kernel->{closure:Illuminate/Foundation/Http/Kernel::dispatchToRouter():197}(Object(Illuminate/Http/Request))
#21 C:/Users/maria/Git/ApiApuestasDeportivas/vendor/laravel/framework/src/Illuminate/Foundation/Http/Middleware/TransformsRequest.php(21): Illuminate/Pipeline/Pipeline->{closure:Illuminate/Pipeline/Pipeline::prepareDestination():142}(Object(Illuminate/Http/Request))
#22 C:/Users/maria/Git/ApiApuestasDeportivas/vendor/laravel/framework/src/Illuminate/Foundation/Http/Middleware/ConvertEmptyStringsToNull.php(31): Illuminate/Foundation/Http/Middleware/TransformsRequest->handle(Object(Illuminate/Http/Request), Object(Closure))
#23 C:/Users/maria/Git/ApiApuestasDeportivas/vendor/laravel/framework/src/Illuminate/Pipeline/Pipeline.php(183): Illuminate/Foundation/Http/Middleware/ConvertEmptyStringsToNull->handle(Object(Illuminate/Http/Request), Object(Closure))
#24 C:/Users/maria/Git/ApiApuestasDeportivas/vendor/laravel/framework/src/Illuminate/Foundation/Http/Middleware/TransformsRequest.php(21): Illuminate/Pipeline/Pipeline->{closure:{closure:Illuminate/Pipeline/Pipeline::carry():158}:159}(Object(Illuminate/Http/Request))
#25 C:/Users/maria/Git/ApiApuestasDeportivas/vendor/laravel/framework/src/Illuminate/Foundation/Http/Middleware/TrimStrings.php(40): Illuminate/Foundation/Http/Middleware/TransformsRequest->handle(Object(Illuminate/Http/Request), Object(Closure))
#26 C:/Users/maria/Git/ApiApuestasDeportivas/vendor/laravel/framework/src/Illuminate/Pipeline/Pipeline.php(183): Illuminate/Foundation/Http/Middleware/TrimStrings->handle(Object(Illuminate/Http/Request), Object(Closure))
#27 C:/Users/maria/Git/ApiApuestasDeportivas/vendor/laravel/framework/src/Illuminate/Foundation/Http/Middleware/ValidatePostSize.php(27): Illuminate/Pipeline/Pipeline->{closure:{closure:Illuminate/Pipeline/Pipeline::carry():158}:159}(Object(Illuminate/Http/Request))
#28 C:/Users/maria/Git/ApiApuestasDeportivas/vendor/laravel/framework/src/Illuminate/Pipeline/Pipeline.php(183): Illuminate/Foundation/Http/Middleware/ValidatePostSize->handle(Object(Illuminate/Http/Request), Object(Closure))
#29 C:/Users/maria/Git/ApiApuestasDeportivas/vendor/laravel/framework/src/Illuminate/Foundation/Http/Middleware/PreventRequestsDuringMaintenance.php(99): Illuminate/Pipeline/Pipeline->{closure:{closure:Illuminate/Pipeline/Pipeline::carry():158}:159}(Object(Illuminate/Http/Request))
#30 C:/Users/maria/Git/ApiApuestasDeportivas/vendor/laravel/framework/src/Illuminate/Pipeline/Pipeline.php(183): Illuminate/Foundation/Http/Middleware/PreventRequestsDuringMaintenance->handle(Object(Illuminate/Http/Request), Object(Closure))
#31 C:/Users/maria/Git/ApiApuestasDeportivas/vendor/laravel/framework/src/Illuminate/Http/Middleware/HandleCors.php(62): Illuminate/Pipeline/Pipeline->{closure:{closure:Illuminate/Pipeline/Pipeline::carry():158}:159}(Object(Illuminate/Http/Request))
#32 C:/Users/maria/Git/ApiApuestasDeportivas/vendor/laravel/framework/src/Illuminate/Pipeline/Pipeline.php(183): Illuminate/Http/Middleware/HandleCors->handle(Object(Illuminate/Http/Request), Object(Closure))
#33 C:/Users/maria/Git/ApiApuestasDeportivas/vendor/laravel/framework/src/Illuminate/Http/Middleware/TrustProxies.php(39): Illuminate/Pipeline/Pipeline->{closure:{closure:Illuminate/Pipeline/Pipeline::carry():158}:159}(Object(Illuminate/Http/Request))
#34 C:/Users/maria/Git/ApiApuestasDeportivas/vendor/laravel/framework/src/Illuminate/Pipeline/Pipeline.php(183): Illuminate/Http/Middleware/TrustProxies->handle(Object(Illuminate/Http/Request), Object(Closure))
#35 C:/Users/maria/Git/ApiApuestasDeportivas/vendor/laravel/framework/src/Illuminate/Pipeline/Pipeline.php(119): Illuminate/Pipeline/Pipeline->{closure:{closure:Illuminate/Pipeline/Pipeline::carry():158}:159}(Object(Illuminate/Http/Request))
#36 C:/Users/maria/Git/ApiApuestasDeportivas/vendor/laravel/framework/src/Illuminate/Foundation/Http/Kernel.php(175): Illuminate/Pipeline/Pipeline->then(Object(Closure))
#37 C:/Users/maria/Git/ApiApuestasDeportivas/vendor/laravel/framework/src/Illuminate/Foundation/Http/Kernel.php(144): Illuminate/Foundation/Http/Kernel->sendRequestThroughRouter(Object(Illuminate/Http/Request))
#38 C:/Users/maria/Git/ApiApuestasDeportivas/public/index.php(51): Illuminate/Foundation/Http/Kernel->handle(Object(Illuminate/Http/Request))
#39 C:/Users/maria/Git/ApiApuestasDeportivas/vendor/laravel/framework/src/Illuminate/Foundation/resources/server.php(16): require_once('C://Users//maria//...')
#40 {main}
"} 
[2026-03-14 03:17:59] local.ERROR: Target class [App\Http\Middleware\RoleMiddleware] does not exist. {"userId":1,"exception":"[object] (Illuminate\\Contracts\\Container\\BindingResolutionException(code: 0): Target class [App\\Http\\Middleware\\RoleMiddleware] does not exist. at C:/Users/maria/Git/ApiApuestasDeportivas/vendor/laravel/framework/src/Illuminate/Container/Container.php:914)
[stacktrace]
#0 C:/Users/maria/Git/ApiApuestasDeportivas/vendor/laravel/framework/src/Illuminate/Container/Container.php(795): Illuminate/Container/Container->build('App//Http//Middle...')
#1 C:/Users/maria/Git/ApiApuestasDeportivas/vendor/laravel/framework/src/Illuminate/Foundation/Application.php(986): Illuminate/Container/Container->resolve('App//Http//Middle...', Array, true)
#2 C:/Users/maria/Git/ApiApuestasDeportivas/vendor/laravel/framework/src/Illuminate/Container/Container.php(731): Illuminate/Foundation/Application->resolve('App//Http//Middle...', Array)
#3 C:/Users/maria/Git/ApiApuestasDeportivas/vendor/laravel/framework/src/Illuminate/Foundation/Application.php(971): Illuminate/Container/Container->make('App//Http//Middle...', Array)
#4 C:/Users/maria/Git/ApiApuestasDeportivas/vendor/laravel/framework/src/Illuminate/Foundation/Http/Kernel.php(255): Illuminate/Foundation/Application->make('App//Http//Middle...')
#5 C:/Users/maria/Git/ApiApuestasDeportivas/vendor/laravel/framework/src/Illuminate/Foundation/Http/Kernel.php(213): Illuminate/Foundation/Http/Kernel->terminateMiddleware(Object(Illuminate/Http/Request), Object(Illuminate/Http/Response))
#6 C:/Users/maria/Git/ApiApuestasDeportivas/public/index.php(55): Illuminate/Foundation/Http/Kernel->terminate(Object(Illuminate/Http/Request), Object(Illuminate/Http/Response))
#7 C:/Users/maria/Git/ApiApuestasDeportivas/vendor/laravel/framework/src/Illuminate/Foundation/resources/server.php(16): require_once('C://Users//maria//...')
#8 {main}

[previous exception] [object] (ReflectionException(code: -1): Class \"App\\Http\\Middleware\\RoleMiddleware\" does not exist at C:/Users/maria/Git/ApiApuestasDeportivas/vendor/laravel/framework/src/Illuminate/Container/Container.php:912)
[stacktrace]
#0 C:/Users/maria/Git/ApiApuestasDeportivas/vendor/laravel/framework/src/Illuminate/Container/Container.php(912): ReflectionClass->__construct('App//Http//Middle...')
#1 C:/Users/maria/Git/ApiApuestasDeportivas/vendor/laravel/framework/src/Illuminate/Container/Container.php(795): Illuminate/Container/Container->build('App//Http//Middle...')
#2 C:/Users/maria/Git/ApiApuestasDeportivas/vendor/laravel/framework/src/Illuminate/Foundation/Application.php(986): Illuminate/Container/Container->resolve('App//Http//Middle...', Array, true)
#3 C:/Users/maria/Git/ApiApuestasDeportivas/vendor/laravel/framework/src/Illuminate/Container/Container.php(731): Illuminate/Foundation/Application->resolve('App//Http//Middle...', Array)
#4 C:/Users/maria/Git/ApiApuestasDeportivas/vendor/laravel/framework/src/Illuminate/Foundation/Application.php(971): Illuminate/Container/Container->make('App//Http//Middle...', Array)
#5 C:/Users/maria/Git/ApiApuestasDeportivas/vendor/laravel/framework/src/Illuminate/Foundation/Http/Kernel.php(255): Illuminate/Foundation/Application->make('App//Http//Middle...')
#6 C:/Users/maria/Git/ApiApuestasDeportivas/vendor/laravel/framework/src/Illuminate/Foundation/Http/Kernel.php(213): Illuminate/Foundation/Http/Kernel->terminateMiddleware(Object(Illuminate/Http/Request), Object(Illuminate/Http/Response))
#7 C:/Users/maria/Git/ApiApuestasDeportivas/public/index.php(55): Illuminate/Foundation/Http/Kernel->terminate(Object(Illuminate/Http/Request), Object(Illuminate/Http/Response))
#8 C:/Users/maria/Git/ApiApuestasDeportivas/vendor/laravel/framework/src/Illuminate/Foundation/resources/server.php(16): require_once('C://Users//maria//...')
#9 {main}
"} 
