[2026-03-14 06:10:06] production.ERROR: SQLSTATE[HY000] [1045] Access denied for user 'forge'@'localhost' (using password: YES) (Connection: mysql, SQL: select count(*) as aggregate from `users` where `email` = mariapazpuerta@gmail.com) {"exception":"[object] (Illuminate\\Database\\QueryException(code: 1045): SQLSTATE[HY000] [1045] Access denied for user 'forge'@'localhost' (using password: YES) (Connection: mysql, SQL: select count(*) as aggregate from `users` where `email` = mariapazpuerta@gmail.com) at C:/Users/maria/Proyecto/ApiApuestasDeportivas/ApiApuestasDeportivas/vendor/laravel/framework/src/Illuminate/Database/Connection.php:829)
[stacktrace]
#0 C:/Users/maria/Proyecto/ApiApuestasDeportivas/ApiApuestasDeportivas/vendor/laravel/framework/src/Illuminate/Database/Connection.php(783): Illuminate/Database/Connection->runQueryCallback('select count(*)...', Array, Object(Closure))
#1 C:/Users/maria/Proyecto/ApiApuestasDeportivas/ApiApuestasDeportivas/vendor/laravel/framework/src/Illuminate/Database/Connection.php(414): Illuminate/Database/Connection->run('select count(*)...', Array, Object(Closure))
#2 C:/Users/maria/Proyecto/ApiApuestasDeportivas/ApiApuestasDeportivas/vendor/laravel/framework/src/Illuminate/Database/Query/Builder.php(2913): Illuminate/Database/Connection->select('select count(*)...', Array, false)
#3 C:/Users/maria/Proyecto/ApiApuestasDeportivas/ApiApuestasDeportivas/vendor/laravel/framework/src/Illuminate/Database/Query/Builder.php(2902): Illuminate/Database/Query/Builder->runSelect()
#4 C:/Users/maria/Proyecto/ApiApuestasDeportivas/ApiApuestasDeportivas/vendor/laravel/framework/src/Illuminate/Database/Query/Builder.php(3456): Illuminate/Database/Query/Builder->{closure:Illuminate/Database/Query/Builder::get():2901}()
#5 C:/Users/maria/Proyecto/ApiApuestasDeportivas/ApiApuestasDeportivas/vendor/laravel/framework/src/Illuminate/Database/Query/Builder.php(2901): Illuminate/Database/Query/Builder->onceWithColumns(Array, Object(Closure))
#6 C:/Users/maria/Proyecto/ApiApuestasDeportivas/ApiApuestasDeportivas/vendor/laravel/framework/src/Illuminate/Database/Query/Builder.php(3383): Illuminate/Database/Query/Builder->get(Array)
#7 C:/Users/maria/Proyecto/ApiApuestasDeportivas/ApiApuestasDeportivas/vendor/laravel/framework/src/Illuminate/Database/Query/Builder.php(3311): Illuminate/Database/Query/Builder->aggregate('count', Array)
#8 C:/Users/maria/Proyecto/ApiApuestasDeportivas/ApiApuestasDeportivas/vendor/laravel/framework/src/Illuminate/Validation/DatabasePresenceVerifier.php(54): Illuminate/Database/Query/Builder->count()
#9 C:/Users/maria/Proyecto/ApiApuestasDeportivas/ApiApuestasDeportivas/vendor/laravel/framework/src/Illuminate/Validation/Concerns/ValidatesAttributes.php(948): Illuminate/Validation/DatabasePresenceVerifier->getCount('users', 'email', 'mariapazpuerta@...', NULL, NULL, Array)
#10 C:/Users/maria/Proyecto/ApiApuestasDeportivas/ApiApuestasDeportivas/vendor/laravel/framework/src/Illuminate/Validation/Validator.php(660): Illuminate/Validation/Validator->validateUnique('email', 'mariapazpuerta@...', Array, Object(Illuminate/Validation/Validator))
#11 C:/Users/maria/Proyecto/ApiApuestasDeportivas/ApiApuestasDeportivas/vendor/laravel/framework/src/Illuminate/Validation/Validator.php(459): Illuminate/Validation/Validator->validateAttribute('email', 'Unique')
#12 C:/Users/maria/Proyecto/ApiApuestasDeportivas/ApiApuestasDeportivas/vendor/laravel/framework/src/Illuminate/Validation/Validator.php(494): Illuminate/Validation/Validator->passes()
#13 C:/Users/maria/Proyecto/ApiApuestasDeportivas/ApiApuestasDeportivas/app/Http/Controllers/AuthController.php(24): Illuminate/Validation/Validator->fails()
#14 C:/Users/maria/Proyecto/ApiApuestasDeportivas/ApiApuestasDeportivas/vendor/laravel/framework/src/Illuminate/Routing/Controller.php(54): App/Http/Controllers/AuthController->register(Object(Illuminate/Http/Request))
#15 C:/Users/maria/Proyecto/ApiApuestasDeportivas/ApiApuestasDeportivas/vendor/laravel/framework/src/Illuminate/Routing/ControllerDispatcher.php(43): Illuminate/Routing/Controller->callAction('register', Array)
#16 C:/Users/maria/Proyecto/ApiApuestasDeportivas/ApiApuestasDeportivas/vendor/laravel/framework/src/Illuminate/Routing/Route.php(259): Illuminate/Routing/ControllerDispatcher->dispatch(Object(Illuminate/Routing/Route), Object(App/Http/Controllers/AuthController), 'register')
#17 C:/Users/maria/Proyecto/ApiApuestasDeportivas/ApiApuestasDeportivas/vendor/laravel/framework/src/Illuminate/Routing/Route.php(205): Illuminate/Routing/Route->runController()
#18 C:/Users/maria/Proyecto/ApiApuestasDeportivas/ApiApuestasDeportivas/vendor/laravel/framework/src/Illuminate/Routing/Router.php(806): Illuminate/Routing/Route->run()
#19 C:/Users/maria/Proyecto/ApiApuestasDeportivas/ApiApuestasDeportivas/vendor/laravel/framework/src/Illuminate/Pipeline/Pipeline.php(144): Illuminate/Routing/Router->{closure:Illuminate/Routing/Router::runRouteWithinStack():805}(Object(Illuminate/Http/Request))
#20 C:/Users/maria/Proyecto/ApiApuestasDeportivas/ApiApuestasDeportivas/vendor/laravel/framework/src/Illuminate/Routing/Middleware/SubstituteBindings.php(50): Illuminate/Pipeline/Pipeline->{closure:Illuminate/Pipeline/Pipeline::prepareDestination():142}(Object(Illuminate/Http/Request))
#21 C:/Users/maria/Proyecto/ApiApuestasDeportivas/ApiApuestasDeportivas/vendor/laravel/framework/src/Illuminate/Pipeline/Pipeline.php(183): Illuminate/Routing/Middleware/SubstituteBindings->handle(Object(Illuminate/Http/Request), Object(Closure))
#22 C:/Users/maria/Proyecto/ApiApuestasDeportivas/ApiApuestasDeportivas/vendor/laravel/framework/src/Illuminate/Routing/Middleware/ThrottleRequests.php(159): Illuminate/Pipeline/Pipeline->{closure:{closure:Illuminate/Pipeline/Pipeline::carry():158}:159}(Object(Illuminate/Http/Request))
#23 C:/Users/maria/Proyecto/ApiApuestasDeportivas/ApiApuestasDeportivas/vendor/laravel/framework/src/Illuminate/Routing/Middleware/ThrottleRequests.php(125): Illuminate/Routing/Middleware/ThrottleRequests->handleRequest(Object(Illuminate/Http/Request), Object(Closure), Array)
#24 C:/Users/maria/Proyecto/ApiApuestasDeportivas/ApiApuestasDeportivas/vendor/laravel/framework/src/Illuminate/Routing/Middleware/ThrottleRequests.php(87): Illuminate/Routing/Middleware/ThrottleRequests->handleRequestUsingNamedLimiter(Object(Illuminate/Http/Request), Object(Closure), 'api', Object(Closure))
#25 C:/Users/maria/Proyecto/ApiApuestasDeportivas/ApiApuestasDeportivas/vendor/laravel/framework/src/Illuminate/Pipeline/Pipeline.php(183): Illuminate/Routing/Middleware/ThrottleRequests->handle(Object(Illuminate/Http/Request), Object(Closure), 'api')
#26 C:/Users/maria/Proyecto/ApiApuestasDeportivas/ApiApuestasDeportivas/vendor/laravel/framework/src/Illuminate/Pipeline/Pipeline.php(119): Illuminate/Pipeline/Pipeline->{closure:{closure:Illuminate/Pipeline/Pipeline::carry():158}:159}(Object(Illuminate/Http/Request))
#27 C:/Users/maria/Proyecto/ApiApuestasDeportivas/ApiApuestasDeportivas/vendor/laravel/framework/src/Illuminate/Routing/Router.php(805): Illuminate/Pipeline/Pipeline->then(Object(Closure))
#28 C:/Users/maria/Proyecto/ApiApuestasDeportivas/ApiApuestasDeportivas/vendor/laravel/framework/src/Illuminate/Routing/Router.php(784): Illuminate/Routing/Router->runRouteWithinStack(Object(Illuminate/Routing/Route), Object(Illuminate/Http/Request))
#29 C:/Users/maria/Proyecto/ApiApuestasDeportivas/ApiApuestasDeportivas/vendor/laravel/framework/src/Illuminate/Routing/Router.php(748): Illuminate/Routing/Router->runRoute(Object(Illuminate/Http/Request), Object(Illuminate/Routing/Route))
#30 C:/Users/maria/Proyecto/ApiApuestasDeportivas/ApiApuestasDeportivas/vendor/laravel/framework/src/Illuminate/Routing/Router.php(737): Illuminate/Routing/Router->dispatchToRoute(Object(Illuminate/Http/Request))
#31 C:/Users/maria/Proyecto/ApiApuestasDeportivas/ApiApuestasDeportivas/vendor/laravel/framework/src/Illuminate/Foundation/Http/Kernel.php(200): Illuminate/Routing/Router->dispatch(Object(Illuminate/Http/Request))
#32 C:/Users/maria/Proyecto/ApiApuestasDeportivas/ApiApuestasDeportivas/vendor/laravel/framework/src/Illuminate/Pipeline/Pipeline.php(144): Illuminate/Foundation/Http/Kernel->{closure:Illuminate/Foundation/Http/Kernel::dispatchToRouter():197}(Object(Illuminate/Http/Request))
#33 C:/Users/maria/Proyecto/ApiApuestasDeportivas/ApiApuestasDeportivas/vendor/laravel/framework/src/Illuminate/Foundation/Http/Middleware/TransformsRequest.php(21): Illuminate/Pipeline/Pipeline->{closure:Illuminate/Pipeline/Pipeline::prepareDestination():142}(Object(Illuminate/Http/Request))
#34 C:/Users/maria/Proyecto/ApiApuestasDeportivas/ApiApuestasDeportivas/vendor/laravel/framework/src/Illuminate/Foundation/Http/Middleware/ConvertEmptyStringsToNull.php(31): Illuminate/Foundation/Http/Middleware/TransformsRequest->handle(Object(Illuminate/Http/Request), Object(Closure))
#35 C:/Users/maria/Proyecto/ApiApuestasDeportivas/ApiApuestasDeportivas/vendor/laravel/framework/src/Illuminate/Pipeline/Pipeline.php(183): Illuminate/Foundation/Http/Middleware/ConvertEmptyStringsToNull->handle(Object(Illuminate/Http/Request), Object(Closure))
#36 C:/Users/maria/Proyecto/ApiApuestasDeportivas/ApiApuestasDeportivas/vendor/laravel/framework/src/Illuminate/Foundation/Http/Middleware/TransformsRequest.php(21): Illuminate/Pipeline/Pipeline->{closure:{closure:Illuminate/Pipeline/Pipeline::carry():158}:159}(Object(Illuminate/Http/Request))
#37 C:/Users/maria/Proyecto/ApiApuestasDeportivas/ApiApuestasDeportivas/vendor/laravel/framework/src/Illuminate/Foundation/Http/Middleware/TrimStrings.php(40): Illuminate/Foundation/Http/Middleware/TransformsRequest->handle(Object(Illuminate/Http/Request), Object(Closure))
#38 C:/Users/maria/Proyecto/ApiApuestasDeportivas/ApiApuestasDeportivas/vendor/laravel/framework/src/Illuminate/Pipeline/Pipeline.php(183): Illuminate/Foundation/Http/Middleware/TrimStrings->handle(Object(Illuminate/Http/Request), Object(Closure))
#39 C:/Users/maria/Proyecto/ApiApuestasDeportivas/ApiApuestasDeportivas/vendor/laravel/framework/src/Illuminate/Foundation/Http/Middleware/ValidatePostSize.php(27): Illuminate/Pipeline/Pipeline->{closure:{closure:Illuminate/Pipeline/Pipeline::carry():158}:159}(Object(Illuminate/Http/Request))
#40 C:/Users/maria/Proyecto/ApiApuestasDeportivas/ApiApuestasDeportivas/vendor/laravel/framework/src/Illuminate/Pipeline/Pipeline.php(183): Illuminate/Foundation/Http/Middleware/ValidatePostSize->handle(Object(Illuminate/Http/Request), Object(Closure))
#41 C:/Users/maria/Proyecto/ApiApuestasDeportivas/ApiApuestasDeportivas/vendor/laravel/framework/src/Illuminate/Foundation/Http/Middleware/PreventRequestsDuringMaintenance.php(99): Illuminate/Pipeline/Pipeline->{closure:{closure:Illuminate/Pipeline/Pipeline::carry():158}:159}(Object(Illuminate/Http/Request))
#42 C:/Users/maria/Proyecto/ApiApuestasDeportivas/ApiApuestasDeportivas/vendor/laravel/framework/src/Illuminate/Pipeline/Pipeline.php(183): Illuminate/Foundation/Http/Middleware/PreventRequestsDuringMaintenance->handle(Object(Illuminate/Http/Request), Object(Closure))
#43 C:/Users/maria/Proyecto/ApiApuestasDeportivas/ApiApuestasDeportivas/vendor/laravel/framework/src/Illuminate/Http/Middleware/HandleCors.php(62): Illuminate/Pipeline/Pipeline->{closure:{closure:Illuminate/Pipeline/Pipeline::carry():158}:159}(Object(Illuminate/Http/Request))
#44 C:/Users/maria/Proyecto/ApiApuestasDeportivas/ApiApuestasDeportivas/vendor/laravel/framework/src/Illuminate/Pipeline/Pipeline.php(183): Illuminate/Http/Middleware/HandleCors->handle(Object(Illuminate/Http/Request), Object(Closure))
#45 C:/Users/maria/Proyecto/ApiApuestasDeportivas/ApiApuestasDeportivas/vendor/laravel/framework/src/Illuminate/Http/Middleware/TrustProxies.php(39): Illuminate/Pipeline/Pipeline->{closure:{closure:Illuminate/Pipeline/Pipeline::carry():158}:159}(Object(Illuminate/Http/Request))
#46 C:/Users/maria/Proyecto/ApiApuestasDeportivas/ApiApuestasDeportivas/vendor/laravel/framework/src/Illuminate/Pipeline/Pipeline.php(183): Illuminate/Http/Middleware/TrustProxies->handle(Object(Illuminate/Http/Request), Object(Closure))
#47 C:/Users/maria/Proyecto/ApiApuestasDeportivas/ApiApuestasDeportivas/vendor/laravel/framework/src/Illuminate/Pipeline/Pipeline.php(119): Illuminate/Pipeline/Pipeline->{closure:{closure:Illuminate/Pipeline/Pipeline::carry():158}:159}(Object(Illuminate/Http/Request))
#48 C:/Users/maria/Proyecto/ApiApuestasDeportivas/ApiApuestasDeportivas/vendor/laravel/framework/src/Illuminate/Foundation/Http/Kernel.php(175): Illuminate/Pipeline/Pipeline->then(Object(Closure))
#49 C:/Users/maria/Proyecto/ApiApuestasDeportivas/ApiApuestasDeportivas/vendor/laravel/framework/src/Illuminate/Foundation/Http/Kernel.php(144): Illuminate/Foundation/Http/Kernel->sendRequestThroughRouter(Object(Illuminate/Http/Request))
#50 C:/Users/maria/Proyecto/ApiApuestasDeportivas/ApiApuestasDeportivas/public/index.php(51): Illuminate/Foundation/Http/Kernel->handle(Object(Illuminate/Http/Request))
#51 C:/Users/maria/Proyecto/ApiApuestasDeportivas/ApiApuestasDeportivas/vendor/laravel/framework/src/Illuminate/Foundation/resources/server.php(16): require_once('C://Users//maria//...')
#52 {main}

[previous exception] [object] (PDOException(code: 1045): SQLSTATE[HY000] [1045] Access denied for user 'forge'@'localhost' (using password: YES) at C:/Users/maria/Proyecto/ApiApuestasDeportivas/ApiApuestasDeportivas/vendor/laravel/framework/src/Illuminate/Database/Connectors/Connector.php:65)
[stacktrace]
#0 C:/Users/maria/Proyecto/ApiApuestasDeportivas/ApiApuestasDeportivas/vendor/laravel/framework/src/Illuminate/Database/Connectors/Connector.php(65): PDO->__construct('mysql:host=127....', 'forge', Object(SensitiveParameterValue), Array)
#1 C:/Users/maria/Proyecto/ApiApuestasDeportivas/ApiApuestasDeportivas/vendor/laravel/framework/src/Illuminate/Database/Connectors/Connector.php(44): Illuminate/Database/Connectors/Connector->createPdoConnection('mysql:host=127....', 'forge', '', Array)
#2 C:/Users/maria/Proyecto/ApiApuestasDeportivas/ApiApuestasDeportivas/vendor/laravel/framework/src/Illuminate/Database/Connectors/MySqlConnector.php(24): Illuminate/Database/Connectors/Connector->createConnection('mysql:host=127....', Array, Array)
#3 C:/Users/maria/Proyecto/ApiApuestasDeportivas/ApiApuestasDeportivas/vendor/laravel/framework/src/Illuminate/Database/Connectors/ConnectionFactory.php(184): Illuminate/Database/Connectors/MySqlConnector->connect(Array)
#4 [internal function]: Illuminate/Database/Connectors/ConnectionFactory->{closure:Illuminate/Database/Connectors/ConnectionFactory::createPdoResolverWithHosts():179}()
#5 C:/Users/maria/Proyecto/ApiApuestasDeportivas/ApiApuestasDeportivas/vendor/laravel/framework/src/Illuminate/Database/Connection.php(1339): call_user_func(Object(Closure))
#6 C:/Users/maria/Proyecto/ApiApuestasDeportivas/ApiApuestasDeportivas/vendor/laravel/framework/src/Illuminate/Database/Connection.php(528): Illuminate/Database/Connection->getPdo()
#7 C:/Users/maria/Proyecto/ApiApuestasDeportivas/ApiApuestasDeportivas/vendor/laravel/framework/src/Illuminate/Database/Connection.php(423): Illuminate/Database/Connection->getPdoForSelect(false)
#8 C:/Users/maria/Proyecto/ApiApuestasDeportivas/ApiApuestasDeportivas/vendor/laravel/framework/src/Illuminate/Database/Connection.php(816): Illuminate/Database/Connection->{closure:Illuminate/Database/Connection::select():414}('select count(*)...', Array)
#9 C:/Users/maria/Proyecto/ApiApuestasDeportivas/ApiApuestasDeportivas/vendor/laravel/framework/src/Illuminate/Database/Connection.php(783): Illuminate/Database/Connection->runQueryCallback('select count(*)...', Array, Object(Closure))
#10 C:/Users/maria/Proyecto/ApiApuestasDeportivas/ApiApuestasDeportivas/vendor/laravel/framework/src/Illuminate/Database/Connection.php(414): Illuminate/Database/Connection->run('select count(*)...', Array, Object(Closure))
#11 C:/Users/maria/Proyecto/ApiApuestasDeportivas/ApiApuestasDeportivas/vendor/laravel/framework/src/Illuminate/Database/Query/Builder.php(2913): Illuminate/Database/Connection->select('select count(*)...', Array, false)
#12 C:/Users/maria/Proyecto/ApiApuestasDeportivas/ApiApuestasDeportivas/vendor/laravel/framework/src/Illuminate/Database/Query/Builder.php(2902): Illuminate/Database/Query/Builder->runSelect()
#13 C:/Users/maria/Proyecto/ApiApuestasDeportivas/ApiApuestasDeportivas/vendor/laravel/framework/src/Illuminate/Database/Query/Builder.php(3456): Illuminate/Database/Query/Builder->{closure:Illuminate/Database/Query/Builder::get():2901}()
#14 C:/Users/maria/Proyecto/ApiApuestasDeportivas/ApiApuestasDeportivas/vendor/laravel/framework/src/Illuminate/Database/Query/Builder.php(2901): Illuminate/Database/Query/Builder->onceWithColumns(Array, Object(Closure))
#15 C:/Users/maria/Proyecto/ApiApuestasDeportivas/ApiApuestasDeportivas/vendor/laravel/framework/src/Illuminate/Database/Query/Builder.php(3383): Illuminate/Database/Query/Builder->get(Array)
#16 C:/Users/maria/Proyecto/ApiApuestasDeportivas/ApiApuestasDeportivas/vendor/laravel/framework/src/Illuminate/Database/Query/Builder.php(3311): Illuminate/Database/Query/Builder->aggregate('count', Array)
#17 C:/Users/maria/Proyecto/ApiApuestasDeportivas/ApiApuestasDeportivas/vendor/laravel/framework/src/Illuminate/Validation/DatabasePresenceVerifier.php(54): Illuminate/Database/Query/Builder->count()
#18 C:/Users/maria/Proyecto/ApiApuestasDeportivas/ApiApuestasDeportivas/vendor/laravel/framework/src/Illuminate/Validation/Concerns/ValidatesAttributes.php(948): Illuminate/Validation/DatabasePresenceVerifier->getCount('users', 'email', 'mariapazpuerta@...', NULL, NULL, Array)
#19 C:/Users/maria/Proyecto/ApiApuestasDeportivas/ApiApuestasDeportivas/vendor/laravel/framework/src/Illuminate/Validation/Validator.php(660): Illuminate/Validation/Validator->validateUnique('email', 'mariapazpuerta@...', Array, Object(Illuminate/Validation/Validator))
#20 C:/Users/maria/Proyecto/ApiApuestasDeportivas/ApiApuestasDeportivas/vendor/laravel/framework/src/Illuminate/Validation/Validator.php(459): Illuminate/Validation/Validator->validateAttribute('email', 'Unique')
#21 C:/Users/maria/Proyecto/ApiApuestasDeportivas/ApiApuestasDeportivas/vendor/laravel/framework/src/Illuminate/Validation/Validator.php(494): Illuminate/Validation/Validator->passes()
#22 C:/Users/maria/Proyecto/ApiApuestasDeportivas/ApiApuestasDeportivas/app/Http/Controllers/AuthController.php(24): Illuminate/Validation/Validator->fails()
#23 C:/Users/maria/Proyecto/ApiApuestasDeportivas/ApiApuestasDeportivas/vendor/laravel/framework/src/Illuminate/Routing/Controller.php(54): App/Http/Controllers/AuthController->register(Object(Illuminate/Http/Request))
#24 C:/Users/maria/Proyecto/ApiApuestasDeportivas/ApiApuestasDeportivas/vendor/laravel/framework/src/Illuminate/Routing/ControllerDispatcher.php(43): Illuminate/Routing/Controller->callAction('register', Array)
#25 C:/Users/maria/Proyecto/ApiApuestasDeportivas/ApiApuestasDeportivas/vendor/laravel/framework/src/Illuminate/Routing/Route.php(259): Illuminate/Routing/ControllerDispatcher->dispatch(Object(Illuminate/Routing/Route), Object(App/Http/Controllers/AuthController), 'register')
#26 C:/Users/maria/Proyecto/ApiApuestasDeportivas/ApiApuestasDeportivas/vendor/laravel/framework/src/Illuminate/Routing/Route.php(205): Illuminate/Routing/Route->runController()
#27 C:/Users/maria/Proyecto/ApiApuestasDeportivas/ApiApuestasDeportivas/vendor/laravel/framework/src/Illuminate/Routing/Router.php(806): Illuminate/Routing/Route->run()
#28 C:/Users/maria/Proyecto/ApiApuestasDeportivas/ApiApuestasDeportivas/vendor/laravel/framework/src/Illuminate/Pipeline/Pipeline.php(144): Illuminate/Routing/Router->{closure:Illuminate/Routing/Router::runRouteWithinStack():805}(Object(Illuminate/Http/Request))
#29 C:/Users/maria/Proyecto/ApiApuestasDeportivas/ApiApuestasDeportivas/vendor/laravel/framework/src/Illuminate/Routing/Middleware/SubstituteBindings.php(50): Illuminate/Pipeline/Pipeline->{closure:Illuminate/Pipeline/Pipeline::prepareDestination():142}(Object(Illuminate/Http/Request))
#30 C:/Users/maria/Proyecto/ApiApuestasDeportivas/ApiApuestasDeportivas/vendor/laravel/framework/src/Illuminate/Pipeline/Pipeline.php(183): Illuminate/Routing/Middleware/SubstituteBindings->handle(Object(Illuminate/Http/Request), Object(Closure))
#31 C:/Users/maria/Proyecto/ApiApuestasDeportivas/ApiApuestasDeportivas/vendor/laravel/framework/src/Illuminate/Routing/Middleware/ThrottleRequests.php(159): Illuminate/Pipeline/Pipeline->{closure:{closure:Illuminate/Pipeline/Pipeline::carry():158}:159}(Object(Illuminate/Http/Request))
#32 C:/Users/maria/Proyecto/ApiApuestasDeportivas/ApiApuestasDeportivas/vendor/laravel/framework/src/Illuminate/Routing/Middleware/ThrottleRequests.php(125): Illuminate/Routing/Middleware/ThrottleRequests->handleRequest(Object(Illuminate/Http/Request), Object(Closure), Array)
#33 C:/Users/maria/Proyecto/ApiApuestasDeportivas/ApiApuestasDeportivas/vendor/laravel/framework/src/Illuminate/Routing/Middleware/ThrottleRequests.php(87): Illuminate/Routing/Middleware/ThrottleRequests->handleRequestUsingNamedLimiter(Object(Illuminate/Http/Request), Object(Closure), 'api', Object(Closure))
#34 C:/Users/maria/Proyecto/ApiApuestasDeportivas/ApiApuestasDeportivas/vendor/laravel/framework/src/Illuminate/Pipeline/Pipeline.php(183): Illuminate/Routing/Middleware/ThrottleRequests->handle(Object(Illuminate/Http/Request), Object(Closure), 'api')
#35 C:/Users/maria/Proyecto/ApiApuestasDeportivas/ApiApuestasDeportivas/vendor/laravel/framework/src/Illuminate/Pipeline/Pipeline.php(119): Illuminate/Pipeline/Pipeline->{closure:{closure:Illuminate/Pipeline/Pipeline::carry():158}:159}(Object(Illuminate/Http/Request))
#36 C:/Users/maria/Proyecto/ApiApuestasDeportivas/ApiApuestasDeportivas/vendor/laravel/framework/src/Illuminate/Routing/Router.php(805): Illuminate/Pipeline/Pipeline->then(Object(Closure))
#37 C:/Users/maria/Proyecto/ApiApuestasDeportivas/ApiApuestasDeportivas/vendor/laravel/framework/src/Illuminate/Routing/Router.php(784): Illuminate/Routing/Router->runRouteWithinStack(Object(Illuminate/Routing/Route), Object(Illuminate/Http/Request))
#38 C:/Users/maria/Proyecto/ApiApuestasDeportivas/ApiApuestasDeportivas/vendor/laravel/framework/src/Illuminate/Routing/Router.php(748): Illuminate/Routing/Router->runRoute(Object(Illuminate/Http/Request), Object(Illuminate/Routing/Route))
#39 C:/Users/maria/Proyecto/ApiApuestasDeportivas/ApiApuestasDeportivas/vendor/laravel/framework/src/Illuminate/Routing/Router.php(737): Illuminate/Routing/Router->dispatchToRoute(Object(Illuminate/Http/Request))
#40 C:/Users/maria/Proyecto/ApiApuestasDeportivas/ApiApuestasDeportivas/vendor/laravel/framework/src/Illuminate/Foundation/Http/Kernel.php(200): Illuminate/Routing/Router->dispatch(Object(Illuminate/Http/Request))
#41 C:/Users/maria/Proyecto/ApiApuestasDeportivas/ApiApuestasDeportivas/vendor/laravel/framework/src/Illuminate/Pipeline/Pipeline.php(144): Illuminate/Foundation/Http/Kernel->{closure:Illuminate/Foundation/Http/Kernel::dispatchToRouter():197}(Object(Illuminate/Http/Request))
#42 C:/Users/maria/Proyecto/ApiApuestasDeportivas/ApiApuestasDeportivas/vendor/laravel/framework/src/Illuminate/Foundation/Http/Middleware/TransformsRequest.php(21): Illuminate/Pipeline/Pipeline->{closure:Illuminate/Pipeline/Pipeline::prepareDestination():142}(Object(Illuminate/Http/Request))
#43 C:/Users/maria/Proyecto/ApiApuestasDeportivas/ApiApuestasDeportivas/vendor/laravel/framework/src/Illuminate/Foundation/Http/Middleware/ConvertEmptyStringsToNull.php(31): Illuminate/Foundation/Http/Middleware/TransformsRequest->handle(Object(Illuminate/Http/Request), Object(Closure))
#44 C:/Users/maria/Proyecto/ApiApuestasDeportivas/ApiApuestasDeportivas/vendor/laravel/framework/src/Illuminate/Pipeline/Pipeline.php(183): Illuminate/Foundation/Http/Middleware/ConvertEmptyStringsToNull->handle(Object(Illuminate/Http/Request), Object(Closure))
#45 C:/Users/maria/Proyecto/ApiApuestasDeportivas/ApiApuestasDeportivas/vendor/laravel/framework/src/Illuminate/Foundation/Http/Middleware/TransformsRequest.php(21): Illuminate/Pipeline/Pipeline->{closure:{closure:Illuminate/Pipeline/Pipeline::carry():158}:159}(Object(Illuminate/Http/Request))
#46 C:/Users/maria/Proyecto/ApiApuestasDeportivas/ApiApuestasDeportivas/vendor/laravel/framework/src/Illuminate/Foundation/Http/Middleware/TrimStrings.php(40): Illuminate/Foundation/Http/Middleware/TransformsRequest->handle(Object(Illuminate/Http/Request), Object(Closure))
#47 C:/Users/maria/Proyecto/ApiApuestasDeportivas/ApiApuestasDeportivas/vendor/laravel/framework/src/Illuminate/Pipeline/Pipeline.php(183): Illuminate/Foundation/Http/Middleware/TrimStrings->handle(Object(Illuminate/Http/Request), Object(Closure))
#48 C:/Users/maria/Proyecto/ApiApuestasDeportivas/ApiApuestasDeportivas/vendor/laravel/framework/src/Illuminate/Foundation/Http/Middleware/ValidatePostSize.php(27): Illuminate/Pipeline/Pipeline->{closure:{closure:Illuminate/Pipeline/Pipeline::carry():158}:159}(Object(Illuminate/Http/Request))
#49 C:/Users/maria/Proyecto/ApiApuestasDeportivas/ApiApuestasDeportivas/vendor/laravel/framework/src/Illuminate/Pipeline/Pipeline.php(183): Illuminate/Foundation/Http/Middleware/ValidatePostSize->handle(Object(Illuminate/Http/Request), Object(Closure))
#50 C:/Users/maria/Proyecto/ApiApuestasDeportivas/ApiApuestasDeportivas/vendor/laravel/framework/src/Illuminate/Foundation/Http/Middleware/PreventRequestsDuringMaintenance.php(99): Illuminate/Pipeline/Pipeline->{closure:{closure:Illuminate/Pipeline/Pipeline::carry():158}:159}(Object(Illuminate/Http/Request))
#51 C:/Users/maria/Proyecto/ApiApuestasDeportivas/ApiApuestasDeportivas/vendor/laravel/framework/src/Illuminate/Pipeline/Pipeline.php(183): Illuminate/Foundation/Http/Middleware/PreventRequestsDuringMaintenance->handle(Object(Illuminate/Http/Request), Object(Closure))
#52 C:/Users/maria/Proyecto/ApiApuestasDeportivas/ApiApuestasDeportivas/vendor/laravel/framework/src/Illuminate/Http/Middleware/HandleCors.php(62): Illuminate/Pipeline/Pipeline->{closure:{closure:Illuminate/Pipeline/Pipeline::carry():158}:159}(Object(Illuminate/Http/Request))
#53 C:/Users/maria/Proyecto/ApiApuestasDeportivas/ApiApuestasDeportivas/vendor/laravel/framework/src/Illuminate/Pipeline/Pipeline.php(183): Illuminate/Http/Middleware/HandleCors->handle(Object(Illuminate/Http/Request), Object(Closure))
#54 C:/Users/maria/Proyecto/ApiApuestasDeportivas/ApiApuestasDeportivas/vendor/laravel/framework/src/Illuminate/Http/Middleware/TrustProxies.php(39): Illuminate/Pipeline/Pipeline->{closure:{closure:Illuminate/Pipeline/Pipeline::carry():158}:159}(Object(Illuminate/Http/Request))
#55 C:/Users/maria/Proyecto/ApiApuestasDeportivas/ApiApuestasDeportivas/vendor/laravel/framework/src/Illuminate/Pipeline/Pipeline.php(183): Illuminate/Http/Middleware/TrustProxies->handle(Object(Illuminate/Http/Request), Object(Closure))
#56 C:/Users/maria/Proyecto/ApiApuestasDeportivas/ApiApuestasDeportivas/vendor/laravel/framework/src/Illuminate/Pipeline/Pipeline.php(119): Illuminate/Pipeline/Pipeline->{closure:{closure:Illuminate/Pipeline/Pipeline::carry():158}:159}(Object(Illuminate/Http/Request))
#57 C:/Users/maria/Proyecto/ApiApuestasDeportivas/ApiApuestasDeportivas/vendor/laravel/framework/src/Illuminate/Foundation/Http/Kernel.php(175): Illuminate/Pipeline/Pipeline->then(Object(Closure))
#58 C:/Users/maria/Proyecto/ApiApuestasDeportivas/ApiApuestasDeportivas/vendor/laravel/framework/src/Illuminate/Foundation/Http/Kernel.php(144): Illuminate/Foundation/Http/Kernel->sendRequestThroughRouter(Object(Illuminate/Http/Request))
#59 C:/Users/maria/Proyecto/ApiApuestasDeportivas/ApiApuestasDeportivas/public/index.php(51): Illuminate/Foundation/Http/Kernel->handle(Object(Illuminate/Http/Request))
#60 C:/Users/maria/Proyecto/ApiApuestasDeportivas/ApiApuestasDeportivas/vendor/laravel/framework/src/Illuminate/Foundation/resources/server.php(16): require_once('C://Users//maria//...')
#61 {main}
"} 
[2026-03-14 06:10:13] production.ERROR: SQLSTATE[HY000] [1045] Access denied for user 'forge'@'localhost' (using password: YES) (Connection: mysql, SQL: select count(*) as aggregate from `users` where `email` = mariapazpuerta@gmail.com) {"exception":"[object] (Illuminate\\Database\\QueryException(code: 1045): SQLSTATE[HY000] [1045] Access denied for user 'forge'@'localhost' (using password: YES) (Connection: mysql, SQL: select count(*) as aggregate from `users` where `email` = mariapazpuerta@gmail.com) at C:/Users/maria/Proyecto/ApiApuestasDeportivas/ApiApuestasDeportivas/vendor/laravel/framework/src/Illuminate/Database/Connection.php:829)
[stacktrace]
#0 C:/Users/maria/Proyecto/ApiApuestasDeportivas/ApiApuestasDeportivas/vendor/laravel/framework/src/Illuminate/Database/Connection.php(783): Illuminate/Database/Connection->runQueryCallback('select count(*)...', Array, Object(Closure))
#1 C:/Users/maria/Proyecto/ApiApuestasDeportivas/ApiApuestasDeportivas/vendor/laravel/framework/src/Illuminate/Database/Connection.php(414): Illuminate/Database/Connection->run('select count(*)...', Array, Object(Closure))
#2 C:/Users/maria/Proyecto/ApiApuestasDeportivas/ApiApuestasDeportivas/vendor/laravel/framework/src/Illuminate/Database/Query/Builder.php(2913): Illuminate/Database/Connection->select('select count(*)...', Array, false)
#3 C:/Users/maria/Proyecto/ApiApuestasDeportivas/ApiApuestasDeportivas/vendor/laravel/framework/src/Illuminate/Database/Query/Builder.php(2902): Illuminate/Database/Query/Builder->runSelect()
#4 C:/Users/maria/Proyecto/ApiApuestasDeportivas/ApiApuestasDeportivas/vendor/laravel/framework/src/Illuminate/Database/Query/Builder.php(3456): Illuminate/Database/Query/Builder->{closure:Illuminate/Database/Query/Builder::get():2901}()
#5 C:/Users/maria/Proyecto/ApiApuestasDeportivas/ApiApuestasDeportivas/vendor/laravel/framework/src/Illuminate/Database/Query/Builder.php(2901): Illuminate/Database/Query/Builder->onceWithColumns(Array, Object(Closure))
#6 C:/Users/maria/Proyecto/ApiApuestasDeportivas/ApiApuestasDeportivas/vendor/laravel/framework/src/Illuminate/Database/Query/Builder.php(3383): Illuminate/Database/Query/Builder->get(Array)
#7 C:/Users/maria/Proyecto/ApiApuestasDeportivas/ApiApuestasDeportivas/vendor/laravel/framework/src/Illuminate/Database/Query/Builder.php(3311): Illuminate/Database/Query/Builder->aggregate('count', Array)
#8 C:/Users/maria/Proyecto/ApiApuestasDeportivas/ApiApuestasDeportivas/vendor/laravel/framework/src/Illuminate/Validation/DatabasePresenceVerifier.php(54): Illuminate/Database/Query/Builder->count()
#9 C:/Users/maria/Proyecto/ApiApuestasDeportivas/ApiApuestasDeportivas/vendor/laravel/framework/src/Illuminate/Validation/Concerns/ValidatesAttributes.php(948): Illuminate/Validation/DatabasePresenceVerifier->getCount('users', 'email', 'mariapazpuerta@...', NULL, NULL, Array)
#10 C:/Users/maria/Proyecto/ApiApuestasDeportivas/ApiApuestasDeportivas/vendor/laravel/framework/src/Illuminate/Validation/Validator.php(660): Illuminate/Validation/Validator->validateUnique('email', 'mariapazpuerta@...', Array, Object(Illuminate/Validation/Validator))
#11 C:/Users/maria/Proyecto/ApiApuestasDeportivas/ApiApuestasDeportivas/vendor/laravel/framework/src/Illuminate/Validation/Validator.php(459): Illuminate/Validation/Validator->validateAttribute('email', 'Unique')
#12 C:/Users/maria/Proyecto/ApiApuestasDeportivas/ApiApuestasDeportivas/vendor/laravel/framework/src/Illuminate/Validation/Validator.php(494): Illuminate/Validation/Validator->passes()
#13 C:/Users/maria/Proyecto/ApiApuestasDeportivas/ApiApuestasDeportivas/app/Http/Controllers/AuthController.php(24): Illuminate/Validation/Validator->fails()
#14 C:/Users/maria/Proyecto/ApiApuestasDeportivas/ApiApuestasDeportivas/vendor/laravel/framework/src/Illuminate/Routing/Controller.php(54): App/Http/Controllers/AuthController->register(Object(Illuminate/Http/Request))
#15 C:/Users/maria/Proyecto/ApiApuestasDeportivas/ApiApuestasDeportivas/vendor/laravel/framework/src/Illuminate/Routing/ControllerDispatcher.php(43): Illuminate/Routing/Controller->callAction('register', Array)
#16 C:/Users/maria/Proyecto/ApiApuestasDeportivas/ApiApuestasDeportivas/vendor/laravel/framework/src/Illuminate/Routing/Route.php(259): Illuminate/Routing/ControllerDispatcher->dispatch(Object(Illuminate/Routing/Route), Object(App/Http/Controllers/AuthController), 'register')
#17 C:/Users/maria/Proyecto/ApiApuestasDeportivas/ApiApuestasDeportivas/vendor/laravel/framework/src/Illuminate/Routing/Route.php(205): Illuminate/Routing/Route->runController()
#18 C:/Users/maria/Proyecto/ApiApuestasDeportivas/ApiApuestasDeportivas/vendor/laravel/framework/src/Illuminate/Routing/Router.php(806): Illuminate/Routing/Route->run()
#19 C:/Users/maria/Proyecto/ApiApuestasDeportivas/ApiApuestasDeportivas/vendor/laravel/framework/src/Illuminate/Pipeline/Pipeline.php(144): Illuminate/Routing/Router->{closure:Illuminate/Routing/Router::runRouteWithinStack():805}(Object(Illuminate/Http/Request))
#20 C:/Users/maria/Proyecto/ApiApuestasDeportivas/ApiApuestasDeportivas/vendor/laravel/framework/src/Illuminate/Routing/Middleware/SubstituteBindings.php(50): Illuminate/Pipeline/Pipeline->{closure:Illuminate/Pipeline/Pipeline::prepareDestination():142}(Object(Illuminate/Http/Request))
#21 C:/Users/maria/Proyecto/ApiApuestasDeportivas/ApiApuestasDeportivas/vendor/laravel/framework/src/Illuminate/Pipeline/Pipeline.php(183): Illuminate/Routing/Middleware/SubstituteBindings->handle(Object(Illuminate/Http/Request), Object(Closure))
#22 C:/Users/maria/Proyecto/ApiApuestasDeportivas/ApiApuestasDeportivas/vendor/laravel/framework/src/Illuminate/Routing/Middleware/ThrottleRequests.php(159): Illuminate/Pipeline/Pipeline->{closure:{closure:Illuminate/Pipeline/Pipeline::carry():158}:159}(Object(Illuminate/Http/Request))
#23 C:/Users/maria/Proyecto/ApiApuestasDeportivas/ApiApuestasDeportivas/vendor/laravel/framework/src/Illuminate/Routing/Middleware/ThrottleRequests.php(125): Illuminate/Routing/Middleware/ThrottleRequests->handleRequest(Object(Illuminate/Http/Request), Object(Closure), Array)
#24 C:/Users/maria/Proyecto/ApiApuestasDeportivas/ApiApuestasDeportivas/vendor/laravel/framework/src/Illuminate/Routing/Middleware/ThrottleRequests.php(87): Illuminate/Routing/Middleware/ThrottleRequests->handleRequestUsingNamedLimiter(Object(Illuminate/Http/Request), Object(Closure), 'api', Object(Closure))
#25 C:/Users/maria/Proyecto/ApiApuestasDeportivas/ApiApuestasDeportivas/vendor/laravel/framework/src/Illuminate/Pipeline/Pipeline.php(183): Illuminate/Routing/Middleware/ThrottleRequests->handle(Object(Illuminate/Http/Request), Object(Closure), 'api')
#26 C:/Users/maria/Proyecto/ApiApuestasDeportivas/ApiApuestasDeportivas/vendor/laravel/framework/src/Illuminate/Pipeline/Pipeline.php(119): Illuminate/Pipeline/Pipeline->{closure:{closure:Illuminate/Pipeline/Pipeline::carry():158}:159}(Object(Illuminate/Http/Request))
#27 C:/Users/maria/Proyecto/ApiApuestasDeportivas/ApiApuestasDeportivas/vendor/laravel/framework/src/Illuminate/Routing/Router.php(805): Illuminate/Pipeline/Pipeline->then(Object(Closure))
#28 C:/Users/maria/Proyecto/ApiApuestasDeportivas/ApiApuestasDeportivas/vendor/laravel/framework/src/Illuminate/Routing/Router.php(784): Illuminate/Routing/Router->runRouteWithinStack(Object(Illuminate/Routing/Route), Object(Illuminate/Http/Request))
#29 C:/Users/maria/Proyecto/ApiApuestasDeportivas/ApiApuestasDeportivas/vendor/laravel/framework/src/Illuminate/Routing/Router.php(748): Illuminate/Routing/Router->runRoute(Object(Illuminate/Http/Request), Object(Illuminate/Routing/Route))
#30 C:/Users/maria/Proyecto/ApiApuestasDeportivas/ApiApuestasDeportivas/vendor/laravel/framework/src/Illuminate/Routing/Router.php(737): Illuminate/Routing/Router->dispatchToRoute(Object(Illuminate/Http/Request))
#31 C:/Users/maria/Proyecto/ApiApuestasDeportivas/ApiApuestasDeportivas/vendor/laravel/framework/src/Illuminate/Foundation/Http/Kernel.php(200): Illuminate/Routing/Router->dispatch(Object(Illuminate/Http/Request))
#32 C:/Users/maria/Proyecto/ApiApuestasDeportivas/ApiApuestasDeportivas/vendor/laravel/framework/src/Illuminate/Pipeline/Pipeline.php(144): Illuminate/Foundation/Http/Kernel->{closure:Illuminate/Foundation/Http/Kernel::dispatchToRouter():197}(Object(Illuminate/Http/Request))
#33 C:/Users/maria/Proyecto/ApiApuestasDeportivas/ApiApuestasDeportivas/vendor/laravel/framework/src/Illuminate/Foundation/Http/Middleware/TransformsRequest.php(21): Illuminate/Pipeline/Pipeline->{closure:Illuminate/Pipeline/Pipeline::prepareDestination():142}(Object(Illuminate/Http/Request))
#34 C:/Users/maria/Proyecto/ApiApuestasDeportivas/ApiApuestasDeportivas/vendor/laravel/framework/src/Illuminate/Foundation/Http/Middleware/ConvertEmptyStringsToNull.php(31): Illuminate/Foundation/Http/Middleware/TransformsRequest->handle(Object(Illuminate/Http/Request), Object(Closure))
#35 C:/Users/maria/Proyecto/ApiApuestasDeportivas/ApiApuestasDeportivas/vendor/laravel/framework/src/Illuminate/Pipeline/Pipeline.php(183): Illuminate/Foundation/Http/Middleware/ConvertEmptyStringsToNull->handle(Object(Illuminate/Http/Request), Object(Closure))
#36 C:/Users/maria/Proyecto/ApiApuestasDeportivas/ApiApuestasDeportivas/vendor/laravel/framework/src/Illuminate/Foundation/Http/Middleware/TransformsRequest.php(21): Illuminate/Pipeline/Pipeline->{closure:{closure:Illuminate/Pipeline/Pipeline::carry():158}:159}(Object(Illuminate/Http/Request))
#37 C:/Users/maria/Proyecto/ApiApuestasDeportivas/ApiApuestasDeportivas/vendor/laravel/framework/src/Illuminate/Foundation/Http/Middleware/TrimStrings.php(40): Illuminate/Foundation/Http/Middleware/TransformsRequest->handle(Object(Illuminate/Http/Request), Object(Closure))
#38 C:/Users/maria/Proyecto/ApiApuestasDeportivas/ApiApuestasDeportivas/vendor/laravel/framework/src/Illuminate/Pipeline/Pipeline.php(183): Illuminate/Foundation/Http/Middleware/TrimStrings->handle(Object(Illuminate/Http/Request), Object(Closure))
#39 C:/Users/maria/Proyecto/ApiApuestasDeportivas/ApiApuestasDeportivas/vendor/laravel/framework/src/Illuminate/Foundation/Http/Middleware/ValidatePostSize.php(27): Illuminate/Pipeline/Pipeline->{closure:{closure:Illuminate/Pipeline/Pipeline::carry():158}:159}(Object(Illuminate/Http/Request))
#40 C:/Users/maria/Proyecto/ApiApuestasDeportivas/ApiApuestasDeportivas/vendor/laravel/framework/src/Illuminate/Pipeline/Pipeline.php(183): Illuminate/Foundation/Http/Middleware/ValidatePostSize->handle(Object(Illuminate/Http/Request), Object(Closure))
#41 C:/Users/maria/Proyecto/ApiApuestasDeportivas/ApiApuestasDeportivas/vendor/laravel/framework/src/Illuminate/Foundation/Http/Middleware/PreventRequestsDuringMaintenance.php(99): Illuminate/Pipeline/Pipeline->{closure:{closure:Illuminate/Pipeline/Pipeline::carry():158}:159}(Object(Illuminate/Http/Request))
#42 C:/Users/maria/Proyecto/ApiApuestasDeportivas/ApiApuestasDeportivas/vendor/laravel/framework/src/Illuminate/Pipeline/Pipeline.php(183): Illuminate/Foundation/Http/Middleware/PreventRequestsDuringMaintenance->handle(Object(Illuminate/Http/Request), Object(Closure))
#43 C:/Users/maria/Proyecto/ApiApuestasDeportivas/ApiApuestasDeportivas/vendor/laravel/framework/src/Illuminate/Http/Middleware/HandleCors.php(62): Illuminate/Pipeline/Pipeline->{closure:{closure:Illuminate/Pipeline/Pipeline::carry():158}:159}(Object(Illuminate/Http/Request))
#44 C:/Users/maria/Proyecto/ApiApuestasDeportivas/ApiApuestasDeportivas/vendor/laravel/framework/src/Illuminate/Pipeline/Pipeline.php(183): Illuminate/Http/Middleware/HandleCors->handle(Object(Illuminate/Http/Request), Object(Closure))
#45 C:/Users/maria/Proyecto/ApiApuestasDeportivas/ApiApuestasDeportivas/vendor/laravel/framework/src/Illuminate/Http/Middleware/TrustProxies.php(39): Illuminate/Pipeline/Pipeline->{closure:{closure:Illuminate/Pipeline/Pipeline::carry():158}:159}(Object(Illuminate/Http/Request))
#46 C:/Users/maria/Proyecto/ApiApuestasDeportivas/ApiApuestasDeportivas/vendor/laravel/framework/src/Illuminate/Pipeline/Pipeline.php(183): Illuminate/Http/Middleware/TrustProxies->handle(Object(Illuminate/Http/Request), Object(Closure))
#47 C:/Users/maria/Proyecto/ApiApuestasDeportivas/ApiApuestasDeportivas/vendor/laravel/framework/src/Illuminate/Pipeline/Pipeline.php(119): Illuminate/Pipeline/Pipeline->{closure:{closure:Illuminate/Pipeline/Pipeline::carry():158}:159}(Object(Illuminate/Http/Request))
#48 C:/Users/maria/Proyecto/ApiApuestasDeportivas/ApiApuestasDeportivas/vendor/laravel/framework/src/Illuminate/Foundation/Http/Kernel.php(175): Illuminate/Pipeline/Pipeline->then(Object(Closure))
#49 C:/Users/maria/Proyecto/ApiApuestasDeportivas/ApiApuestasDeportivas/vendor/laravel/framework/src/Illuminate/Foundation/Http/Kernel.php(144): Illuminate/Foundation/Http/Kernel->sendRequestThroughRouter(Object(Illuminate/Http/Request))
#50 C:/Users/maria/Proyecto/ApiApuestasDeportivas/ApiApuestasDeportivas/public/index.php(51): Illuminate/Foundation/Http/Kernel->handle(Object(Illuminate/Http/Request))
#51 C:/Users/maria/Proyecto/ApiApuestasDeportivas/ApiApuestasDeportivas/vendor/laravel/framework/src/Illuminate/Foundation/resources/server.php(16): require_once('C://Users//maria//...')
#52 {main}

[previous exception] [object] (PDOException(code: 1045): SQLSTATE[HY000] [1045] Access denied for user 'forge'@'localhost' (using password: YES) at C:/Users/maria/Proyecto/ApiApuestasDeportivas/ApiApuestasDeportivas/vendor/laravel/framework/src/Illuminate/Database/Connectors/Connector.php:65)
[stacktrace]
#0 C:/Users/maria/Proyecto/ApiApuestasDeportivas/ApiApuestasDeportivas/vendor/laravel/framework/src/Illuminate/Database/Connectors/Connector.php(65): PDO->__construct('mysql:host=127....', 'forge', Object(SensitiveParameterValue), Array)
#1 C:/Users/maria/Proyecto/ApiApuestasDeportivas/ApiApuestasDeportivas/vendor/laravel/framework/src/Illuminate/Database/Connectors/Connector.php(44): Illuminate/Database/Connectors/Connector->createPdoConnection('mysql:host=127....', 'forge', '', Array)
#2 C:/Users/maria/Proyecto/ApiApuestasDeportivas/ApiApuestasDeportivas/vendor/laravel/framework/src/Illuminate/Database/Connectors/MySqlConnector.php(24): Illuminate/Database/Connectors/Connector->createConnection('mysql:host=127....', Array, Array)
#3 C:/Users/maria/Proyecto/ApiApuestasDeportivas/ApiApuestasDeportivas/vendor/laravel/framework/src/Illuminate/Database/Connectors/ConnectionFactory.php(184): Illuminate/Database/Connectors/MySqlConnector->connect(Array)
#4 [internal function]: Illuminate/Database/Connectors/ConnectionFactory->{closure:Illuminate/Database/Connectors/ConnectionFactory::createPdoResolverWithHosts():179}()
#5 C:/Users/maria/Proyecto/ApiApuestasDeportivas/ApiApuestasDeportivas/vendor/laravel/framework/src/Illuminate/Database/Connection.php(1339): call_user_func(Object(Closure))
#6 C:/Users/maria/Proyecto/ApiApuestasDeportivas/ApiApuestasDeportivas/vendor/laravel/framework/src/Illuminate/Database/Connection.php(528): Illuminate/Database/Connection->getPdo()
#7 C:/Users/maria/Proyecto/ApiApuestasDeportivas/ApiApuestasDeportivas/vendor/laravel/framework/src/Illuminate/Database/Connection.php(423): Illuminate/Database/Connection->getPdoForSelect(false)
#8 C:/Users/maria/Proyecto/ApiApuestasDeportivas/ApiApuestasDeportivas/vendor/laravel/framework/src/Illuminate/Database/Connection.php(816): Illuminate/Database/Connection->{closure:Illuminate/Database/Connection::select():414}('select count(*)...', Array)
#9 C:/Users/maria/Proyecto/ApiApuestasDeportivas/ApiApuestasDeportivas/vendor/laravel/framework/src/Illuminate/Database/Connection.php(783): Illuminate/Database/Connection->runQueryCallback('select count(*)...', Array, Object(Closure))
#10 C:/Users/maria/Proyecto/ApiApuestasDeportivas/ApiApuestasDeportivas/vendor/laravel/framework/src/Illuminate/Database/Connection.php(414): Illuminate/Database/Connection->run('select count(*)...', Array, Object(Closure))
#11 C:/Users/maria/Proyecto/ApiApuestasDeportivas/ApiApuestasDeportivas/vendor/laravel/framework/src/Illuminate/Database/Query/Builder.php(2913): Illuminate/Database/Connection->select('select count(*)...', Array, false)
#12 C:/Users/maria/Proyecto/ApiApuestasDeportivas/ApiApuestasDeportivas/vendor/laravel/framework/src/Illuminate/Database/Query/Builder.php(2902): Illuminate/Database/Query/Builder->runSelect()
#13 C:/Users/maria/Proyecto/ApiApuestasDeportivas/ApiApuestasDeportivas/vendor/laravel/framework/src/Illuminate/Database/Query/Builder.php(3456): Illuminate/Database/Query/Builder->{closure:Illuminate/Database/Query/Builder::get():2901}()
#14 C:/Users/maria/Proyecto/ApiApuestasDeportivas/ApiApuestasDeportivas/vendor/laravel/framework/src/Illuminate/Database/Query/Builder.php(2901): Illuminate/Database/Query/Builder->onceWithColumns(Array, Object(Closure))
#15 C:/Users/maria/Proyecto/ApiApuestasDeportivas/ApiApuestasDeportivas/vendor/laravel/framework/src/Illuminate/Database/Query/Builder.php(3383): Illuminate/Database/Query/Builder->get(Array)
#16 C:/Users/maria/Proyecto/ApiApuestasDeportivas/ApiApuestasDeportivas/vendor/laravel/framework/src/Illuminate/Database/Query/Builder.php(3311): Illuminate/Database/Query/Builder->aggregate('count', Array)
#17 C:/Users/maria/Proyecto/ApiApuestasDeportivas/ApiApuestasDeportivas/vendor/laravel/framework/src/Illuminate/Validation/DatabasePresenceVerifier.php(54): Illuminate/Database/Query/Builder->count()
#18 C:/Users/maria/Proyecto/ApiApuestasDeportivas/ApiApuestasDeportivas/vendor/laravel/framework/src/Illuminate/Validation/Concerns/ValidatesAttributes.php(948): Illuminate/Validation/DatabasePresenceVerifier->getCount('users', 'email', 'mariapazpuerta@...', NULL, NULL, Array)
#19 C:/Users/maria/Proyecto/ApiApuestasDeportivas/ApiApuestasDeportivas/vendor/laravel/framework/src/Illuminate/Validation/Validator.php(660): Illuminate/Validation/Validator->validateUnique('email', 'mariapazpuerta@...', Array, Object(Illuminate/Validation/Validator))
#20 C:/Users/maria/Proyecto/ApiApuestasDeportivas/ApiApuestasDeportivas/vendor/laravel/framework/src/Illuminate/Validation/Validator.php(459): Illuminate/Validation/Validator->validateAttribute('email', 'Unique')
#21 C:/Users/maria/Proyecto/ApiApuestasDeportivas/ApiApuestasDeportivas/vendor/laravel/framework/src/Illuminate/Validation/Validator.php(494): Illuminate/Validation/Validator->passes()
#22 C:/Users/maria/Proyecto/ApiApuestasDeportivas/ApiApuestasDeportivas/app/Http/Controllers/AuthController.php(24): Illuminate/Validation/Validator->fails()
#23 C:/Users/maria/Proyecto/ApiApuestasDeportivas/ApiApuestasDeportivas/vendor/laravel/framework/src/Illuminate/Routing/Controller.php(54): App/Http/Controllers/AuthController->register(Object(Illuminate/Http/Request))
#24 C:/Users/maria/Proyecto/ApiApuestasDeportivas/ApiApuestasDeportivas/vendor/laravel/framework/src/Illuminate/Routing/ControllerDispatcher.php(43): Illuminate/Routing/Controller->callAction('register', Array)
#25 C:/Users/maria/Proyecto/ApiApuestasDeportivas/ApiApuestasDeportivas/vendor/laravel/framework/src/Illuminate/Routing/Route.php(259): Illuminate/Routing/ControllerDispatcher->dispatch(Object(Illuminate/Routing/Route), Object(App/Http/Controllers/AuthController), 'register')
#26 C:/Users/maria/Proyecto/ApiApuestasDeportivas/ApiApuestasDeportivas/vendor/laravel/framework/src/Illuminate/Routing/Route.php(205): Illuminate/Routing/Route->runController()
#27 C:/Users/maria/Proyecto/ApiApuestasDeportivas/ApiApuestasDeportivas/vendor/laravel/framework/src/Illuminate/Routing/Router.php(806): Illuminate/Routing/Route->run()
#28 C:/Users/maria/Proyecto/ApiApuestasDeportivas/ApiApuestasDeportivas/vendor/laravel/framework/src/Illuminate/Pipeline/Pipeline.php(144): Illuminate/Routing/Router->{closure:Illuminate/Routing/Router::runRouteWithinStack():805}(Object(Illuminate/Http/Request))
#29 C:/Users/maria/Proyecto/ApiApuestasDeportivas/ApiApuestasDeportivas/vendor/laravel/framework/src/Illuminate/Routing/Middleware/SubstituteBindings.php(50): Illuminate/Pipeline/Pipeline->{closure:Illuminate/Pipeline/Pipeline::prepareDestination():142}(Object(Illuminate/Http/Request))
#30 C:/Users/maria/Proyecto/ApiApuestasDeportivas/ApiApuestasDeportivas/vendor/laravel/framework/src/Illuminate/Pipeline/Pipeline.php(183): Illuminate/Routing/Middleware/SubstituteBindings->handle(Object(Illuminate/Http/Request), Object(Closure))
#31 C:/Users/maria/Proyecto/ApiApuestasDeportivas/ApiApuestasDeportivas/vendor/laravel/framework/src/Illuminate/Routing/Middleware/ThrottleRequests.php(159): Illuminate/Pipeline/Pipeline->{closure:{closure:Illuminate/Pipeline/Pipeline::carry():158}:159}(Object(Illuminate/Http/Request))
#32 C:/Users/maria/Proyecto/ApiApuestasDeportivas/ApiApuestasDeportivas/vendor/laravel/framework/src/Illuminate/Routing/Middleware/ThrottleRequests.php(125): Illuminate/Routing/Middleware/ThrottleRequests->handleRequest(Object(Illuminate/Http/Request), Object(Closure), Array)
#33 C:/Users/maria/Proyecto/ApiApuestasDeportivas/ApiApuestasDeportivas/vendor/laravel/framework/src/Illuminate/Routing/Middleware/ThrottleRequests.php(87): Illuminate/Routing/Middleware/ThrottleRequests->handleRequestUsingNamedLimiter(Object(Illuminate/Http/Request), Object(Closure), 'api', Object(Closure))
#34 C:/Users/maria/Proyecto/ApiApuestasDeportivas/ApiApuestasDeportivas/vendor/laravel/framework/src/Illuminate/Pipeline/Pipeline.php(183): Illuminate/Routing/Middleware/ThrottleRequests->handle(Object(Illuminate/Http/Request), Object(Closure), 'api')
#35 C:/Users/maria/Proyecto/ApiApuestasDeportivas/ApiApuestasDeportivas/vendor/laravel/framework/src/Illuminate/Pipeline/Pipeline.php(119): Illuminate/Pipeline/Pipeline->{closure:{closure:Illuminate/Pipeline/Pipeline::carry():158}:159}(Object(Illuminate/Http/Request))
#36 C:/Users/maria/Proyecto/ApiApuestasDeportivas/ApiApuestasDeportivas/vendor/laravel/framework/src/Illuminate/Routing/Router.php(805): Illuminate/Pipeline/Pipeline->then(Object(Closure))
#37 C:/Users/maria/Proyecto/ApiApuestasDeportivas/ApiApuestasDeportivas/vendor/laravel/framework/src/Illuminate/Routing/Router.php(784): Illuminate/Routing/Router->runRouteWithinStack(Object(Illuminate/Routing/Route), Object(Illuminate/Http/Request))
#38 C:/Users/maria/Proyecto/ApiApuestasDeportivas/ApiApuestasDeportivas/vendor/laravel/framework/src/Illuminate/Routing/Router.php(748): Illuminate/Routing/Router->runRoute(Object(Illuminate/Http/Request), Object(Illuminate/Routing/Route))
#39 C:/Users/maria/Proyecto/ApiApuestasDeportivas/ApiApuestasDeportivas/vendor/laravel/framework/src/Illuminate/Routing/Router.php(737): Illuminate/Routing/Router->dispatchToRoute(Object(Illuminate/Http/Request))
#40 C:/Users/maria/Proyecto/ApiApuestasDeportivas/ApiApuestasDeportivas/vendor/laravel/framework/src/Illuminate/Foundation/Http/Kernel.php(200): Illuminate/Routing/Router->dispatch(Object(Illuminate/Http/Request))
#41 C:/Users/maria/Proyecto/ApiApuestasDeportivas/ApiApuestasDeportivas/vendor/laravel/framework/src/Illuminate/Pipeline/Pipeline.php(144): Illuminate/Foundation/Http/Kernel->{closure:Illuminate/Foundation/Http/Kernel::dispatchToRouter():197}(Object(Illuminate/Http/Request))
#42 C:/Users/maria/Proyecto/ApiApuestasDeportivas/ApiApuestasDeportivas/vendor/laravel/framework/src/Illuminate/Foundation/Http/Middleware/TransformsRequest.php(21): Illuminate/Pipeline/Pipeline->{closure:Illuminate/Pipeline/Pipeline::prepareDestination():142}(Object(Illuminate/Http/Request))
#43 C:/Users/maria/Proyecto/ApiApuestasDeportivas/ApiApuestasDeportivas/vendor/laravel/framework/src/Illuminate/Foundation/Http/Middleware/ConvertEmptyStringsToNull.php(31): Illuminate/Foundation/Http/Middleware/TransformsRequest->handle(Object(Illuminate/Http/Request), Object(Closure))
#44 C:/Users/maria/Proyecto/ApiApuestasDeportivas/ApiApuestasDeportivas/vendor/laravel/framework/src/Illuminate/Pipeline/Pipeline.php(183): Illuminate/Foundation/Http/Middleware/ConvertEmptyStringsToNull->handle(Object(Illuminate/Http/Request), Object(Closure))
#45 C:/Users/maria/Proyecto/ApiApuestasDeportivas/ApiApuestasDeportivas/vendor/laravel/framework/src/Illuminate/Foundation/Http/Middleware/TransformsRequest.php(21): Illuminate/Pipeline/Pipeline->{closure:{closure:Illuminate/Pipeline/Pipeline::carry():158}:159}(Object(Illuminate/Http/Request))
#46 C:/Users/maria/Proyecto/ApiApuestasDeportivas/ApiApuestasDeportivas/vendor/laravel/framework/src/Illuminate/Foundation/Http/Middleware/TrimStrings.php(40): Illuminate/Foundation/Http/Middleware/TransformsRequest->handle(Object(Illuminate/Http/Request), Object(Closure))
#47 C:/Users/maria/Proyecto/ApiApuestasDeportivas/ApiApuestasDeportivas/vendor/laravel/framework/src/Illuminate/Pipeline/Pipeline.php(183): Illuminate/Foundation/Http/Middleware/TrimStrings->handle(Object(Illuminate/Http/Request), Object(Closure))
#48 C:/Users/maria/Proyecto/ApiApuestasDeportivas/ApiApuestasDeportivas/vendor/laravel/framework/src/Illuminate/Foundation/Http/Middleware/ValidatePostSize.php(27): Illuminate/Pipeline/Pipeline->{closure:{closure:Illuminate/Pipeline/Pipeline::carry():158}:159}(Object(Illuminate/Http/Request))
#49 C:/Users/maria/Proyecto/ApiApuestasDeportivas/ApiApuestasDeportivas/vendor/laravel/framework/src/Illuminate/Pipeline/Pipeline.php(183): Illuminate/Foundation/Http/Middleware/ValidatePostSize->handle(Object(Illuminate/Http/Request), Object(Closure))
#50 C:/Users/maria/Proyecto/ApiApuestasDeportivas/ApiApuestasDeportivas/vendor/laravel/framework/src/Illuminate/Foundation/Http/Middleware/PreventRequestsDuringMaintenance.php(99): Illuminate/Pipeline/Pipeline->{closure:{closure:Illuminate/Pipeline/Pipeline::carry():158}:159}(Object(Illuminate/Http/Request))
#51 C:/Users/maria/Proyecto/ApiApuestasDeportivas/ApiApuestasDeportivas/vendor/laravel/framework/src/Illuminate/Pipeline/Pipeline.php(183): Illuminate/Foundation/Http/Middleware/PreventRequestsDuringMaintenance->handle(Object(Illuminate/Http/Request), Object(Closure))
#52 C:/Users/maria/Proyecto/ApiApuestasDeportivas/ApiApuestasDeportivas/vendor/laravel/framework/src/Illuminate/Http/Middleware/HandleCors.php(62): Illuminate/Pipeline/Pipeline->{closure:{closure:Illuminate/Pipeline/Pipeline::carry():158}:159}(Object(Illuminate/Http/Request))
#53 C:/Users/maria/Proyecto/ApiApuestasDeportivas/ApiApuestasDeportivas/vendor/laravel/framework/src/Illuminate/Pipeline/Pipeline.php(183): Illuminate/Http/Middleware/HandleCors->handle(Object(Illuminate/Http/Request), Object(Closure))
#54 C:/Users/maria/Proyecto/ApiApuestasDeportivas/ApiApuestasDeportivas/vendor/laravel/framework/src/Illuminate/Http/Middleware/TrustProxies.php(39): Illuminate/Pipeline/Pipeline->{closure:{closure:Illuminate/Pipeline/Pipeline::carry():158}:159}(Object(Illuminate/Http/Request))
#55 C:/Users/maria/Proyecto/ApiApuestasDeportivas/ApiApuestasDeportivas/vendor/laravel/framework/src/Illuminate/Pipeline/Pipeline.php(183): Illuminate/Http/Middleware/TrustProxies->handle(Object(Illuminate/Http/Request), Object(Closure))
#56 C:/Users/maria/Proyecto/ApiApuestasDeportivas/ApiApuestasDeportivas/vendor/laravel/framework/src/Illuminate/Pipeline/Pipeline.php(119): Illuminate/Pipeline/Pipeline->{closure:{closure:Illuminate/Pipeline/Pipeline::carry():158}:159}(Object(Illuminate/Http/Request))
#57 C:/Users/maria/Proyecto/ApiApuestasDeportivas/ApiApuestasDeportivas/vendor/laravel/framework/src/Illuminate/Foundation/Http/Kernel.php(175): Illuminate/Pipeline/Pipeline->then(Object(Closure))
#58 C:/Users/maria/Proyecto/ApiApuestasDeportivas/ApiApuestasDeportivas/vendor/laravel/framework/src/Illuminate/Foundation/Http/Kernel.php(144): Illuminate/Foundation/Http/Kernel->sendRequestThroughRouter(Object(Illuminate/Http/Request))
#59 C:/Users/maria/Proyecto/ApiApuestasDeportivas/ApiApuestasDeportivas/public/index.php(51): Illuminate/Foundation/Http/Kernel->handle(Object(Illuminate/Http/Request))
#60 C:/Users/maria/Proyecto/ApiApuestasDeportivas/ApiApuestasDeportivas/vendor/laravel/framework/src/Illuminate/Foundation/resources/server.php(16): require_once('C://Users//maria//...')
#61 {main}
"} 
[2026-03-14 06:21:14] local.ERROR: Target class [role] does not exist. {"userId":1,"exception":"[object] (Illuminate\\Contracts\\Container\\BindingResolutionException(code: 0): Target class [role] does not exist. at C:/Users/maria/Proyecto/ApiApuestasDeportivas/ApiApuestasDeportivas/vendor/laravel/framework/src/Illuminate/Container/Container.php:914)
[stacktrace]
#0 C:/Users/maria/Proyecto/ApiApuestasDeportivas/ApiApuestasDeportivas/vendor/laravel/framework/src/Illuminate/Container/Container.php(795): Illuminate/Container/Container->build('role')
#1 C:/Users/maria/Proyecto/ApiApuestasDeportivas/ApiApuestasDeportivas/vendor/laravel/framework/src/Illuminate/Foundation/Application.php(986): Illuminate/Container/Container->resolve('role', Array, true)
#2 C:/Users/maria/Proyecto/ApiApuestasDeportivas/ApiApuestasDeportivas/vendor/laravel/framework/src/Illuminate/Container/Container.php(731): Illuminate/Foundation/Application->resolve('role', Array)
#3 C:/Users/maria/Proyecto/ApiApuestasDeportivas/ApiApuestasDeportivas/vendor/laravel/framework/src/Illuminate/Foundation/Application.php(971): Illuminate/Container/Container->make('role', Array)
#4 C:/Users/maria/Proyecto/ApiApuestasDeportivas/ApiApuestasDeportivas/vendor/laravel/framework/src/Illuminate/Pipeline/Pipeline.php(172): Illuminate/Foundation/Application->make('role')
#5 C:/Users/maria/Proyecto/ApiApuestasDeportivas/ApiApuestasDeportivas/vendor/laravel/framework/src/Illuminate/Routing/Middleware/SubstituteBindings.php(50): Illuminate/Pipeline/Pipeline->{closure:{closure:Illuminate/Pipeline/Pipeline::carry():158}:159}(Object(Illuminate/Http/Request))
#6 C:/Users/maria/Proyecto/ApiApuestasDeportivas/ApiApuestasDeportivas/vendor/laravel/framework/src/Illuminate/Pipeline/Pipeline.php(183): Illuminate/Routing/Middleware/SubstituteBindings->handle(Object(Illuminate/Http/Request), Object(Closure))
#7 C:/Users/maria/Proyecto/ApiApuestasDeportivas/ApiApuestasDeportivas/vendor/laravel/framework/src/Illuminate/Routing/Middleware/ThrottleRequests.php(159): Illuminate/Pipeline/Pipeline->{closure:{closure:Illuminate/Pipeline/Pipeline::carry():158}:159}(Object(Illuminate/Http/Request))
#8 C:/Users/maria/Proyecto/ApiApuestasDeportivas/ApiApuestasDeportivas/vendor/laravel/framework/src/Illuminate/Routing/Middleware/ThrottleRequests.php(125): Illuminate/Routing/Middleware/ThrottleRequests->handleRequest(Object(Illuminate/Http/Request), Object(Closure), Array)
#9 C:/Users/maria/Proyecto/ApiApuestasDeportivas/ApiApuestasDeportivas/vendor/laravel/framework/src/Illuminate/Routing/Middleware/ThrottleRequests.php(87): Illuminate/Routing/Middleware/ThrottleRequests->handleRequestUsingNamedLimiter(Object(Illuminate/Http/Request), Object(Closure), 'api', Object(Closure))
#10 C:/Users/maria/Proyecto/ApiApuestasDeportivas/ApiApuestasDeportivas/vendor/laravel/framework/src/Illuminate/Pipeline/Pipeline.php(183): Illuminate/Routing/Middleware/ThrottleRequests->handle(Object(Illuminate/Http/Request), Object(Closure), 'api')
#11 C:/Users/maria/Proyecto/ApiApuestasDeportivas/ApiApuestasDeportivas/vendor/laravel/framework/src/Illuminate/Auth/Middleware/Authenticate.php(57): Illuminate/Pipeline/Pipeline->{closure:{closure:Illuminate/Pipeline/Pipeline::carry():158}:159}(Object(Illuminate/Http/Request))
#12 C:/Users/maria/Proyecto/ApiApuestasDeportivas/ApiApuestasDeportivas/vendor/laravel/framework/src/Illuminate/Pipeline/Pipeline.php(183): Illuminate/Auth/Middleware/Authenticate->handle(Object(Illuminate/Http/Request), Object(Closure), 'api')
#13 C:/Users/maria/Proyecto/ApiApuestasDeportivas/ApiApuestasDeportivas/vendor/laravel/framework/src/Illuminate/Pipeline/Pipeline.php(119): Illuminate/Pipeline/Pipeline->{closure:{closure:Illuminate/Pipeline/Pipeline::carry():158}:159}(Object(Illuminate/Http/Request))
#14 C:/Users/maria/Proyecto/ApiApuestasDeportivas/ApiApuestasDeportivas/vendor/laravel/framework/src/Illuminate/Routing/Router.php(805): Illuminate/Pipeline/Pipeline->then(Object(Closure))
#15 C:/Users/maria/Proyecto/ApiApuestasDeportivas/ApiApuestasDeportivas/vendor/laravel/framework/src/Illuminate/Routing/Router.php(784): Illuminate/Routing/Router->runRouteWithinStack(Object(Illuminate/Routing/Route), Object(Illuminate/Http/Request))
#16 C:/Users/maria/Proyecto/ApiApuestasDeportivas/ApiApuestasDeportivas/vendor/laravel/framework/src/Illuminate/Routing/Router.php(748): Illuminate/Routing/Router->runRoute(Object(Illuminate/Http/Request), Object(Illuminate/Routing/Route))
#17 C:/Users/maria/Proyecto/ApiApuestasDeportivas/ApiApuestasDeportivas/vendor/laravel/framework/src/Illuminate/Routing/Router.php(737): Illuminate/Routing/Router->dispatchToRoute(Object(Illuminate/Http/Request))
#18 C:/Users/maria/Proyecto/ApiApuestasDeportivas/ApiApuestasDeportivas/vendor/laravel/framework/src/Illuminate/Foundation/Http/Kernel.php(200): Illuminate/Routing/Router->dispatch(Object(Illuminate/Http/Request))
#19 C:/Users/maria/Proyecto/ApiApuestasDeportivas/ApiApuestasDeportivas/vendor/laravel/framework/src/Illuminate/Pipeline/Pipeline.php(144): Illuminate/Foundation/Http/Kernel->{closure:Illuminate/Foundation/Http/Kernel::dispatchToRouter():197}(Object(Illuminate/Http/Request))
#20 C:/Users/maria/Proyecto/ApiApuestasDeportivas/ApiApuestasDeportivas/vendor/laravel/framework/src/Illuminate/Foundation/Http/Middleware/TransformsRequest.php(21): Illuminate/Pipeline/Pipeline->{closure:Illuminate/Pipeline/Pipeline::prepareDestination():142}(Object(Illuminate/Http/Request))
#21 C:/Users/maria/Proyecto/ApiApuestasDeportivas/ApiApuestasDeportivas/vendor/laravel/framework/src/Illuminate/Foundation/Http/Middleware/ConvertEmptyStringsToNull.php(31): Illuminate/Foundation/Http/Middleware/TransformsRequest->handle(Object(Illuminate/Http/Request), Object(Closure))
#22 C:/Users/maria/Proyecto/ApiApuestasDeportivas/ApiApuestasDeportivas/vendor/laravel/framework/src/Illuminate/Pipeline/Pipeline.php(183): Illuminate/Foundation/Http/Middleware/ConvertEmptyStringsToNull->handle(Object(Illuminate/Http/Request), Object(Closure))
#23 C:/Users/maria/Proyecto/ApiApuestasDeportivas/ApiApuestasDeportivas/vendor/laravel/framework/src/Illuminate/Foundation/Http/Middleware/TransformsRequest.php(21): Illuminate/Pipeline/Pipeline->{closure:{closure:Illuminate/Pipeline/Pipeline::carry():158}:159}(Object(Illuminate/Http/Request))
#24 C:/Users/maria/Proyecto/ApiApuestasDeportivas/ApiApuestasDeportivas/vendor/laravel/framework/src/Illuminate/Foundation/Http/Middleware/TrimStrings.php(40): Illuminate/Foundation/Http/Middleware/TransformsRequest->handle(Object(Illuminate/Http/Request), Object(Closure))
#25 C:/Users/maria/Proyecto/ApiApuestasDeportivas/ApiApuestasDeportivas/vendor/laravel/framework/src/Illuminate/Pipeline/Pipeline.php(183): Illuminate/Foundation/Http/Middleware/TrimStrings->handle(Object(Illuminate/Http/Request), Object(Closure))
#26 C:/Users/maria/Proyecto/ApiApuestasDeportivas/ApiApuestasDeportivas/vendor/laravel/framework/src/Illuminate/Foundation/Http/Middleware/ValidatePostSize.php(27): Illuminate/Pipeline/Pipeline->{closure:{closure:Illuminate/Pipeline/Pipeline::carry():158}:159}(Object(Illuminate/Http/Request))
#27 C:/Users/maria/Proyecto/ApiApuestasDeportivas/ApiApuestasDeportivas/vendor/laravel/framework/src/Illuminate/Pipeline/Pipeline.php(183): Illuminate/Foundation/Http/Middleware/ValidatePostSize->handle(Object(Illuminate/Http/Request), Object(Closure))
#28 C:/Users/maria/Proyecto/ApiApuestasDeportivas/ApiApuestasDeportivas/vendor/laravel/framework/src/Illuminate/Foundation/Http/Middleware/PreventRequestsDuringMaintenance.php(99): Illuminate/Pipeline/Pipeline->{closure:{closure:Illuminate/Pipeline/Pipeline::carry():158}:159}(Object(Illuminate/Http/Request))
#29 C:/Users/maria/Proyecto/ApiApuestasDeportivas/ApiApuestasDeportivas/vendor/laravel/framework/src/Illuminate/Pipeline/Pipeline.php(183): Illuminate/Foundation/Http/Middleware/PreventRequestsDuringMaintenance->handle(Object(Illuminate/Http/Request), Object(Closure))
#30 C:/Users/maria/Proyecto/ApiApuestasDeportivas/ApiApuestasDeportivas/vendor/laravel/framework/src/Illuminate/Http/Middleware/HandleCors.php(62): Illuminate/Pipeline/Pipeline->{closure:{closure:Illuminate/Pipeline/Pipeline::carry():158}:159}(Object(Illuminate/Http/Request))
#31 C:/Users/maria/Proyecto/ApiApuestasDeportivas/ApiApuestasDeportivas/vendor/laravel/framework/src/Illuminate/Pipeline/Pipeline.php(183): Illuminate/Http/Middleware/HandleCors->handle(Object(Illuminate/Http/Request), Object(Closure))
#32 C:/Users/maria/Proyecto/ApiApuestasDeportivas/ApiApuestasDeportivas/vendor/laravel/framework/src/Illuminate/Http/Middleware/TrustProxies.php(39): Illuminate/Pipeline/Pipeline->{closure:{closure:Illuminate/Pipeline/Pipeline::carry():158}:159}(Object(Illuminate/Http/Request))
#33 C:/Users/maria/Proyecto/ApiApuestasDeportivas/ApiApuestasDeportivas/vendor/laravel/framework/src/Illuminate/Pipeline/Pipeline.php(183): Illuminate/Http/Middleware/TrustProxies->handle(Object(Illuminate/Http/Request), Object(Closure))
#34 C:/Users/maria/Proyecto/ApiApuestasDeportivas/ApiApuestasDeportivas/vendor/laravel/framework/src/Illuminate/Pipeline/Pipeline.php(119): Illuminate/Pipeline/Pipeline->{closure:{closure:Illuminate/Pipeline/Pipeline::carry():158}:159}(Object(Illuminate/Http/Request))
#35 C:/Users/maria/Proyecto/ApiApuestasDeportivas/ApiApuestasDeportivas/vendor/laravel/framework/src/Illuminate/Foundation/Http/Kernel.php(175): Illuminate/Pipeline/Pipeline->then(Object(Closure))
#36 C:/Users/maria/Proyecto/ApiApuestasDeportivas/ApiApuestasDeportivas/vendor/laravel/framework/src/Illuminate/Foundation/Http/Kernel.php(144): Illuminate/Foundation/Http/Kernel->sendRequestThroughRouter(Object(Illuminate/Http/Request))
#37 C:/Users/maria/Proyecto/ApiApuestasDeportivas/ApiApuestasDeportivas/public/index.php(51): Illuminate/Foundation/Http/Kernel->handle(Object(Illuminate/Http/Request))
#38 C:/Users/maria/Proyecto/ApiApuestasDeportivas/ApiApuestasDeportivas/vendor/laravel/framework/src/Illuminate/Foundation/resources/server.php(16): require_once('C://Users//maria//...')
#39 {main}

[previous exception] [object] (ReflectionException(code: -1): Class \"role\" does not exist at C:/Users/maria/Proyecto/ApiApuestasDeportivas/ApiApuestasDeportivas/vendor/laravel/framework/src/Illuminate/Container/Container.php:912)
[stacktrace]
#0 C:/Users/maria/Proyecto/ApiApuestasDeportivas/ApiApuestasDeportivas/vendor/laravel/framework/src/Illuminate/Container/Container.php(912): ReflectionClass->__construct('role')
#1 C:/Users/maria/Proyecto/ApiApuestasDeportivas/ApiApuestasDeportivas/vendor/laravel/framework/src/Illuminate/Container/Container.php(795): Illuminate/Container/Container->build('role')
#2 C:/Users/maria/Proyecto/ApiApuestasDeportivas/ApiApuestasDeportivas/vendor/laravel/framework/src/Illuminate/Foundation/Application.php(986): Illuminate/Container/Container->resolve('role', Array, true)
#3 C:/Users/maria/Proyecto/ApiApuestasDeportivas/ApiApuestasDeportivas/vendor/laravel/framework/src/Illuminate/Container/Container.php(731): Illuminate/Foundation/Application->resolve('role', Array)
#4 C:/Users/maria/Proyecto/ApiApuestasDeportivas/ApiApuestasDeportivas/vendor/laravel/framework/src/Illuminate/Foundation/Application.php(971): Illuminate/Container/Container->make('role', Array)
#5 C:/Users/maria/Proyecto/ApiApuestasDeportivas/ApiApuestasDeportivas/vendor/laravel/framework/src/Illuminate/Pipeline/Pipeline.php(172): Illuminate/Foundation/Application->make('role')
#6 C:/Users/maria/Proyecto/ApiApuestasDeportivas/ApiApuestasDeportivas/vendor/laravel/framework/src/Illuminate/Routing/Middleware/SubstituteBindings.php(50): Illuminate/Pipeline/Pipeline->{closure:{closure:Illuminate/Pipeline/Pipeline::carry():158}:159}(Object(Illuminate/Http/Request))
#7 C:/Users/maria/Proyecto/ApiApuestasDeportivas/ApiApuestasDeportivas/vendor/laravel/framework/src/Illuminate/Pipeline/Pipeline.php(183): Illuminate/Routing/Middleware/SubstituteBindings->handle(Object(Illuminate/Http/Request), Object(Closure))
#8 C:/Users/maria/Proyecto/ApiApuestasDeportivas/ApiApuestasDeportivas/vendor/laravel/framework/src/Illuminate/Routing/Middleware/ThrottleRequests.php(159): Illuminate/Pipeline/Pipeline->{closure:{closure:Illuminate/Pipeline/Pipeline::carry():158}:159}(Object(Illuminate/Http/Request))
#9 C:/Users/maria/Proyecto/ApiApuestasDeportivas/ApiApuestasDeportivas/vendor/laravel/framework/src/Illuminate/Routing/Middleware/ThrottleRequests.php(125): Illuminate/Routing/Middleware/ThrottleRequests->handleRequest(Object(Illuminate/Http/Request), Object(Closure), Array)
#10 C:/Users/maria/Proyecto/ApiApuestasDeportivas/ApiApuestasDeportivas/vendor/laravel/framework/src/Illuminate/Routing/Middleware/ThrottleRequests.php(87): Illuminate/Routing/Middleware/ThrottleRequests->handleRequestUsingNamedLimiter(Object(Illuminate/Http/Request), Object(Closure), 'api', Object(Closure))
#11 C:/Users/maria/Proyecto/ApiApuestasDeportivas/ApiApuestasDeportivas/vendor/laravel/framework/src/Illuminate/Pipeline/Pipeline.php(183): Illuminate/Routing/Middleware/ThrottleRequests->handle(Object(Illuminate/Http/Request), Object(Closure), 'api')
#12 C:/Users/maria/Proyecto/ApiApuestasDeportivas/ApiApuestasDeportivas/vendor/laravel/framework/src/Illuminate/Auth/Middleware/Authenticate.php(57): Illuminate/Pipeline/Pipeline->{closure:{closure:Illuminate/Pipeline/Pipeline::carry():158}:159}(Object(Illuminate/Http/Request))
#13 C:/Users/maria/Proyecto/ApiApuestasDeportivas/ApiApuestasDeportivas/vendor/laravel/framework/src/Illuminate/Pipeline/Pipeline.php(183): Illuminate/Auth/Middleware/Authenticate->handle(Object(Illuminate/Http/Request), Object(Closure), 'api')
#14 C:/Users/maria/Proyecto/ApiApuestasDeportivas/ApiApuestasDeportivas/vendor/laravel/framework/src/Illuminate/Pipeline/Pipeline.php(119): Illuminate/Pipeline/Pipeline->{closure:{closure:Illuminate/Pipeline/Pipeline::carry():158}:159}(Object(Illuminate/Http/Request))
#15 C:/Users/maria/Proyecto/ApiApuestasDeportivas/ApiApuestasDeportivas/vendor/laravel/framework/src/Illuminate/Routing/Router.php(805): Illuminate/Pipeline/Pipeline->then(Object(Closure))
#16 C:/Users/maria/Proyecto/ApiApuestasDeportivas/ApiApuestasDeportivas/vendor/laravel/framework/src/Illuminate/Routing/Router.php(784): Illuminate/Routing/Router->runRouteWithinStack(Object(Illuminate/Routing/Route), Object(Illuminate/Http/Request))
#17 C:/Users/maria/Proyecto/ApiApuestasDeportivas/ApiApuestasDeportivas/vendor/laravel/framework/src/Illuminate/Routing/Router.php(748): Illuminate/Routing/Router->runRoute(Object(Illuminate/Http/Request), Object(Illuminate/Routing/Route))
#18 C:/Users/maria/Proyecto/ApiApuestasDeportivas/ApiApuestasDeportivas/vendor/laravel/framework/src/Illuminate/Routing/Router.php(737): Illuminate/Routing/Router->dispatchToRoute(Object(Illuminate/Http/Request))
#19 C:/Users/maria/Proyecto/ApiApuestasDeportivas/ApiApuestasDeportivas/vendor/laravel/framework/src/Illuminate/Foundation/Http/Kernel.php(200): Illuminate/Routing/Router->dispatch(Object(Illuminate/Http/Request))
#20 C:/Users/maria/Proyecto/ApiApuestasDeportivas/ApiApuestasDeportivas/vendor/laravel/framework/src/Illuminate/Pipeline/Pipeline.php(144): Illuminate/Foundation/Http/Kernel->{closure:Illuminate/Foundation/Http/Kernel::dispatchToRouter():197}(Object(Illuminate/Http/Request))
#21 C:/Users/maria/Proyecto/ApiApuestasDeportivas/ApiApuestasDeportivas/vendor/laravel/framework/src/Illuminate/Foundation/Http/Middleware/TransformsRequest.php(21): Illuminate/Pipeline/Pipeline->{closure:Illuminate/Pipeline/Pipeline::prepareDestination():142}(Object(Illuminate/Http/Request))
#22 C:/Users/maria/Proyecto/ApiApuestasDeportivas/ApiApuestasDeportivas/vendor/laravel/framework/src/Illuminate/Foundation/Http/Middleware/ConvertEmptyStringsToNull.php(31): Illuminate/Foundation/Http/Middleware/TransformsRequest->handle(Object(Illuminate/Http/Request), Object(Closure))
#23 C:/Users/maria/Proyecto/ApiApuestasDeportivas/ApiApuestasDeportivas/vendor/laravel/framework/src/Illuminate/Pipeline/Pipeline.php(183): Illuminate/Foundation/Http/Middleware/ConvertEmptyStringsToNull->handle(Object(Illuminate/Http/Request), Object(Closure))
#24 C:/Users/maria/Proyecto/ApiApuestasDeportivas/ApiApuestasDeportivas/vendor/laravel/framework/src/Illuminate/Foundation/Http/Middleware/TransformsRequest.php(21): Illuminate/Pipeline/Pipeline->{closure:{closure:Illuminate/Pipeline/Pipeline::carry():158}:159}(Object(Illuminate/Http/Request))
#25 C:/Users/maria/Proyecto/ApiApuestasDeportivas/ApiApuestasDeportivas/vendor/laravel/framework/src/Illuminate/Foundation/Http/Middleware/TrimStrings.php(40): Illuminate/Foundation/Http/Middleware/TransformsRequest->handle(Object(Illuminate/Http/Request), Object(Closure))
#26 C:/Users/maria/Proyecto/ApiApuestasDeportivas/ApiApuestasDeportivas/vendor/laravel/framework/src/Illuminate/Pipeline/Pipeline.php(183): Illuminate/Foundation/Http/Middleware/TrimStrings->handle(Object(Illuminate/Http/Request), Object(Closure))
#27 C:/Users/maria/Proyecto/ApiApuestasDeportivas/ApiApuestasDeportivas/vendor/laravel/framework/src/Illuminate/Foundation/Http/Middleware/ValidatePostSize.php(27): Illuminate/Pipeline/Pipeline->{closure:{closure:Illuminate/Pipeline/Pipeline::carry():158}:159}(Object(Illuminate/Http/Request))
#28 C:/Users/maria/Proyecto/ApiApuestasDeportivas/ApiApuestasDeportivas/vendor/laravel/framework/src/Illuminate/Pipeline/Pipeline.php(183): Illuminate/Foundation/Http/Middleware/ValidatePostSize->handle(Object(Illuminate/Http/Request), Object(Closure))
#29 C:/Users/maria/Proyecto/ApiApuestasDeportivas/ApiApuestasDeportivas/vendor/laravel/framework/src/Illuminate/Foundation/Http/Middleware/PreventRequestsDuringMaintenance.php(99): Illuminate/Pipeline/Pipeline->{closure:{closure:Illuminate/Pipeline/Pipeline::carry():158}:159}(Object(Illuminate/Http/Request))
#30 C:/Users/maria/Proyecto/ApiApuestasDeportivas/ApiApuestasDeportivas/vendor/laravel/framework/src/Illuminate/Pipeline/Pipeline.php(183): Illuminate/Foundation/Http/Middleware/PreventRequestsDuringMaintenance->handle(Object(Illuminate/Http/Request), Object(Closure))
#31 C:/Users/maria/Proyecto/ApiApuestasDeportivas/ApiApuestasDeportivas/vendor/laravel/framework/src/Illuminate/Http/Middleware/HandleCors.php(62): Illuminate/Pipeline/Pipeline->{closure:{closure:Illuminate/Pipeline/Pipeline::carry():158}:159}(Object(Illuminate/Http/Request))
#32 C:/Users/maria/Proyecto/ApiApuestasDeportivas/ApiApuestasDeportivas/vendor/laravel/framework/src/Illuminate/Pipeline/Pipeline.php(183): Illuminate/Http/Middleware/HandleCors->handle(Object(Illuminate/Http/Request), Object(Closure))
#33 C:/Users/maria/Proyecto/ApiApuestasDeportivas/ApiApuestasDeportivas/vendor/laravel/framework/src/Illuminate/Http/Middleware/TrustProxies.php(39): Illuminate/Pipeline/Pipeline->{closure:{closure:Illuminate/Pipeline/Pipeline::carry():158}:159}(Object(Illuminate/Http/Request))
#34 C:/Users/maria/Proyecto/ApiApuestasDeportivas/ApiApuestasDeportivas/vendor/laravel/framework/src/Illuminate/Pipeline/Pipeline.php(183): Illuminate/Http/Middleware/TrustProxies->handle(Object(Illuminate/Http/Request), Object(Closure))
#35 C:/Users/maria/Proyecto/ApiApuestasDeportivas/ApiApuestasDeportivas/vendor/laravel/framework/src/Illuminate/Pipeline/Pipeline.php(119): Illuminate/Pipeline/Pipeline->{closure:{closure:Illuminate/Pipeline/Pipeline::carry():158}:159}(Object(Illuminate/Http/Request))
#36 C:/Users/maria/Proyecto/ApiApuestasDeportivas/ApiApuestasDeportivas/vendor/laravel/framework/src/Illuminate/Foundation/Http/Kernel.php(175): Illuminate/Pipeline/Pipeline->then(Object(Closure))
#37 C:/Users/maria/Proyecto/ApiApuestasDeportivas/ApiApuestasDeportivas/vendor/laravel/framework/src/Illuminate/Foundation/Http/Kernel.php(144): Illuminate/Foundation/Http/Kernel->sendRequestThroughRouter(Object(Illuminate/Http/Request))
#38 C:/Users/maria/Proyecto/ApiApuestasDeportivas/ApiApuestasDeportivas/public/index.php(51): Illuminate/Foundation/Http/Kernel->handle(Object(Illuminate/Http/Request))
#39 C:/Users/maria/Proyecto/ApiApuestasDeportivas/ApiApuestasDeportivas/vendor/laravel/framework/src/Illuminate/Foundation/resources/server.php(16): require_once('C://Users//maria//...')
#40 {main}
"} 
[2026-03-14 06:21:15] local.ERROR: Target class [role] does not exist. {"userId":1,"exception":"[object] (Illuminate\\Contracts\\Container\\BindingResolutionException(code: 0): Target class [role] does not exist. at C:/Users/maria/Proyecto/ApiApuestasDeportivas/ApiApuestasDeportivas/vendor/laravel/framework/src/Illuminate/Container/Container.php:914)
[stacktrace]
#0 C:/Users/maria/Proyecto/ApiApuestasDeportivas/ApiApuestasDeportivas/vendor/laravel/framework/src/Illuminate/Container/Container.php(795): Illuminate/Container/Container->build('role')
#1 C:/Users/maria/Proyecto/ApiApuestasDeportivas/ApiApuestasDeportivas/vendor/laravel/framework/src/Illuminate/Foundation/Application.php(986): Illuminate/Container/Container->resolve('role', Array, true)
#2 C:/Users/maria/Proyecto/ApiApuestasDeportivas/ApiApuestasDeportivas/vendor/laravel/framework/src/Illuminate/Container/Container.php(731): Illuminate/Foundation/Application->resolve('role', Array)
#3 C:/Users/maria/Proyecto/ApiApuestasDeportivas/ApiApuestasDeportivas/vendor/laravel/framework/src/Illuminate/Foundation/Application.php(971): Illuminate/Container/Container->make('role', Array)
#4 C:/Users/maria/Proyecto/ApiApuestasDeportivas/ApiApuestasDeportivas/vendor/laravel/framework/src/Illuminate/Foundation/Http/Kernel.php(255): Illuminate/Foundation/Application->make('role')
#5 C:/Users/maria/Proyecto/ApiApuestasDeportivas/ApiApuestasDeportivas/vendor/laravel/framework/src/Illuminate/Foundation/Http/Kernel.php(213): Illuminate/Foundation/Http/Kernel->terminateMiddleware(Object(Illuminate/Http/Request), Object(Illuminate/Http/Response))
#6 C:/Users/maria/Proyecto/ApiApuestasDeportivas/ApiApuestasDeportivas/public/index.php(55): Illuminate/Foundation/Http/Kernel->terminate(Object(Illuminate/Http/Request), Object(Illuminate/Http/Response))
#7 C:/Users/maria/Proyecto/ApiApuestasDeportivas/ApiApuestasDeportivas/vendor/laravel/framework/src/Illuminate/Foundation/resources/server.php(16): require_once('C://Users//maria//...')
#8 {main}

[previous exception] [object] (ReflectionException(code: -1): Class \"role\" does not exist at C:/Users/maria/Proyecto/ApiApuestasDeportivas/ApiApuestasDeportivas/vendor/laravel/framework/src/Illuminate/Container/Container.php:912)
[stacktrace]
#0 C:/Users/maria/Proyecto/ApiApuestasDeportivas/ApiApuestasDeportivas/vendor/laravel/framework/src/Illuminate/Container/Container.php(912): ReflectionClass->__construct('role')
#1 C:/Users/maria/Proyecto/ApiApuestasDeportivas/ApiApuestasDeportivas/vendor/laravel/framework/src/Illuminate/Container/Container.php(795): Illuminate/Container/Container->build('role')
#2 C:/Users/maria/Proyecto/ApiApuestasDeportivas/ApiApuestasDeportivas/vendor/laravel/framework/src/Illuminate/Foundation/Application.php(986): Illuminate/Container/Container->resolve('role', Array, true)
#3 C:/Users/maria/Proyecto/ApiApuestasDeportivas/ApiApuestasDeportivas/vendor/laravel/framework/src/Illuminate/Container/Container.php(731): Illuminate/Foundation/Application->resolve('role', Array)
#4 C:/Users/maria/Proyecto/ApiApuestasDeportivas/ApiApuestasDeportivas/vendor/laravel/framework/src/Illuminate/Foundation/Application.php(971): Illuminate/Container/Container->make('role', Array)
#5 C:/Users/maria/Proyecto/ApiApuestasDeportivas/ApiApuestasDeportivas/vendor/laravel/framework/src/Illuminate/Foundation/Http/Kernel.php(255): Illuminate/Foundation/Application->make('role')
#6 C:/Users/maria/Proyecto/ApiApuestasDeportivas/ApiApuestasDeportivas/vendor/laravel/framework/src/Illuminate/Foundation/Http/Kernel.php(213): Illuminate/Foundation/Http/Kernel->terminateMiddleware(Object(Illuminate/Http/Request), Object(Illuminate/Http/Response))
#7 C:/Users/maria/Proyecto/ApiApuestasDeportivas/ApiApuestasDeportivas/public/index.php(55): Illuminate/Foundation/Http/Kernel->terminate(Object(Illuminate/Http/Request), Object(Illuminate/Http/Response))
#8 C:/Users/maria/Proyecto/ApiApuestasDeportivas/ApiApuestasDeportivas/vendor/laravel/framework/src/Illuminate/Foundation/resources/server.php(16): require_once('C://Users//maria//...')
#9 {main}
"} 
[2026-03-14 06:29:38] local.ERROR: Target class [role] does not exist. {"userId":1,"exception":"[object] (Illuminate\\Contracts\\Container\\BindingResolutionException(code: 0): Target class [role] does not exist. at C:/Users/maria/Proyecto/ApiApuestasDeportivas/ApiApuestasDeportivas/vendor/laravel/framework/src/Illuminate/Container/Container.php:914)
[stacktrace]
#0 C:/Users/maria/Proyecto/ApiApuestasDeportivas/ApiApuestasDeportivas/vendor/laravel/framework/src/Illuminate/Container/Container.php(795): Illuminate/Container/Container->build('role')
#1 C:/Users/maria/Proyecto/ApiApuestasDeportivas/ApiApuestasDeportivas/vendor/laravel/framework/src/Illuminate/Foundation/Application.php(986): Illuminate/Container/Container->resolve('role', Array, true)
#2 C:/Users/maria/Proyecto/ApiApuestasDeportivas/ApiApuestasDeportivas/vendor/laravel/framework/src/Illuminate/Container/Container.php(731): Illuminate/Foundation/Application->resolve('role', Array)
#3 C:/Users/maria/Proyecto/ApiApuestasDeportivas/ApiApuestasDeportivas/vendor/laravel/framework/src/Illuminate/Foundation/Application.php(971): Illuminate/Container/Container->make('role', Array)
#4 C:/Users/maria/Proyecto/ApiApuestasDeportivas/ApiApuestasDeportivas/vendor/laravel/framework/src/Illuminate/Pipeline/Pipeline.php(172): Illuminate/Foundation/Application->make('role')
#5 C:/Users/maria/Proyecto/ApiApuestasDeportivas/ApiApuestasDeportivas/vendor/laravel/framework/src/Illuminate/Routing/Middleware/SubstituteBindings.php(50): Illuminate/Pipeline/Pipeline->{closure:{closure:Illuminate/Pipeline/Pipeline::carry():158}:159}(Object(Illuminate/Http/Request))
#6 C:/Users/maria/Proyecto/ApiApuestasDeportivas/ApiApuestasDeportivas/vendor/laravel/framework/src/Illuminate/Pipeline/Pipeline.php(183): Illuminate/Routing/Middleware/SubstituteBindings->handle(Object(Illuminate/Http/Request), Object(Closure))
#7 C:/Users/maria/Proyecto/ApiApuestasDeportivas/ApiApuestasDeportivas/vendor/laravel/framework/src/Illuminate/Routing/Middleware/ThrottleRequests.php(159): Illuminate/Pipeline/Pipeline->{closure:{closure:Illuminate/Pipeline/Pipeline::carry():158}:159}(Object(Illuminate/Http/Request))
#8 C:/Users/maria/Proyecto/ApiApuestasDeportivas/ApiApuestasDeportivas/vendor/laravel/framework/src/Illuminate/Routing/Middleware/ThrottleRequests.php(125): Illuminate/Routing/Middleware/ThrottleRequests->handleRequest(Object(Illuminate/Http/Request), Object(Closure), Array)
#9 C:/Users/maria/Proyecto/ApiApuestasDeportivas/ApiApuestasDeportivas/vendor/laravel/framework/src/Illuminate/Routing/Middleware/ThrottleRequests.php(87): Illuminate/Routing/Middleware/ThrottleRequests->handleRequestUsingNamedLimiter(Object(Illuminate/Http/Request), Object(Closure), 'api', Object(Closure))
#10 C:/Users/maria/Proyecto/ApiApuestasDeportivas/ApiApuestasDeportivas/vendor/laravel/framework/src/Illuminate/Pipeline/Pipeline.php(183): Illuminate/Routing/Middleware/ThrottleRequests->handle(Object(Illuminate/Http/Request), Object(Closure), 'api')
#11 C:/Users/maria/Proyecto/ApiApuestasDeportivas/ApiApuestasDeportivas/vendor/laravel/framework/src/Illuminate/Auth/Middleware/Authenticate.php(57): Illuminate/Pipeline/Pipeline->{closure:{closure:Illuminate/Pipeline/Pipeline::carry():158}:159}(Object(Illuminate/Http/Request))
#12 C:/Users/maria/Proyecto/ApiApuestasDeportivas/ApiApuestasDeportivas/vendor/laravel/framework/src/Illuminate/Pipeline/Pipeline.php(183): Illuminate/Auth/Middleware/Authenticate->handle(Object(Illuminate/Http/Request), Object(Closure), 'api')
#13 C:/Users/maria/Proyecto/ApiApuestasDeportivas/ApiApuestasDeportivas/vendor/laravel/framework/src/Illuminate/Pipeline/Pipeline.php(119): Illuminate/Pipeline/Pipeline->{closure:{closure:Illuminate/Pipeline/Pipeline::carry():158}:159}(Object(Illuminate/Http/Request))
#14 C:/Users/maria/Proyecto/ApiApuestasDeportivas/ApiApuestasDeportivas/vendor/laravel/framework/src/Illuminate/Routing/Router.php(805): Illuminate/Pipeline/Pipeline->then(Object(Closure))
#15 C:/Users/maria/Proyecto/ApiApuestasDeportivas/ApiApuestasDeportivas/vendor/laravel/framework/src/Illuminate/Routing/Router.php(784): Illuminate/Routing/Router->runRouteWithinStack(Object(Illuminate/Routing/Route), Object(Illuminate/Http/Request))
#16 C:/Users/maria/Proyecto/ApiApuestasDeportivas/ApiApuestasDeportivas/vendor/laravel/framework/src/Illuminate/Routing/Router.php(748): Illuminate/Routing/Router->runRoute(Object(Illuminate/Http/Request), Object(Illuminate/Routing/Route))
#17 C:/Users/maria/Proyecto/ApiApuestasDeportivas/ApiApuestasDeportivas/vendor/laravel/framework/src/Illuminate/Routing/Router.php(737): Illuminate/Routing/Router->dispatchToRoute(Object(Illuminate/Http/Request))
#18 C:/Users/maria/Proyecto/ApiApuestasDeportivas/ApiApuestasDeportivas/vendor/laravel/framework/src/Illuminate/Foundation/Http/Kernel.php(200): Illuminate/Routing/Router->dispatch(Object(Illuminate/Http/Request))
#19 C:/Users/maria/Proyecto/ApiApuestasDeportivas/ApiApuestasDeportivas/vendor/laravel/framework/src/Illuminate/Pipeline/Pipeline.php(144): Illuminate/Foundation/Http/Kernel->{closure:Illuminate/Foundation/Http/Kernel::dispatchToRouter():197}(Object(Illuminate/Http/Request))
#20 C:/Users/maria/Proyecto/ApiApuestasDeportivas/ApiApuestasDeportivas/vendor/laravel/framework/src/Illuminate/Foundation/Http/Middleware/TransformsRequest.php(21): Illuminate/Pipeline/Pipeline->{closure:Illuminate/Pipeline/Pipeline::prepareDestination():142}(Object(Illuminate/Http/Request))
#21 C:/Users/maria/Proyecto/ApiApuestasDeportivas/ApiApuestasDeportivas/vendor/laravel/framework/src/Illuminate/Foundation/Http/Middleware/ConvertEmptyStringsToNull.php(31): Illuminate/Foundation/Http/Middleware/TransformsRequest->handle(Object(Illuminate/Http/Request), Object(Closure))
#22 C:/Users/maria/Proyecto/ApiApuestasDeportivas/ApiApuestasDeportivas/vendor/laravel/framework/src/Illuminate/Pipeline/Pipeline.php(183): Illuminate/Foundation/Http/Middleware/ConvertEmptyStringsToNull->handle(Object(Illuminate/Http/Request), Object(Closure))
#23 C:/Users/maria/Proyecto/ApiApuestasDeportivas/ApiApuestasDeportivas/vendor/laravel/framework/src/Illuminate/Foundation/Http/Middleware/TransformsRequest.php(21): Illuminate/Pipeline/Pipeline->{closure:{closure:Illuminate/Pipeline/Pipeline::carry():158}:159}(Object(Illuminate/Http/Request))
#24 C:/Users/maria/Proyecto/ApiApuestasDeportivas/ApiApuestasDeportivas/vendor/laravel/framework/src/Illuminate/Foundation/Http/Middleware/TrimStrings.php(40): Illuminate/Foundation/Http/Middleware/TransformsRequest->handle(Object(Illuminate/Http/Request), Object(Closure))
#25 C:/Users/maria/Proyecto/ApiApuestasDeportivas/ApiApuestasDeportivas/vendor/laravel/framework/src/Illuminate/Pipeline/Pipeline.php(183): Illuminate/Foundation/Http/Middleware/TrimStrings->handle(Object(Illuminate/Http/Request), Object(Closure))
#26 C:/Users/maria/Proyecto/ApiApuestasDeportivas/ApiApuestasDeportivas/vendor/laravel/framework/src/Illuminate/Foundation/Http/Middleware/ValidatePostSize.php(27): Illuminate/Pipeline/Pipeline->{closure:{closure:Illuminate/Pipeline/Pipeline::carry():158}:159}(Object(Illuminate/Http/Request))
#27 C:/Users/maria/Proyecto/ApiApuestasDeportivas/ApiApuestasDeportivas/vendor/laravel/framework/src/Illuminate/Pipeline/Pipeline.php(183): Illuminate/Foundation/Http/Middleware/ValidatePostSize->handle(Object(Illuminate/Http/Request), Object(Closure))
#28 C:/Users/maria/Proyecto/ApiApuestasDeportivas/ApiApuestasDeportivas/vendor/laravel/framework/src/Illuminate/Foundation/Http/Middleware/PreventRequestsDuringMaintenance.php(99): Illuminate/Pipeline/Pipeline->{closure:{closure:Illuminate/Pipeline/Pipeline::carry():158}:159}(Object(Illuminate/Http/Request))
#29 C:/Users/maria/Proyecto/ApiApuestasDeportivas/ApiApuestasDeportivas/vendor/laravel/framework/src/Illuminate/Pipeline/Pipeline.php(183): Illuminate/Foundation/Http/Middleware/PreventRequestsDuringMaintenance->handle(Object(Illuminate/Http/Request), Object(Closure))
#30 C:/Users/maria/Proyecto/ApiApuestasDeportivas/ApiApuestasDeportivas/vendor/laravel/framework/src/Illuminate/Http/Middleware/HandleCors.php(62): Illuminate/Pipeline/Pipeline->{closure:{closure:Illuminate/Pipeline/Pipeline::carry():158}:159}(Object(Illuminate/Http/Request))
#31 C:/Users/maria/Proyecto/ApiApuestasDeportivas/ApiApuestasDeportivas/vendor/laravel/framework/src/Illuminate/Pipeline/Pipeline.php(183): Illuminate/Http/Middleware/HandleCors->handle(Object(Illuminate/Http/Request), Object(Closure))
#32 C:/Users/maria/Proyecto/ApiApuestasDeportivas/ApiApuestasDeportivas/vendor/laravel/framework/src/Illuminate/Http/Middleware/TrustProxies.php(39): Illuminate/Pipeline/Pipeline->{closure:{closure:Illuminate/Pipeline/Pipeline::carry():158}:159}(Object(Illuminate/Http/Request))
#33 C:/Users/maria/Proyecto/ApiApuestasDeportivas/ApiApuestasDeportivas/vendor/laravel/framework/src/Illuminate/Pipeline/Pipeline.php(183): Illuminate/Http/Middleware/TrustProxies->handle(Object(Illuminate/Http/Request), Object(Closure))
#34 C:/Users/maria/Proyecto/ApiApuestasDeportivas/ApiApuestasDeportivas/vendor/laravel/framework/src/Illuminate/Pipeline/Pipeline.php(119): Illuminate/Pipeline/Pipeline->{closure:{closure:Illuminate/Pipeline/Pipeline::carry():158}:159}(Object(Illuminate/Http/Request))
#35 C:/Users/maria/Proyecto/ApiApuestasDeportivas/ApiApuestasDeportivas/vendor/laravel/framework/src/Illuminate/Foundation/Http/Kernel.php(175): Illuminate/Pipeline/Pipeline->then(Object(Closure))
#36 C:/Users/maria/Proyecto/ApiApuestasDeportivas/ApiApuestasDeportivas/vendor/laravel/framework/src/Illuminate/Foundation/Http/Kernel.php(144): Illuminate/Foundation/Http/Kernel->sendRequestThroughRouter(Object(Illuminate/Http/Request))
#37 C:/Users/maria/Proyecto/ApiApuestasDeportivas/ApiApuestasDeportivas/public/index.php(51): Illuminate/Foundation/Http/Kernel->handle(Object(Illuminate/Http/Request))
#38 C:/Users/maria/Proyecto/ApiApuestasDeportivas/ApiApuestasDeportivas/vendor/laravel/framework/src/Illuminate/Foundation/resources/server.php(16): require_once('C://Users//maria//...')
#39 {main}

[previous exception] [object] (ReflectionException(code: -1): Class \"role\" does not exist at C:/Users/maria/Proyecto/ApiApuestasDeportivas/ApiApuestasDeportivas/vendor/laravel/framework/src/Illuminate/Container/Container.php:912)
[stacktrace]
#0 C:/Users/maria/Proyecto/ApiApuestasDeportivas/ApiApuestasDeportivas/vendor/laravel/framework/src/Illuminate/Container/Container.php(912): ReflectionClass->__construct('role')
#1 C:/Users/maria/Proyecto/ApiApuestasDeportivas/ApiApuestasDeportivas/vendor/laravel/framework/src/Illuminate/Container/Container.php(795): Illuminate/Container/Container->build('role')
#2 C:/Users/maria/Proyecto/ApiApuestasDeportivas/ApiApuestasDeportivas/vendor/laravel/framework/src/Illuminate/Foundation/Application.php(986): Illuminate/Container/Container->resolve('role', Array, true)
#3 C:/Users/maria/Proyecto/ApiApuestasDeportivas/ApiApuestasDeportivas/vendor/laravel/framework/src/Illuminate/Container/Container.php(731): Illuminate/Foundation/Application->resolve('role', Array)
#4 C:/Users/maria/Proyecto/ApiApuestasDeportivas/ApiApuestasDeportivas/vendor/laravel/framework/src/Illuminate/Foundation/Application.php(971): Illuminate/Container/Container->make('role', Array)
#5 C:/Users/maria/Proyecto/ApiApuestasDeportivas/ApiApuestasDeportivas/vendor/laravel/framework/src/Illuminate/Pipeline/Pipeline.php(172): Illuminate/Foundation/Application->make('role')
#6 C:/Users/maria/Proyecto/ApiApuestasDeportivas/ApiApuestasDeportivas/vendor/laravel/framework/src/Illuminate/Routing/Middleware/SubstituteBindings.php(50): Illuminate/Pipeline/Pipeline->{closure:{closure:Illuminate/Pipeline/Pipeline::carry():158}:159}(Object(Illuminate/Http/Request))
#7 C:/Users/maria/Proyecto/ApiApuestasDeportivas/ApiApuestasDeportivas/vendor/laravel/framework/src/Illuminate/Pipeline/Pipeline.php(183): Illuminate/Routing/Middleware/SubstituteBindings->handle(Object(Illuminate/Http/Request), Object(Closure))
#8 C:/Users/maria/Proyecto/ApiApuestasDeportivas/ApiApuestasDeportivas/vendor/laravel/framework/src/Illuminate/Routing/Middleware/ThrottleRequests.php(159): Illuminate/Pipeline/Pipeline->{closure:{closure:Illuminate/Pipeline/Pipeline::carry():158}:159}(Object(Illuminate/Http/Request))
#9 C:/Users/maria/Proyecto/ApiApuestasDeportivas/ApiApuestasDeportivas/vendor/laravel/framework/src/Illuminate/Routing/Middleware/ThrottleRequests.php(125): Illuminate/Routing/Middleware/ThrottleRequests->handleRequest(Object(Illuminate/Http/Request), Object(Closure), Array)
#10 C:/Users/maria/Proyecto/ApiApuestasDeportivas/ApiApuestasDeportivas/vendor/laravel/framework/src/Illuminate/Routing/Middleware/ThrottleRequests.php(87): Illuminate/Routing/Middleware/ThrottleRequests->handleRequestUsingNamedLimiter(Object(Illuminate/Http/Request), Object(Closure), 'api', Object(Closure))
#11 C:/Users/maria/Proyecto/ApiApuestasDeportivas/ApiApuestasDeportivas/vendor/laravel/framework/src/Illuminate/Pipeline/Pipeline.php(183): Illuminate/Routing/Middleware/ThrottleRequests->handle(Object(Illuminate/Http/Request), Object(Closure), 'api')
#12 C:/Users/maria/Proyecto/ApiApuestasDeportivas/ApiApuestasDeportivas/vendor/laravel/framework/src/Illuminate/Auth/Middleware/Authenticate.php(57): Illuminate/Pipeline/Pipeline->{closure:{closure:Illuminate/Pipeline/Pipeline::carry():158}:159}(Object(Illuminate/Http/Request))
#13 C:/Users/maria/Proyecto/ApiApuestasDeportivas/ApiApuestasDeportivas/vendor/laravel/framework/src/Illuminate/Pipeline/Pipeline.php(183): Illuminate/Auth/Middleware/Authenticate->handle(Object(Illuminate/Http/Request), Object(Closure), 'api')
#14 C:/Users/maria/Proyecto/ApiApuestasDeportivas/ApiApuestasDeportivas/vendor/laravel/framework/src/Illuminate/Pipeline/Pipeline.php(119): Illuminate/Pipeline/Pipeline->{closure:{closure:Illuminate/Pipeline/Pipeline::carry():158}:159}(Object(Illuminate/Http/Request))
#15 C:/Users/maria/Proyecto/ApiApuestasDeportivas/ApiApuestasDeportivas/vendor/laravel/framework/src/Illuminate/Routing/Router.php(805): Illuminate/Pipeline/Pipeline->then(Object(Closure))
#16 C:/Users/maria/Proyecto/ApiApuestasDeportivas/ApiApuestasDeportivas/vendor/laravel/framework/src/Illuminate/Routing/Router.php(784): Illuminate/Routing/Router->runRouteWithinStack(Object(Illuminate/Routing/Route), Object(Illuminate/Http/Request))
#17 C:/Users/maria/Proyecto/ApiApuestasDeportivas/ApiApuestasDeportivas/vendor/laravel/framework/src/Illuminate/Routing/Router.php(748): Illuminate/Routing/Router->runRoute(Object(Illuminate/Http/Request), Object(Illuminate/Routing/Route))
#18 C:/Users/maria/Proyecto/ApiApuestasDeportivas/ApiApuestasDeportivas/vendor/laravel/framework/src/Illuminate/Routing/Router.php(737): Illuminate/Routing/Router->dispatchToRoute(Object(Illuminate/Http/Request))
#19 C:/Users/maria/Proyecto/ApiApuestasDeportivas/ApiApuestasDeportivas/vendor/laravel/framework/src/Illuminate/Foundation/Http/Kernel.php(200): Illuminate/Routing/Router->dispatch(Object(Illuminate/Http/Request))
#20 C:/Users/maria/Proyecto/ApiApuestasDeportivas/ApiApuestasDeportivas/vendor/laravel/framework/src/Illuminate/Pipeline/Pipeline.php(144): Illuminate/Foundation/Http/Kernel->{closure:Illuminate/Foundation/Http/Kernel::dispatchToRouter():197}(Object(Illuminate/Http/Request))
#21 C:/Users/maria/Proyecto/ApiApuestasDeportivas/ApiApuestasDeportivas/vendor/laravel/framework/src/Illuminate/Foundation/Http/Middleware/TransformsRequest.php(21): Illuminate/Pipeline/Pipeline->{closure:Illuminate/Pipeline/Pipeline::prepareDestination():142}(Object(Illuminate/Http/Request))
#22 C:/Users/maria/Proyecto/ApiApuestasDeportivas/ApiApuestasDeportivas/vendor/laravel/framework/src/Illuminate/Foundation/Http/Middleware/ConvertEmptyStringsToNull.php(31): Illuminate/Foundation/Http/Middleware/TransformsRequest->handle(Object(Illuminate/Http/Request), Object(Closure))
#23 C:/Users/maria/Proyecto/ApiApuestasDeportivas/ApiApuestasDeportivas/vendor/laravel/framework/src/Illuminate/Pipeline/Pipeline.php(183): Illuminate/Foundation/Http/Middleware/ConvertEmptyStringsToNull->handle(Object(Illuminate/Http/Request), Object(Closure))
#24 C:/Users/maria/Proyecto/ApiApuestasDeportivas/ApiApuestasDeportivas/vendor/laravel/framework/src/Illuminate/Foundation/Http/Middleware/TransformsRequest.php(21): Illuminate/Pipeline/Pipeline->{closure:{closure:Illuminate/Pipeline/Pipeline::carry():158}:159}(Object(Illuminate/Http/Request))
#25 C:/Users/maria/Proyecto/ApiApuestasDeportivas/ApiApuestasDeportivas/vendor/laravel/framework/src/Illuminate/Foundation/Http/Middleware/TrimStrings.php(40): Illuminate/Foundation/Http/Middleware/TransformsRequest->handle(Object(Illuminate/Http/Request), Object(Closure))
#26 C:/Users/maria/Proyecto/ApiApuestasDeportivas/ApiApuestasDeportivas/vendor/laravel/framework/src/Illuminate/Pipeline/Pipeline.php(183): Illuminate/Foundation/Http/Middleware/TrimStrings->handle(Object(Illuminate/Http/Request), Object(Closure))
#27 C:/Users/maria/Proyecto/ApiApuestasDeportivas/ApiApuestasDeportivas/vendor/laravel/framework/src/Illuminate/Foundation/Http/Middleware/ValidatePostSize.php(27): Illuminate/Pipeline/Pipeline->{closure:{closure:Illuminate/Pipeline/Pipeline::carry():158}:159}(Object(Illuminate/Http/Request))
#28 C:/Users/maria/Proyecto/ApiApuestasDeportivas/ApiApuestasDeportivas/vendor/laravel/framework/src/Illuminate/Pipeline/Pipeline.php(183): Illuminate/Foundation/Http/Middleware/ValidatePostSize->handle(Object(Illuminate/Http/Request), Object(Closure))
#29 C:/Users/maria/Proyecto/ApiApuestasDeportivas/ApiApuestasDeportivas/vendor/laravel/framework/src/Illuminate/Foundation/Http/Middleware/PreventRequestsDuringMaintenance.php(99): Illuminate/Pipeline/Pipeline->{closure:{closure:Illuminate/Pipeline/Pipeline::carry():158}:159}(Object(Illuminate/Http/Request))
#30 C:/Users/maria/Proyecto/ApiApuestasDeportivas/ApiApuestasDeportivas/vendor/laravel/framework/src/Illuminate/Pipeline/Pipeline.php(183): Illuminate/Foundation/Http/Middleware/PreventRequestsDuringMaintenance->handle(Object(Illuminate/Http/Request), Object(Closure))
#31 C:/Users/maria/Proyecto/ApiApuestasDeportivas/ApiApuestasDeportivas/vendor/laravel/framework/src/Illuminate/Http/Middleware/HandleCors.php(62): Illuminate/Pipeline/Pipeline->{closure:{closure:Illuminate/Pipeline/Pipeline::carry():158}:159}(Object(Illuminate/Http/Request))
#32 C:/Users/maria/Proyecto/ApiApuestasDeportivas/ApiApuestasDeportivas/vendor/laravel/framework/src/Illuminate/Pipeline/Pipeline.php(183): Illuminate/Http/Middleware/HandleCors->handle(Object(Illuminate/Http/Request), Object(Closure))
#33 C:/Users/maria/Proyecto/ApiApuestasDeportivas/ApiApuestasDeportivas/vendor/laravel/framework/src/Illuminate/Http/Middleware/TrustProxies.php(39): Illuminate/Pipeline/Pipeline->{closure:{closure:Illuminate/Pipeline/Pipeline::carry():158}:159}(Object(Illuminate/Http/Request))
#34 C:/Users/maria/Proyecto/ApiApuestasDeportivas/ApiApuestasDeportivas/vendor/laravel/framework/src/Illuminate/Pipeline/Pipeline.php(183): Illuminate/Http/Middleware/TrustProxies->handle(Object(Illuminate/Http/Request), Object(Closure))
#35 C:/Users/maria/Proyecto/ApiApuestasDeportivas/ApiApuestasDeportivas/vendor/laravel/framework/src/Illuminate/Pipeline/Pipeline.php(119): Illuminate/Pipeline/Pipeline->{closure:{closure:Illuminate/Pipeline/Pipeline::carry():158}:159}(Object(Illuminate/Http/Request))
#36 C:/Users/maria/Proyecto/ApiApuestasDeportivas/ApiApuestasDeportivas/vendor/laravel/framework/src/Illuminate/Foundation/Http/Kernel.php(175): Illuminate/Pipeline/Pipeline->then(Object(Closure))
#37 C:/Users/maria/Proyecto/ApiApuestasDeportivas/ApiApuestasDeportivas/vendor/laravel/framework/src/Illuminate/Foundation/Http/Kernel.php(144): Illuminate/Foundation/Http/Kernel->sendRequestThroughRouter(Object(Illuminate/Http/Request))
#38 C:/Users/maria/Proyecto/ApiApuestasDeportivas/ApiApuestasDeportivas/public/index.php(51): Illuminate/Foundation/Http/Kernel->handle(Object(Illuminate/Http/Request))
#39 C:/Users/maria/Proyecto/ApiApuestasDeportivas/ApiApuestasDeportivas/vendor/laravel/framework/src/Illuminate/Foundation/resources/server.php(16): require_once('C://Users//maria//...')
#40 {main}
"} 
[2026-03-14 06:29:39] local.ERROR: Target class [role] does not exist. {"userId":1,"exception":"[object] (Illuminate\\Contracts\\Container\\BindingResolutionException(code: 0): Target class [role] does not exist. at C:/Users/maria/Proyecto/ApiApuestasDeportivas/ApiApuestasDeportivas/vendor/laravel/framework/src/Illuminate/Container/Container.php:914)
[stacktrace]
#0 C:/Users/maria/Proyecto/ApiApuestasDeportivas/ApiApuestasDeportivas/vendor/laravel/framework/src/Illuminate/Container/Container.php(795): Illuminate/Container/Container->build('role')
#1 C:/Users/maria/Proyecto/ApiApuestasDeportivas/ApiApuestasDeportivas/vendor/laravel/framework/src/Illuminate/Foundation/Application.php(986): Illuminate/Container/Container->resolve('role', Array, true)
#2 C:/Users/maria/Proyecto/ApiApuestasDeportivas/ApiApuestasDeportivas/vendor/laravel/framework/src/Illuminate/Container/Container.php(731): Illuminate/Foundation/Application->resolve('role', Array)
#3 C:/Users/maria/Proyecto/ApiApuestasDeportivas/ApiApuestasDeportivas/vendor/laravel/framework/src/Illuminate/Foundation/Application.php(971): Illuminate/Container/Container->make('role', Array)
#4 C:/Users/maria/Proyecto/ApiApuestasDeportivas/ApiApuestasDeportivas/vendor/laravel/framework/src/Illuminate/Foundation/Http/Kernel.php(255): Illuminate/Foundation/Application->make('role')
#5 C:/Users/maria/Proyecto/ApiApuestasDeportivas/ApiApuestasDeportivas/vendor/laravel/framework/src/Illuminate/Foundation/Http/Kernel.php(213): Illuminate/Foundation/Http/Kernel->terminateMiddleware(Object(Illuminate/Http/Request), Object(Illuminate/Http/Response))
#6 C:/Users/maria/Proyecto/ApiApuestasDeportivas/ApiApuestasDeportivas/public/index.php(55): Illuminate/Foundation/Http/Kernel->terminate(Object(Illuminate/Http/Request), Object(Illuminate/Http/Response))
#7 C:/Users/maria/Proyecto/ApiApuestasDeportivas/ApiApuestasDeportivas/vendor/laravel/framework/src/Illuminate/Foundation/resources/server.php(16): require_once('C://Users//maria//...')
#8 {main}

[previous exception] [object] (ReflectionException(code: -1): Class \"role\" does not exist at C:/Users/maria/Proyecto/ApiApuestasDeportivas/ApiApuestasDeportivas/vendor/laravel/framework/src/Illuminate/Container/Container.php:912)
[stacktrace]
#0 C:/Users/maria/Proyecto/ApiApuestasDeportivas/ApiApuestasDeportivas/vendor/laravel/framework/src/Illuminate/Container/Container.php(912): ReflectionClass->__construct('role')
#1 C:/Users/maria/Proyecto/ApiApuestasDeportivas/ApiApuestasDeportivas/vendor/laravel/framework/src/Illuminate/Container/Container.php(795): Illuminate/Container/Container->build('role')
#2 C:/Users/maria/Proyecto/ApiApuestasDeportivas/ApiApuestasDeportivas/vendor/laravel/framework/src/Illuminate/Foundation/Application.php(986): Illuminate/Container/Container->resolve('role', Array, true)
#3 C:/Users/maria/Proyecto/ApiApuestasDeportivas/ApiApuestasDeportivas/vendor/laravel/framework/src/Illuminate/Container/Container.php(731): Illuminate/Foundation/Application->resolve('role', Array)
#4 C:/Users/maria/Proyecto/ApiApuestasDeportivas/ApiApuestasDeportivas/vendor/laravel/framework/src/Illuminate/Foundation/Application.php(971): Illuminate/Container/Container->make('role', Array)
#5 C:/Users/maria/Proyecto/ApiApuestasDeportivas/ApiApuestasDeportivas/vendor/laravel/framework/src/Illuminate/Foundation/Http/Kernel.php(255): Illuminate/Foundation/Application->make('role')
#6 C:/Users/maria/Proyecto/ApiApuestasDeportivas/ApiApuestasDeportivas/vendor/laravel/framework/src/Illuminate/Foundation/Http/Kernel.php(213): Illuminate/Foundation/Http/Kernel->terminateMiddleware(Object(Illuminate/Http/Request), Object(Illuminate/Http/Response))
#7 C:/Users/maria/Proyecto/ApiApuestasDeportivas/ApiApuestasDeportivas/public/index.php(55): Illuminate/Foundation/Http/Kernel->terminate(Object(Illuminate/Http/Request), Object(Illuminate/Http/Response))
#8 C:/Users/maria/Proyecto/ApiApuestasDeportivas/ApiApuestasDeportivas/vendor/laravel/framework/src/Illuminate/Foundation/resources/server.php(16): require_once('C://Users//maria//...')
#9 {main}
"} 
[2026-03-14 06:35:42] local.ERROR: Target class [role] does not exist. {"userId":1,"exception":"[object] (Illuminate\\Contracts\\Container\\BindingResolutionException(code: 0): Target class [role] does not exist. at C:/Users/maria/Proyecto/ApiApuestasDeportivas/ApiApuestasDeportivas/vendor/laravel/framework/src/Illuminate/Container/Container.php:914)
[stacktrace]
#0 C:/Users/maria/Proyecto/ApiApuestasDeportivas/ApiApuestasDeportivas/vendor/laravel/framework/src/Illuminate/Container/Container.php(795): Illuminate/Container/Container->build('role')
#1 C:/Users/maria/Proyecto/ApiApuestasDeportivas/ApiApuestasDeportivas/vendor/laravel/framework/src/Illuminate/Foundation/Application.php(986): Illuminate/Container/Container->resolve('role', Array, true)
#2 C:/Users/maria/Proyecto/ApiApuestasDeportivas/ApiApuestasDeportivas/vendor/laravel/framework/src/Illuminate/Container/Container.php(731): Illuminate/Foundation/Application->resolve('role', Array)
#3 C:/Users/maria/Proyecto/ApiApuestasDeportivas/ApiApuestasDeportivas/vendor/laravel/framework/src/Illuminate/Foundation/Application.php(971): Illuminate/Container/Container->make('role', Array)
#4 C:/Users/maria/Proyecto/ApiApuestasDeportivas/ApiApuestasDeportivas/vendor/laravel/framework/src/Illuminate/Pipeline/Pipeline.php(172): Illuminate/Foundation/Application->make('role')
#5 C:/Users/maria/Proyecto/ApiApuestasDeportivas/ApiApuestasDeportivas/vendor/laravel/framework/src/Illuminate/Routing/Middleware/SubstituteBindings.php(50): Illuminate/Pipeline/Pipeline->{closure:{closure:Illuminate/Pipeline/Pipeline::carry():158}:159}(Object(Illuminate/Http/Request))
#6 C:/Users/maria/Proyecto/ApiApuestasDeportivas/ApiApuestasDeportivas/vendor/laravel/framework/src/Illuminate/Pipeline/Pipeline.php(183): Illuminate/Routing/Middleware/SubstituteBindings->handle(Object(Illuminate/Http/Request), Object(Closure))
#7 C:/Users/maria/Proyecto/ApiApuestasDeportivas/ApiApuestasDeportivas/vendor/laravel/framework/src/Illuminate/Routing/Middleware/ThrottleRequests.php(159): Illuminate/Pipeline/Pipeline->{closure:{closure:Illuminate/Pipeline/Pipeline::carry():158}:159}(Object(Illuminate/Http/Request))
#8 C:/Users/maria/Proyecto/ApiApuestasDeportivas/ApiApuestasDeportivas/vendor/laravel/framework/src/Illuminate/Routing/Middleware/ThrottleRequests.php(125): Illuminate/Routing/Middleware/ThrottleRequests->handleRequest(Object(Illuminate/Http/Request), Object(Closure), Array)
#9 C:/Users/maria/Proyecto/ApiApuestasDeportivas/ApiApuestasDeportivas/vendor/laravel/framework/src/Illuminate/Routing/Middleware/ThrottleRequests.php(87): Illuminate/Routing/Middleware/ThrottleRequests->handleRequestUsingNamedLimiter(Object(Illuminate/Http/Request), Object(Closure), 'api', Object(Closure))
#10 C:/Users/maria/Proyecto/ApiApuestasDeportivas/ApiApuestasDeportivas/vendor/laravel/framework/src/Illuminate/Pipeline/Pipeline.php(183): Illuminate/Routing/Middleware/ThrottleRequests->handle(Object(Illuminate/Http/Request), Object(Closure), 'api')
#11 C:/Users/maria/Proyecto/ApiApuestasDeportivas/ApiApuestasDeportivas/vendor/laravel/framework/src/Illuminate/Auth/Middleware/Authenticate.php(57): Illuminate/Pipeline/Pipeline->{closure:{closure:Illuminate/Pipeline/Pipeline::carry():158}:159}(Object(Illuminate/Http/Request))
#12 C:/Users/maria/Proyecto/ApiApuestasDeportivas/ApiApuestasDeportivas/vendor/laravel/framework/src/Illuminate/Pipeline/Pipeline.php(183): Illuminate/Auth/Middleware/Authenticate->handle(Object(Illuminate/Http/Request), Object(Closure), 'api')
#13 C:/Users/maria/Proyecto/ApiApuestasDeportivas/ApiApuestasDeportivas/vendor/laravel/framework/src/Illuminate/Pipeline/Pipeline.php(119): Illuminate/Pipeline/Pipeline->{closure:{closure:Illuminate/Pipeline/Pipeline::carry():158}:159}(Object(Illuminate/Http/Request))
#14 C:/Users/maria/Proyecto/ApiApuestasDeportivas/ApiApuestasDeportivas/vendor/laravel/framework/src/Illuminate/Routing/Router.php(805): Illuminate/Pipeline/Pipeline->then(Object(Closure))
#15 C:/Users/maria/Proyecto/ApiApuestasDeportivas/ApiApuestasDeportivas/vendor/laravel/framework/src/Illuminate/Routing/Router.php(784): Illuminate/Routing/Router->runRouteWithinStack(Object(Illuminate/Routing/Route), Object(Illuminate/Http/Request))
#16 C:/Users/maria/Proyecto/ApiApuestasDeportivas/ApiApuestasDeportivas/vendor/laravel/framework/src/Illuminate/Routing/Router.php(748): Illuminate/Routing/Router->runRoute(Object(Illuminate/Http/Request), Object(Illuminate/Routing/Route))
#17 C:/Users/maria/Proyecto/ApiApuestasDeportivas/ApiApuestasDeportivas/vendor/laravel/framework/src/Illuminate/Routing/Router.php(737): Illuminate/Routing/Router->dispatchToRoute(Object(Illuminate/Http/Request))
#18 C:/Users/maria/Proyecto/ApiApuestasDeportivas/ApiApuestasDeportivas/vendor/laravel/framework/src/Illuminate/Foundation/Http/Kernel.php(200): Illuminate/Routing/Router->dispatch(Object(Illuminate/Http/Request))
#19 C:/Users/maria/Proyecto/ApiApuestasDeportivas/ApiApuestasDeportivas/vendor/laravel/framework/src/Illuminate/Pipeline/Pipeline.php(144): Illuminate/Foundation/Http/Kernel->{closure:Illuminate/Foundation/Http/Kernel::dispatchToRouter():197}(Object(Illuminate/Http/Request))
#20 C:/Users/maria/Proyecto/ApiApuestasDeportivas/ApiApuestasDeportivas/vendor/laravel/framework/src/Illuminate/Foundation/Http/Middleware/TransformsRequest.php(21): Illuminate/Pipeline/Pipeline->{closure:Illuminate/Pipeline/Pipeline::prepareDestination():142}(Object(Illuminate/Http/Request))
#21 C:/Users/maria/Proyecto/ApiApuestasDeportivas/ApiApuestasDeportivas/vendor/laravel/framework/src/Illuminate/Foundation/Http/Middleware/ConvertEmptyStringsToNull.php(31): Illuminate/Foundation/Http/Middleware/TransformsRequest->handle(Object(Illuminate/Http/Request), Object(Closure))
#22 C:/Users/maria/Proyecto/ApiApuestasDeportivas/ApiApuestasDeportivas/vendor/laravel/framework/src/Illuminate/Pipeline/Pipeline.php(183): Illuminate/Foundation/Http/Middleware/ConvertEmptyStringsToNull->handle(Object(Illuminate/Http/Request), Object(Closure))
#23 C:/Users/maria/Proyecto/ApiApuestasDeportivas/ApiApuestasDeportivas/vendor/laravel/framework/src/Illuminate/Foundation/Http/Middleware/TransformsRequest.php(21): Illuminate/Pipeline/Pipeline->{closure:{closure:Illuminate/Pipeline/Pipeline::carry():158}:159}(Object(Illuminate/Http/Request))
#24 C:/Users/maria/Proyecto/ApiApuestasDeportivas/ApiApuestasDeportivas/vendor/laravel/framework/src/Illuminate/Foundation/Http/Middleware/TrimStrings.php(40): Illuminate/Foundation/Http/Middleware/TransformsRequest->handle(Object(Illuminate/Http/Request), Object(Closure))
#25 C:/Users/maria/Proyecto/ApiApuestasDeportivas/ApiApuestasDeportivas/vendor/laravel/framework/src/Illuminate/Pipeline/Pipeline.php(183): Illuminate/Foundation/Http/Middleware/TrimStrings->handle(Object(Illuminate/Http/Request), Object(Closure))
#26 C:/Users/maria/Proyecto/ApiApuestasDeportivas/ApiApuestasDeportivas/vendor/laravel/framework/src/Illuminate/Foundation/Http/Middleware/ValidatePostSize.php(27): Illuminate/Pipeline/Pipeline->{closure:{closure:Illuminate/Pipeline/Pipeline::carry():158}:159}(Object(Illuminate/Http/Request))
#27 C:/Users/maria/Proyecto/ApiApuestasDeportivas/ApiApuestasDeportivas/vendor/laravel/framework/src/Illuminate/Pipeline/Pipeline.php(183): Illuminate/Foundation/Http/Middleware/ValidatePostSize->handle(Object(Illuminate/Http/Request), Object(Closure))
#28 C:/Users/maria/Proyecto/ApiApuestasDeportivas/ApiApuestasDeportivas/vendor/laravel/framework/src/Illuminate/Foundation/Http/Middleware/PreventRequestsDuringMaintenance.php(99): Illuminate/Pipeline/Pipeline->{closure:{closure:Illuminate/Pipeline/Pipeline::carry():158}:159}(Object(Illuminate/Http/Request))
#29 C:/Users/maria/Proyecto/ApiApuestasDeportivas/ApiApuestasDeportivas/vendor/laravel/framework/src/Illuminate/Pipeline/Pipeline.php(183): Illuminate/Foundation/Http/Middleware/PreventRequestsDuringMaintenance->handle(Object(Illuminate/Http/Request), Object(Closure))
#30 C:/Users/maria/Proyecto/ApiApuestasDeportivas/ApiApuestasDeportivas/vendor/laravel/framework/src/Illuminate/Http/Middleware/HandleCors.php(62): Illuminate/Pipeline/Pipeline->{closure:{closure:Illuminate/Pipeline/Pipeline::carry():158}:159}(Object(Illuminate/Http/Request))
#31 C:/Users/maria/Proyecto/ApiApuestasDeportivas/ApiApuestasDeportivas/vendor/laravel/framework/src/Illuminate/Pipeline/Pipeline.php(183): Illuminate/Http/Middleware/HandleCors->handle(Object(Illuminate/Http/Request), Object(Closure))
#32 C:/Users/maria/Proyecto/ApiApuestasDeportivas/ApiApuestasDeportivas/vendor/laravel/framework/src/Illuminate/Http/Middleware/TrustProxies.php(39): Illuminate/Pipeline/Pipeline->{closure:{closure:Illuminate/Pipeline/Pipeline::carry():158}:159}(Object(Illuminate/Http/Request))
#33 C:/Users/maria/Proyecto/ApiApuestasDeportivas/ApiApuestasDeportivas/vendor/laravel/framework/src/Illuminate/Pipeline/Pipeline.php(183): Illuminate/Http/Middleware/TrustProxies->handle(Object(Illuminate/Http/Request), Object(Closure))
#34 C:/Users/maria/Proyecto/ApiApuestasDeportivas/ApiApuestasDeportivas/vendor/laravel/framework/src/Illuminate/Pipeline/Pipeline.php(119): Illuminate/Pipeline/Pipeline->{closure:{closure:Illuminate/Pipeline/Pipeline::carry():158}:159}(Object(Illuminate/Http/Request))
#35 C:/Users/maria/Proyecto/ApiApuestasDeportivas/ApiApuestasDeportivas/vendor/laravel/framework/src/Illuminate/Foundation/Http/Kernel.php(175): Illuminate/Pipeline/Pipeline->then(Object(Closure))
#36 C:/Users/maria/Proyecto/ApiApuestasDeportivas/ApiApuestasDeportivas/vendor/laravel/framework/src/Illuminate/Foundation/Http/Kernel.php(144): Illuminate/Foundation/Http/Kernel->sendRequestThroughRouter(Object(Illuminate/Http/Request))
#37 C:/Users/maria/Proyecto/ApiApuestasDeportivas/ApiApuestasDeportivas/public/index.php(51): Illuminate/Foundation/Http/Kernel->handle(Object(Illuminate/Http/Request))
#38 C:/Users/maria/Proyecto/ApiApuestasDeportivas/ApiApuestasDeportivas/vendor/laravel/framework/src/Illuminate/Foundation/resources/server.php(16): require_once('C://Users//maria//...')
#39 {main}

[previous exception] [object] (ReflectionException(code: -1): Class \"role\" does not exist at C:/Users/maria/Proyecto/ApiApuestasDeportivas/ApiApuestasDeportivas/vendor/laravel/framework/src/Illuminate/Container/Container.php:912)
[stacktrace]
#0 C:/Users/maria/Proyecto/ApiApuestasDeportivas/ApiApuestasDeportivas/vendor/laravel/framework/src/Illuminate/Container/Container.php(912): ReflectionClass->__construct('role')
#1 C:/Users/maria/Proyecto/ApiApuestasDeportivas/ApiApuestasDeportivas/vendor/laravel/framework/src/Illuminate/Container/Container.php(795): Illuminate/Container/Container->build('role')
#2 C:/Users/maria/Proyecto/ApiApuestasDeportivas/ApiApuestasDeportivas/vendor/laravel/framework/src/Illuminate/Foundation/Application.php(986): Illuminate/Container/Container->resolve('role', Array, true)
#3 C:/Users/maria/Proyecto/ApiApuestasDeportivas/ApiApuestasDeportivas/vendor/laravel/framework/src/Illuminate/Container/Container.php(731): Illuminate/Foundation/Application->resolve('role', Array)
#4 C:/Users/maria/Proyecto/ApiApuestasDeportivas/ApiApuestasDeportivas/vendor/laravel/framework/src/Illuminate/Foundation/Application.php(971): Illuminate/Container/Container->make('role', Array)
#5 C:/Users/maria/Proyecto/ApiApuestasDeportivas/ApiApuestasDeportivas/vendor/laravel/framework/src/Illuminate/Pipeline/Pipeline.php(172): Illuminate/Foundation/Application->make('role')
#6 C:/Users/maria/Proyecto/ApiApuestasDeportivas/ApiApuestasDeportivas/vendor/laravel/framework/src/Illuminate/Routing/Middleware/SubstituteBindings.php(50): Illuminate/Pipeline/Pipeline->{closure:{closure:Illuminate/Pipeline/Pipeline::carry():158}:159}(Object(Illuminate/Http/Request))
#7 C:/Users/maria/Proyecto/ApiApuestasDeportivas/ApiApuestasDeportivas/vendor/laravel/framework/src/Illuminate/Pipeline/Pipeline.php(183): Illuminate/Routing/Middleware/SubstituteBindings->handle(Object(Illuminate/Http/Request), Object(Closure))
#8 C:/Users/maria/Proyecto/ApiApuestasDeportivas/ApiApuestasDeportivas/vendor/laravel/framework/src/Illuminate/Routing/Middleware/ThrottleRequests.php(159): Illuminate/Pipeline/Pipeline->{closure:{closure:Illuminate/Pipeline/Pipeline::carry():158}:159}(Object(Illuminate/Http/Request))
#9 C:/Users/maria/Proyecto/ApiApuestasDeportivas/ApiApuestasDeportivas/vendor/laravel/framework/src/Illuminate/Routing/Middleware/ThrottleRequests.php(125): Illuminate/Routing/Middleware/ThrottleRequests->handleRequest(Object(Illuminate/Http/Request), Object(Closure), Array)
#10 C:/Users/maria/Proyecto/ApiApuestasDeportivas/ApiApuestasDeportivas/vendor/laravel/framework/src/Illuminate/Routing/Middleware/ThrottleRequests.php(87): Illuminate/Routing/Middleware/ThrottleRequests->handleRequestUsingNamedLimiter(Object(Illuminate/Http/Request), Object(Closure), 'api', Object(Closure))
#11 C:/Users/maria/Proyecto/ApiApuestasDeportivas/ApiApuestasDeportivas/vendor/laravel/framework/src/Illuminate/Pipeline/Pipeline.php(183): Illuminate/Routing/Middleware/ThrottleRequests->handle(Object(Illuminate/Http/Request), Object(Closure), 'api')
#12 C:/Users/maria/Proyecto/ApiApuestasDeportivas/ApiApuestasDeportivas/vendor/laravel/framework/src/Illuminate/Auth/Middleware/Authenticate.php(57): Illuminate/Pipeline/Pipeline->{closure:{closure:Illuminate/Pipeline/Pipeline::carry():158}:159}(Object(Illuminate/Http/Request))
#13 C:/Users/maria/Proyecto/ApiApuestasDeportivas/ApiApuestasDeportivas/vendor/laravel/framework/src/Illuminate/Pipeline/Pipeline.php(183): Illuminate/Auth/Middleware/Authenticate->handle(Object(Illuminate/Http/Request), Object(Closure), 'api')
#14 C:/Users/maria/Proyecto/ApiApuestasDeportivas/ApiApuestasDeportivas/vendor/laravel/framework/src/Illuminate/Pipeline/Pipeline.php(119): Illuminate/Pipeline/Pipeline->{closure:{closure:Illuminate/Pipeline/Pipeline::carry():158}:159}(Object(Illuminate/Http/Request))
#15 C:/Users/maria/Proyecto/ApiApuestasDeportivas/ApiApuestasDeportivas/vendor/laravel/framework/src/Illuminate/Routing/Router.php(805): Illuminate/Pipeline/Pipeline->then(Object(Closure))
#16 C:/Users/maria/Proyecto/ApiApuestasDeportivas/ApiApuestasDeportivas/vendor/laravel/framework/src/Illuminate/Routing/Router.php(784): Illuminate/Routing/Router->runRouteWithinStack(Object(Illuminate/Routing/Route), Object(Illuminate/Http/Request))
#17 C:/Users/maria/Proyecto/ApiApuestasDeportivas/ApiApuestasDeportivas/vendor/laravel/framework/src/Illuminate/Routing/Router.php(748): Illuminate/Routing/Router->runRoute(Object(Illuminate/Http/Request), Object(Illuminate/Routing/Route))
#18 C:/Users/maria/Proyecto/ApiApuestasDeportivas/ApiApuestasDeportivas/vendor/laravel/framework/src/Illuminate/Routing/Router.php(737): Illuminate/Routing/Router->dispatchToRoute(Object(Illuminate/Http/Request))
#19 C:/Users/maria/Proyecto/ApiApuestasDeportivas/ApiApuestasDeportivas/vendor/laravel/framework/src/Illuminate/Foundation/Http/Kernel.php(200): Illuminate/Routing/Router->dispatch(Object(Illuminate/Http/Request))
#20 C:/Users/maria/Proyecto/ApiApuestasDeportivas/ApiApuestasDeportivas/vendor/laravel/framework/src/Illuminate/Pipeline/Pipeline.php(144): Illuminate/Foundation/Http/Kernel->{closure:Illuminate/Foundation/Http/Kernel::dispatchToRouter():197}(Object(Illuminate/Http/Request))
#21 C:/Users/maria/Proyecto/ApiApuestasDeportivas/ApiApuestasDeportivas/vendor/laravel/framework/src/Illuminate/Foundation/Http/Middleware/TransformsRequest.php(21): Illuminate/Pipeline/Pipeline->{closure:Illuminate/Pipeline/Pipeline::prepareDestination():142}(Object(Illuminate/Http/Request))
#22 C:/Users/maria/Proyecto/ApiApuestasDeportivas/ApiApuestasDeportivas/vendor/laravel/framework/src/Illuminate/Foundation/Http/Middleware/ConvertEmptyStringsToNull.php(31): Illuminate/Foundation/Http/Middleware/TransformsRequest->handle(Object(Illuminate/Http/Request), Object(Closure))
#23 C:/Users/maria/Proyecto/ApiApuestasDeportivas/ApiApuestasDeportivas/vendor/laravel/framework/src/Illuminate/Pipeline/Pipeline.php(183): Illuminate/Foundation/Http/Middleware/ConvertEmptyStringsToNull->handle(Object(Illuminate/Http/Request), Object(Closure))
#24 C:/Users/maria/Proyecto/ApiApuestasDeportivas/ApiApuestasDeportivas/vendor/laravel/framework/src/Illuminate/Foundation/Http/Middleware/TransformsRequest.php(21): Illuminate/Pipeline/Pipeline->{closure:{closure:Illuminate/Pipeline/Pipeline::carry():158}:159}(Object(Illuminate/Http/Request))
#25 C:/Users/maria/Proyecto/ApiApuestasDeportivas/ApiApuestasDeportivas/vendor/laravel/framework/src/Illuminate/Foundation/Http/Middleware/TrimStrings.php(40): Illuminate/Foundation/Http/Middleware/TransformsRequest->handle(Object(Illuminate/Http/Request), Object(Closure))
#26 C:/Users/maria/Proyecto/ApiApuestasDeportivas/ApiApuestasDeportivas/vendor/laravel/framework/src/Illuminate/Pipeline/Pipeline.php(183): Illuminate/Foundation/Http/Middleware/TrimStrings->handle(Object(Illuminate/Http/Request), Object(Closure))
#27 C:/Users/maria/Proyecto/ApiApuestasDeportivas/ApiApuestasDeportivas/vendor/laravel/framework/src/Illuminate/Foundation/Http/Middleware/ValidatePostSize.php(27): Illuminate/Pipeline/Pipeline->{closure:{closure:Illuminate/Pipeline/Pipeline::carry():158}:159}(Object(Illuminate/Http/Request))
#28 C:/Users/maria/Proyecto/ApiApuestasDeportivas/ApiApuestasDeportivas/vendor/laravel/framework/src/Illuminate/Pipeline/Pipeline.php(183): Illuminate/Foundation/Http/Middleware/ValidatePostSize->handle(Object(Illuminate/Http/Request), Object(Closure))
#29 C:/Users/maria/Proyecto/ApiApuestasDeportivas/ApiApuestasDeportivas/vendor/laravel/framework/src/Illuminate/Foundation/Http/Middleware/PreventRequestsDuringMaintenance.php(99): Illuminate/Pipeline/Pipeline->{closure:{closure:Illuminate/Pipeline/Pipeline::carry():158}:159}(Object(Illuminate/Http/Request))
#30 C:/Users/maria/Proyecto/ApiApuestasDeportivas/ApiApuestasDeportivas/vendor/laravel/framework/src/Illuminate/Pipeline/Pipeline.php(183): Illuminate/Foundation/Http/Middleware/PreventRequestsDuringMaintenance->handle(Object(Illuminate/Http/Request), Object(Closure))
#31 C:/Users/maria/Proyecto/ApiApuestasDeportivas/ApiApuestasDeportivas/vendor/laravel/framework/src/Illuminate/Http/Middleware/HandleCors.php(62): Illuminate/Pipeline/Pipeline->{closure:{closure:Illuminate/Pipeline/Pipeline::carry():158}:159}(Object(Illuminate/Http/Request))
#32 C:/Users/maria/Proyecto/ApiApuestasDeportivas/ApiApuestasDeportivas/vendor/laravel/framework/src/Illuminate/Pipeline/Pipeline.php(183): Illuminate/Http/Middleware/HandleCors->handle(Object(Illuminate/Http/Request), Object(Closure))
#33 C:/Users/maria/Proyecto/ApiApuestasDeportivas/ApiApuestasDeportivas/vendor/laravel/framework/src/Illuminate/Http/Middleware/TrustProxies.php(39): Illuminate/Pipeline/Pipeline->{closure:{closure:Illuminate/Pipeline/Pipeline::carry():158}:159}(Object(Illuminate/Http/Request))
#34 C:/Users/maria/Proyecto/ApiApuestasDeportivas/ApiApuestasDeportivas/vendor/laravel/framework/src/Illuminate/Pipeline/Pipeline.php(183): Illuminate/Http/Middleware/TrustProxies->handle(Object(Illuminate/Http/Request), Object(Closure))
#35 C:/Users/maria/Proyecto/ApiApuestasDeportivas/ApiApuestasDeportivas/vendor/laravel/framework/src/Illuminate/Pipeline/Pipeline.php(119): Illuminate/Pipeline/Pipeline->{closure:{closure:Illuminate/Pipeline/Pipeline::carry():158}:159}(Object(Illuminate/Http/Request))
#36 C:/Users/maria/Proyecto/ApiApuestasDeportivas/ApiApuestasDeportivas/vendor/laravel/framework/src/Illuminate/Foundation/Http/Kernel.php(175): Illuminate/Pipeline/Pipeline->then(Object(Closure))
#37 C:/Users/maria/Proyecto/ApiApuestasDeportivas/ApiApuestasDeportivas/vendor/laravel/framework/src/Illuminate/Foundation/Http/Kernel.php(144): Illuminate/Foundation/Http/Kernel->sendRequestThroughRouter(Object(Illuminate/Http/Request))
#38 C:/Users/maria/Proyecto/ApiApuestasDeportivas/ApiApuestasDeportivas/public/index.php(51): Illuminate/Foundation/Http/Kernel->handle(Object(Illuminate/Http/Request))
#39 C:/Users/maria/Proyecto/ApiApuestasDeportivas/ApiApuestasDeportivas/vendor/laravel/framework/src/Illuminate/Foundation/resources/server.php(16): require_once('C://Users//maria//...')
#40 {main}
"} 
[2026-03-14 06:35:42] local.ERROR: Target class [role] does not exist. {"userId":1,"exception":"[object] (Illuminate\\Contracts\\Container\\BindingResolutionException(code: 0): Target class [role] does not exist. at C:/Users/maria/Proyecto/ApiApuestasDeportivas/ApiApuestasDeportivas/vendor/laravel/framework/src/Illuminate/Container/Container.php:914)
[stacktrace]
#0 C:/Users/maria/Proyecto/ApiApuestasDeportivas/ApiApuestasDeportivas/vendor/laravel/framework/src/Illuminate/Container/Container.php(795): Illuminate/Container/Container->build('role')
#1 C:/Users/maria/Proyecto/ApiApuestasDeportivas/ApiApuestasDeportivas/vendor/laravel/framework/src/Illuminate/Foundation/Application.php(986): Illuminate/Container/Container->resolve('role', Array, true)
#2 C:/Users/maria/Proyecto/ApiApuestasDeportivas/ApiApuestasDeportivas/vendor/laravel/framework/src/Illuminate/Container/Container.php(731): Illuminate/Foundation/Application->resolve('role', Array)
#3 C:/Users/maria/Proyecto/ApiApuestasDeportivas/ApiApuestasDeportivas/vendor/laravel/framework/src/Illuminate/Foundation/Application.php(971): Illuminate/Container/Container->make('role', Array)
#4 C:/Users/maria/Proyecto/ApiApuestasDeportivas/ApiApuestasDeportivas/vendor/laravel/framework/src/Illuminate/Foundation/Http/Kernel.php(255): Illuminate/Foundation/Application->make('role')
#5 C:/Users/maria/Proyecto/ApiApuestasDeportivas/ApiApuestasDeportivas/vendor/laravel/framework/src/Illuminate/Foundation/Http/Kernel.php(213): Illuminate/Foundation/Http/Kernel->terminateMiddleware(Object(Illuminate/Http/Request), Object(Illuminate/Http/Response))
#6 C:/Users/maria/Proyecto/ApiApuestasDeportivas/ApiApuestasDeportivas/public/index.php(55): Illuminate/Foundation/Http/Kernel->terminate(Object(Illuminate/Http/Request), Object(Illuminate/Http/Response))
#7 C:/Users/maria/Proyecto/ApiApuestasDeportivas/ApiApuestasDeportivas/vendor/laravel/framework/src/Illuminate/Foundation/resources/server.php(16): require_once('C://Users//maria//...')
#8 {main}

[previous exception] [object] (ReflectionException(code: -1): Class \"role\" does not exist at C:/Users/maria/Proyecto/ApiApuestasDeportivas/ApiApuestasDeportivas/vendor/laravel/framework/src/Illuminate/Container/Container.php:912)
[stacktrace]
#0 C:/Users/maria/Proyecto/ApiApuestasDeportivas/ApiApuestasDeportivas/vendor/laravel/framework/src/Illuminate/Container/Container.php(912): ReflectionClass->__construct('role')
#1 C:/Users/maria/Proyecto/ApiApuestasDeportivas/ApiApuestasDeportivas/vendor/laravel/framework/src/Illuminate/Container/Container.php(795): Illuminate/Container/Container->build('role')
#2 C:/Users/maria/Proyecto/ApiApuestasDeportivas/ApiApuestasDeportivas/vendor/laravel/framework/src/Illuminate/Foundation/Application.php(986): Illuminate/Container/Container->resolve('role', Array, true)
#3 C:/Users/maria/Proyecto/ApiApuestasDeportivas/ApiApuestasDeportivas/vendor/laravel/framework/src/Illuminate/Container/Container.php(731): Illuminate/Foundation/Application->resolve('role', Array)
#4 C:/Users/maria/Proyecto/ApiApuestasDeportivas/ApiApuestasDeportivas/vendor/laravel/framework/src/Illuminate/Foundation/Application.php(971): Illuminate/Container/Container->make('role', Array)
#5 C:/Users/maria/Proyecto/ApiApuestasDeportivas/ApiApuestasDeportivas/vendor/laravel/framework/src/Illuminate/Foundation/Http/Kernel.php(255): Illuminate/Foundation/Application->make('role')
#6 C:/Users/maria/Proyecto/ApiApuestasDeportivas/ApiApuestasDeportivas/vendor/laravel/framework/src/Illuminate/Foundation/Http/Kernel.php(213): Illuminate/Foundation/Http/Kernel->terminateMiddleware(Object(Illuminate/Http/Request), Object(Illuminate/Http/Response))
#7 C:/Users/maria/Proyecto/ApiApuestasDeportivas/ApiApuestasDeportivas/public/index.php(55): Illuminate/Foundation/Http/Kernel->terminate(Object(Illuminate/Http/Request), Object(Illuminate/Http/Response))
#8 C:/Users/maria/Proyecto/ApiApuestasDeportivas/ApiApuestasDeportivas/vendor/laravel/framework/src/Illuminate/Foundation/resources/server.php(16): require_once('C://Users//maria//...')
#9 {main}
"} 
[2026-03-14 16:41:19] local.ERROR: Target class [role] does not exist. {"userId":1,"exception":"[object] (Illuminate\\Contracts\\Container\\BindingResolutionException(code: 0): Target class [role] does not exist. at C:/Users/maria/Proyecto/ApiApuestasDeportivas/ApiApuestasDeportivas/vendor/laravel/framework/src/Illuminate/Container/Container.php:914)
[stacktrace]
#0 C:/Users/maria/Proyecto/ApiApuestasDeportivas/ApiApuestasDeportivas/vendor/laravel/framework/src/Illuminate/Container/Container.php(795): Illuminate/Container/Container->build('role')
#1 C:/Users/maria/Proyecto/ApiApuestasDeportivas/ApiApuestasDeportivas/vendor/laravel/framework/src/Illuminate/Foundation/Application.php(986): Illuminate/Container/Container->resolve('role', Array, true)
#2 C:/Users/maria/Proyecto/ApiApuestasDeportivas/ApiApuestasDeportivas/vendor/laravel/framework/src/Illuminate/Container/Container.php(731): Illuminate/Foundation/Application->resolve('role', Array)
#3 C:/Users/maria/Proyecto/ApiApuestasDeportivas/ApiApuestasDeportivas/vendor/laravel/framework/src/Illuminate/Foundation/Application.php(971): Illuminate/Container/Container->make('role', Array)
#4 C:/Users/maria/Proyecto/ApiApuestasDeportivas/ApiApuestasDeportivas/vendor/laravel/framework/src/Illuminate/Pipeline/Pipeline.php(172): Illuminate/Foundation/Application->make('role')
#5 C:/Users/maria/Proyecto/ApiApuestasDeportivas/ApiApuestasDeportivas/vendor/laravel/framework/src/Illuminate/Routing/Middleware/SubstituteBindings.php(50): Illuminate/Pipeline/Pipeline->{closure:{closure:Illuminate/Pipeline/Pipeline::carry():158}:159}(Object(Illuminate/Http/Request))
#6 C:/Users/maria/Proyecto/ApiApuestasDeportivas/ApiApuestasDeportivas/vendor/laravel/framework/src/Illuminate/Pipeline/Pipeline.php(183): Illuminate/Routing/Middleware/SubstituteBindings->handle(Object(Illuminate/Http/Request), Object(Closure))
#7 C:/Users/maria/Proyecto/ApiApuestasDeportivas/ApiApuestasDeportivas/vendor/laravel/framework/src/Illuminate/Routing/Middleware/ThrottleRequests.php(159): Illuminate/Pipeline/Pipeline->{closure:{closure:Illuminate/Pipeline/Pipeline::carry():158}:159}(Object(Illuminate/Http/Request))
#8 C:/Users/maria/Proyecto/ApiApuestasDeportivas/ApiApuestasDeportivas/vendor/laravel/framework/src/Illuminate/Routing/Middleware/ThrottleRequests.php(125): Illuminate/Routing/Middleware/ThrottleRequests->handleRequest(Object(Illuminate/Http/Request), Object(Closure), Array)
#9 C:/Users/maria/Proyecto/ApiApuestasDeportivas/ApiApuestasDeportivas/vendor/laravel/framework/src/Illuminate/Routing/Middleware/ThrottleRequests.php(87): Illuminate/Routing/Middleware/ThrottleRequests->handleRequestUsingNamedLimiter(Object(Illuminate/Http/Request), Object(Closure), 'api', Object(Closure))
#10 C:/Users/maria/Proyecto/ApiApuestasDeportivas/ApiApuestasDeportivas/vendor/laravel/framework/src/Illuminate/Pipeline/Pipeline.php(183): Illuminate/Routing/Middleware/ThrottleRequests->handle(Object(Illuminate/Http/Request), Object(Closure), 'api')
#11 C:/Users/maria/Proyecto/ApiApuestasDeportivas/ApiApuestasDeportivas/vendor/laravel/framework/src/Illuminate/Auth/Middleware/Authenticate.php(57): Illuminate/Pipeline/Pipeline->{closure:{closure:Illuminate/Pipeline/Pipeline::carry():158}:159}(Object(Illuminate/Http/Request))
#12 C:/Users/maria/Proyecto/ApiApuestasDeportivas/ApiApuestasDeportivas/vendor/laravel/framework/src/Illuminate/Pipeline/Pipeline.php(183): Illuminate/Auth/Middleware/Authenticate->handle(Object(Illuminate/Http/Request), Object(Closure), 'api')
#13 C:/Users/maria/Proyecto/ApiApuestasDeportivas/ApiApuestasDeportivas/vendor/laravel/framework/src/Illuminate/Pipeline/Pipeline.php(119): Illuminate/Pipeline/Pipeline->{closure:{closure:Illuminate/Pipeline/Pipeline::carry():158}:159}(Object(Illuminate/Http/Request))
#14 C:/Users/maria/Proyecto/ApiApuestasDeportivas/ApiApuestasDeportivas/vendor/laravel/framework/src/Illuminate/Routing/Router.php(805): Illuminate/Pipeline/Pipeline->then(Object(Closure))
#15 C:/Users/maria/Proyecto/ApiApuestasDeportivas/ApiApuestasDeportivas/vendor/laravel/framework/src/Illuminate/Routing/Router.php(784): Illuminate/Routing/Router->runRouteWithinStack(Object(Illuminate/Routing/Route), Object(Illuminate/Http/Request))
#16 C:/Users/maria/Proyecto/ApiApuestasDeportivas/ApiApuestasDeportivas/vendor/laravel/framework/src/Illuminate/Routing/Router.php(748): Illuminate/Routing/Router->runRoute(Object(Illuminate/Http/Request), Object(Illuminate/Routing/Route))
#17 C:/Users/maria/Proyecto/ApiApuestasDeportivas/ApiApuestasDeportivas/vendor/laravel/framework/src/Illuminate/Routing/Router.php(737): Illuminate/Routing/Router->dispatchToRoute(Object(Illuminate/Http/Request))
#18 C:/Users/maria/Proyecto/ApiApuestasDeportivas/ApiApuestasDeportivas/vendor/laravel/framework/src/Illuminate/Foundation/Http/Kernel.php(200): Illuminate/Routing/Router->dispatch(Object(Illuminate/Http/Request))
#19 C:/Users/maria/Proyecto/ApiApuestasDeportivas/ApiApuestasDeportivas/vendor/laravel/framework/src/Illuminate/Pipeline/Pipeline.php(144): Illuminate/Foundation/Http/Kernel->{closure:Illuminate/Foundation/Http/Kernel::dispatchToRouter():197}(Object(Illuminate/Http/Request))
#20 C:/Users/maria/Proyecto/ApiApuestasDeportivas/ApiApuestasDeportivas/vendor/laravel/framework/src/Illuminate/Foundation/Http/Middleware/TransformsRequest.php(21): Illuminate/Pipeline/Pipeline->{closure:Illuminate/Pipeline/Pipeline::prepareDestination():142}(Object(Illuminate/Http/Request))
#21 C:/Users/maria/Proyecto/ApiApuestasDeportivas/ApiApuestasDeportivas/vendor/laravel/framework/src/Illuminate/Foundation/Http/Middleware/ConvertEmptyStringsToNull.php(31): Illuminate/Foundation/Http/Middleware/TransformsRequest->handle(Object(Illuminate/Http/Request), Object(Closure))
#22 C:/Users/maria/Proyecto/ApiApuestasDeportivas/ApiApuestasDeportivas/vendor/laravel/framework/src/Illuminate/Pipeline/Pipeline.php(183): Illuminate/Foundation/Http/Middleware/ConvertEmptyStringsToNull->handle(Object(Illuminate/Http/Request), Object(Closure))
#23 C:/Users/maria/Proyecto/ApiApuestasDeportivas/ApiApuestasDeportivas/vendor/laravel/framework/src/Illuminate/Foundation/Http/Middleware/TransformsRequest.php(21): Illuminate/Pipeline/Pipeline->{closure:{closure:Illuminate/Pipeline/Pipeline::carry():158}:159}(Object(Illuminate/Http/Request))
#24 C:/Users/maria/Proyecto/ApiApuestasDeportivas/ApiApuestasDeportivas/vendor/laravel/framework/src/Illuminate/Foundation/Http/Middleware/TrimStrings.php(40): Illuminate/Foundation/Http/Middleware/TransformsRequest->handle(Object(Illuminate/Http/Request), Object(Closure))
#25 C:/Users/maria/Proyecto/ApiApuestasDeportivas/ApiApuestasDeportivas/vendor/laravel/framework/src/Illuminate/Pipeline/Pipeline.php(183): Illuminate/Foundation/Http/Middleware/TrimStrings->handle(Object(Illuminate/Http/Request), Object(Closure))
#26 C:/Users/maria/Proyecto/ApiApuestasDeportivas/ApiApuestasDeportivas/vendor/laravel/framework/src/Illuminate/Foundation/Http/Middleware/ValidatePostSize.php(27): Illuminate/Pipeline/Pipeline->{closure:{closure:Illuminate/Pipeline/Pipeline::carry():158}:159}(Object(Illuminate/Http/Request))
#27 C:/Users/maria/Proyecto/ApiApuestasDeportivas/ApiApuestasDeportivas/vendor/laravel/framework/src/Illuminate/Pipeline/Pipeline.php(183): Illuminate/Foundation/Http/Middleware/ValidatePostSize->handle(Object(Illuminate/Http/Request), Object(Closure))
#28 C:/Users/maria/Proyecto/ApiApuestasDeportivas/ApiApuestasDeportivas/vendor/laravel/framework/src/Illuminate/Foundation/Http/Middleware/PreventRequestsDuringMaintenance.php(99): Illuminate/Pipeline/Pipeline->{closure:{closure:Illuminate/Pipeline/Pipeline::carry():158}:159}(Object(Illuminate/Http/Request))
#29 C:/Users/maria/Proyecto/ApiApuestasDeportivas/ApiApuestasDeportivas/vendor/laravel/framework/src/Illuminate/Pipeline/Pipeline.php(183): Illuminate/Foundation/Http/Middleware/PreventRequestsDuringMaintenance->handle(Object(Illuminate/Http/Request), Object(Closure))
#30 C:/Users/maria/Proyecto/ApiApuestasDeportivas/ApiApuestasDeportivas/vendor/laravel/framework/src/Illuminate/Http/Middleware/HandleCors.php(62): Illuminate/Pipeline/Pipeline->{closure:{closure:Illuminate/Pipeline/Pipeline::carry():158}:159}(Object(Illuminate/Http/Request))
#31 C:/Users/maria/Proyecto/ApiApuestasDeportivas/ApiApuestasDeportivas/vendor/laravel/framework/src/Illuminate/Pipeline/Pipeline.php(183): Illuminate/Http/Middleware/HandleCors->handle(Object(Illuminate/Http/Request), Object(Closure))
#32 C:/Users/maria/Proyecto/ApiApuestasDeportivas/ApiApuestasDeportivas/vendor/laravel/framework/src/Illuminate/Http/Middleware/TrustProxies.php(39): Illuminate/Pipeline/Pipeline->{closure:{closure:Illuminate/Pipeline/Pipeline::carry():158}:159}(Object(Illuminate/Http/Request))
#33 C:/Users/maria/Proyecto/ApiApuestasDeportivas/ApiApuestasDeportivas/vendor/laravel/framework/src/Illuminate/Pipeline/Pipeline.php(183): Illuminate/Http/Middleware/TrustProxies->handle(Object(Illuminate/Http/Request), Object(Closure))
#34 C:/Users/maria/Proyecto/ApiApuestasDeportivas/ApiApuestasDeportivas/vendor/laravel/framework/src/Illuminate/Pipeline/Pipeline.php(119): Illuminate/Pipeline/Pipeline->{closure:{closure:Illuminate/Pipeline/Pipeline::carry():158}:159}(Object(Illuminate/Http/Request))
#35 C:/Users/maria/Proyecto/ApiApuestasDeportivas/ApiApuestasDeportivas/vendor/laravel/framework/src/Illuminate/Foundation/Http/Kernel.php(175): Illuminate/Pipeline/Pipeline->then(Object(Closure))
#36 C:/Users/maria/Proyecto/ApiApuestasDeportivas/ApiApuestasDeportivas/vendor/laravel/framework/src/Illuminate/Foundation/Http/Kernel.php(144): Illuminate/Foundation/Http/Kernel->sendRequestThroughRouter(Object(Illuminate/Http/Request))
#37 C:/Users/maria/Proyecto/ApiApuestasDeportivas/ApiApuestasDeportivas/public/index.php(51): Illuminate/Foundation/Http/Kernel->handle(Object(Illuminate/Http/Request))
#38 C:/Users/maria/Proyecto/ApiApuestasDeportivas/ApiApuestasDeportivas/vendor/laravel/framework/src/Illuminate/Foundation/resources/server.php(16): require_once('C://Users//maria//...')
#39 {main}

[previous exception] [object] (ReflectionException(code: -1): Class \"role\" does not exist at C:/Users/maria/Proyecto/ApiApuestasDeportivas/ApiApuestasDeportivas/vendor/laravel/framework/src/Illuminate/Container/Container.php:912)
[stacktrace]
#0 C:/Users/maria/Proyecto/ApiApuestasDeportivas/ApiApuestasDeportivas/vendor/laravel/framework/src/Illuminate/Container/Container.php(912): ReflectionClass->__construct('role')
#1 C:/Users/maria/Proyecto/ApiApuestasDeportivas/ApiApuestasDeportivas/vendor/laravel/framework/src/Illuminate/Container/Container.php(795): Illuminate/Container/Container->build('role')
#2 C:/Users/maria/Proyecto/ApiApuestasDeportivas/ApiApuestasDeportivas/vendor/laravel/framework/src/Illuminate/Foundation/Application.php(986): Illuminate/Container/Container->resolve('role', Array, true)
#3 C:/Users/maria/Proyecto/ApiApuestasDeportivas/ApiApuestasDeportivas/vendor/laravel/framework/src/Illuminate/Container/Container.php(731): Illuminate/Foundation/Application->resolve('role', Array)
#4 C:/Users/maria/Proyecto/ApiApuestasDeportivas/ApiApuestasDeportivas/vendor/laravel/framework/src/Illuminate/Foundation/Application.php(971): Illuminate/Container/Container->make('role', Array)
#5 C:/Users/maria/Proyecto/ApiApuestasDeportivas/ApiApuestasDeportivas/vendor/laravel/framework/src/Illuminate/Pipeline/Pipeline.php(172): Illuminate/Foundation/Application->make('role')
#6 C:/Users/maria/Proyecto/ApiApuestasDeportivas/ApiApuestasDeportivas/vendor/laravel/framework/src/Illuminate/Routing/Middleware/SubstituteBindings.php(50): Illuminate/Pipeline/Pipeline->{closure:{closure:Illuminate/Pipeline/Pipeline::carry():158}:159}(Object(Illuminate/Http/Request))
#7 C:/Users/maria/Proyecto/ApiApuestasDeportivas/ApiApuestasDeportivas/vendor/laravel/framework/src/Illuminate/Pipeline/Pipeline.php(183): Illuminate/Routing/Middleware/SubstituteBindings->handle(Object(Illuminate/Http/Request), Object(Closure))
#8 C:/Users/maria/Proyecto/ApiApuestasDeportivas/ApiApuestasDeportivas/vendor/laravel/framework/src/Illuminate/Routing/Middleware/ThrottleRequests.php(159): Illuminate/Pipeline/Pipeline->{closure:{closure:Illuminate/Pipeline/Pipeline::carry():158}:159}(Object(Illuminate/Http/Request))
#9 C:/Users/maria/Proyecto/ApiApuestasDeportivas/ApiApuestasDeportivas/vendor/laravel/framework/src/Illuminate/Routing/Middleware/ThrottleRequests.php(125): Illuminate/Routing/Middleware/ThrottleRequests->handleRequest(Object(Illuminate/Http/Request), Object(Closure), Array)
#10 C:/Users/maria/Proyecto/ApiApuestasDeportivas/ApiApuestasDeportivas/vendor/laravel/framework/src/Illuminate/Routing/Middleware/ThrottleRequests.php(87): Illuminate/Routing/Middleware/ThrottleRequests->handleRequestUsingNamedLimiter(Object(Illuminate/Http/Request), Object(Closure), 'api', Object(Closure))
#11 C:/Users/maria/Proyecto/ApiApuestasDeportivas/ApiApuestasDeportivas/vendor/laravel/framework/src/Illuminate/Pipeline/Pipeline.php(183): Illuminate/Routing/Middleware/ThrottleRequests->handle(Object(Illuminate/Http/Request), Object(Closure), 'api')
#12 C:/Users/maria/Proyecto/ApiApuestasDeportivas/ApiApuestasDeportivas/vendor/laravel/framework/src/Illuminate/Auth/Middleware/Authenticate.php(57): Illuminate/Pipeline/Pipeline->{closure:{closure:Illuminate/Pipeline/Pipeline::carry():158}:159}(Object(Illuminate/Http/Request))
#13 C:/Users/maria/Proyecto/ApiApuestasDeportivas/ApiApuestasDeportivas/vendor/laravel/framework/src/Illuminate/Pipeline/Pipeline.php(183): Illuminate/Auth/Middleware/Authenticate->handle(Object(Illuminate/Http/Request), Object(Closure), 'api')
#14 C:/Users/maria/Proyecto/ApiApuestasDeportivas/ApiApuestasDeportivas/vendor/laravel/framework/src/Illuminate/Pipeline/Pipeline.php(119): Illuminate/Pipeline/Pipeline->{closure:{closure:Illuminate/Pipeline/Pipeline::carry():158}:159}(Object(Illuminate/Http/Request))
#15 C:/Users/maria/Proyecto/ApiApuestasDeportivas/ApiApuestasDeportivas/vendor/laravel/framework/src/Illuminate/Routing/Router.php(805): Illuminate/Pipeline/Pipeline->then(Object(Closure))
#16 C:/Users/maria/Proyecto/ApiApuestasDeportivas/ApiApuestasDeportivas/vendor/laravel/framework/src/Illuminate/Routing/Router.php(784): Illuminate/Routing/Router->runRouteWithinStack(Object(Illuminate/Routing/Route), Object(Illuminate/Http/Request))
#17 C:/Users/maria/Proyecto/ApiApuestasDeportivas/ApiApuestasDeportivas/vendor/laravel/framework/src/Illuminate/Routing/Router.php(748): Illuminate/Routing/Router->runRoute(Object(Illuminate/Http/Request), Object(Illuminate/Routing/Route))
#18 C:/Users/maria/Proyecto/ApiApuestasDeportivas/ApiApuestasDeportivas/vendor/laravel/framework/src/Illuminate/Routing/Router.php(737): Illuminate/Routing/Router->dispatchToRoute(Object(Illuminate/Http/Request))
#19 C:/Users/maria/Proyecto/ApiApuestasDeportivas/ApiApuestasDeportivas/vendor/laravel/framework/src/Illuminate/Foundation/Http/Kernel.php(200): Illuminate/Routing/Router->dispatch(Object(Illuminate/Http/Request))
#20 C:/Users/maria/Proyecto/ApiApuestasDeportivas/ApiApuestasDeportivas/vendor/laravel/framework/src/Illuminate/Pipeline/Pipeline.php(144): Illuminate/Foundation/Http/Kernel->{closure:Illuminate/Foundation/Http/Kernel::dispatchToRouter():197}(Object(Illuminate/Http/Request))
#21 C:/Users/maria/Proyecto/ApiApuestasDeportivas/ApiApuestasDeportivas/vendor/laravel/framework/src/Illuminate/Foundation/Http/Middleware/TransformsRequest.php(21): Illuminate/Pipeline/Pipeline->{closure:Illuminate/Pipeline/Pipeline::prepareDestination():142}(Object(Illuminate/Http/Request))
#22 C:/Users/maria/Proyecto/ApiApuestasDeportivas/ApiApuestasDeportivas/vendor/laravel/framework/src/Illuminate/Foundation/Http/Middleware/ConvertEmptyStringsToNull.php(31): Illuminate/Foundation/Http/Middleware/TransformsRequest->handle(Object(Illuminate/Http/Request), Object(Closure))
#23 C:/Users/maria/Proyecto/ApiApuestasDeportivas/ApiApuestasDeportivas/vendor/laravel/framework/src/Illuminate/Pipeline/Pipeline.php(183): Illuminate/Foundation/Http/Middleware/ConvertEmptyStringsToNull->handle(Object(Illuminate/Http/Request), Object(Closure))
#24 C:/Users/maria/Proyecto/ApiApuestasDeportivas/ApiApuestasDeportivas/vendor/laravel/framework/src/Illuminate/Foundation/Http/Middleware/TransformsRequest.php(21): Illuminate/Pipeline/Pipeline->{closure:{closure:Illuminate/Pipeline/Pipeline::carry():158}:159}(Object(Illuminate/Http/Request))
#25 C:/Users/maria/Proyecto/ApiApuestasDeportivas/ApiApuestasDeportivas/vendor/laravel/framework/src/Illuminate/Foundation/Http/Middleware/TrimStrings.php(40): Illuminate/Foundation/Http/Middleware/TransformsRequest->handle(Object(Illuminate/Http/Request), Object(Closure))
#26 C:/Users/maria/Proyecto/ApiApuestasDeportivas/ApiApuestasDeportivas/vendor/laravel/framework/src/Illuminate/Pipeline/Pipeline.php(183): Illuminate/Foundation/Http/Middleware/TrimStrings->handle(Object(Illuminate/Http/Request), Object(Closure))
#27 C:/Users/maria/Proyecto/ApiApuestasDeportivas/ApiApuestasDeportivas/vendor/laravel/framework/src/Illuminate/Foundation/Http/Middleware/ValidatePostSize.php(27): Illuminate/Pipeline/Pipeline->{closure:{closure:Illuminate/Pipeline/Pipeline::carry():158}:159}(Object(Illuminate/Http/Request))
#28 C:/Users/maria/Proyecto/ApiApuestasDeportivas/ApiApuestasDeportivas/vendor/laravel/framework/src/Illuminate/Pipeline/Pipeline.php(183): Illuminate/Foundation/Http/Middleware/ValidatePostSize->handle(Object(Illuminate/Http/Request), Object(Closure))
#29 C:/Users/maria/Proyecto/ApiApuestasDeportivas/ApiApuestasDeportivas/vendor/laravel/framework/src/Illuminate/Foundation/Http/Middleware/PreventRequestsDuringMaintenance.php(99): Illuminate/Pipeline/Pipeline->{closure:{closure:Illuminate/Pipeline/Pipeline::carry():158}:159}(Object(Illuminate/Http/Request))
#30 C:/Users/maria/Proyecto/ApiApuestasDeportivas/ApiApuestasDeportivas/vendor/laravel/framework/src/Illuminate/Pipeline/Pipeline.php(183): Illuminate/Foundation/Http/Middleware/PreventRequestsDuringMaintenance->handle(Object(Illuminate/Http/Request), Object(Closure))
#31 C:/Users/maria/Proyecto/ApiApuestasDeportivas/ApiApuestasDeportivas/vendor/laravel/framework/src/Illuminate/Http/Middleware/HandleCors.php(62): Illuminate/Pipeline/Pipeline->{closure:{closure:Illuminate/Pipeline/Pipeline::carry():158}:159}(Object(Illuminate/Http/Request))
#32 C:/Users/maria/Proyecto/ApiApuestasDeportivas/ApiApuestasDeportivas/vendor/laravel/framework/src/Illuminate/Pipeline/Pipeline.php(183): Illuminate/Http/Middleware/HandleCors->handle(Object(Illuminate/Http/Request), Object(Closure))
#33 C:/Users/maria/Proyecto/ApiApuestasDeportivas/ApiApuestasDeportivas/vendor/laravel/framework/src/Illuminate/Http/Middleware/TrustProxies.php(39): Illuminate/Pipeline/Pipeline->{closure:{closure:Illuminate/Pipeline/Pipeline::carry():158}:159}(Object(Illuminate/Http/Request))
#34 C:/Users/maria/Proyecto/ApiApuestasDeportivas/ApiApuestasDeportivas/vendor/laravel/framework/src/Illuminate/Pipeline/Pipeline.php(183): Illuminate/Http/Middleware/TrustProxies->handle(Object(Illuminate/Http/Request), Object(Closure))
#35 C:/Users/maria/Proyecto/ApiApuestasDeportivas/ApiApuestasDeportivas/vendor/laravel/framework/src/Illuminate/Pipeline/Pipeline.php(119): Illuminate/Pipeline/Pipeline->{closure:{closure:Illuminate/Pipeline/Pipeline::carry():158}:159}(Object(Illuminate/Http/Request))
#36 C:/Users/maria/Proyecto/ApiApuestasDeportivas/ApiApuestasDeportivas/vendor/laravel/framework/src/Illuminate/Foundation/Http/Kernel.php(175): Illuminate/Pipeline/Pipeline->then(Object(Closure))
#37 C:/Users/maria/Proyecto/ApiApuestasDeportivas/ApiApuestasDeportivas/vendor/laravel/framework/src/Illuminate/Foundation/Http/Kernel.php(144): Illuminate/Foundation/Http/Kernel->sendRequestThroughRouter(Object(Illuminate/Http/Request))
#38 C:/Users/maria/Proyecto/ApiApuestasDeportivas/ApiApuestasDeportivas/public/index.php(51): Illuminate/Foundation/Http/Kernel->handle(Object(Illuminate/Http/Request))
#39 C:/Users/maria/Proyecto/ApiApuestasDeportivas/ApiApuestasDeportivas/vendor/laravel/framework/src/Illuminate/Foundation/resources/server.php(16): require_once('C://Users//maria//...')
#40 {main}
"} 
[2026-03-14 16:41:19] local.ERROR: Target class [role] does not exist. {"userId":1,"exception":"[object] (Illuminate\\Contracts\\Container\\BindingResolutionException(code: 0): Target class [role] does not exist. at C:/Users/maria/Proyecto/ApiApuestasDeportivas/ApiApuestasDeportivas/vendor/laravel/framework/src/Illuminate/Container/Container.php:914)
[stacktrace]
#0 C:/Users/maria/Proyecto/ApiApuestasDeportivas/ApiApuestasDeportivas/vendor/laravel/framework/src/Illuminate/Container/Container.php(795): Illuminate/Container/Container->build('role')
#1 C:/Users/maria/Proyecto/ApiApuestasDeportivas/ApiApuestasDeportivas/vendor/laravel/framework/src/Illuminate/Foundation/Application.php(986): Illuminate/Container/Container->resolve('role', Array, true)
#2 C:/Users/maria/Proyecto/ApiApuestasDeportivas/ApiApuestasDeportivas/vendor/laravel/framework/src/Illuminate/Container/Container.php(731): Illuminate/Foundation/Application->resolve('role', Array)
#3 C:/Users/maria/Proyecto/ApiApuestasDeportivas/ApiApuestasDeportivas/vendor/laravel/framework/src/Illuminate/Foundation/Application.php(971): Illuminate/Container/Container->make('role', Array)
#4 C:/Users/maria/Proyecto/ApiApuestasDeportivas/ApiApuestasDeportivas/vendor/laravel/framework/src/Illuminate/Foundation/Http/Kernel.php(255): Illuminate/Foundation/Application->make('role')
#5 C:/Users/maria/Proyecto/ApiApuestasDeportivas/ApiApuestasDeportivas/vendor/laravel/framework/src/Illuminate/Foundation/Http/Kernel.php(213): Illuminate/Foundation/Http/Kernel->terminateMiddleware(Object(Illuminate/Http/Request), Object(Illuminate/Http/Response))
#6 C:/Users/maria/Proyecto/ApiApuestasDeportivas/ApiApuestasDeportivas/public/index.php(55): Illuminate/Foundation/Http/Kernel->terminate(Object(Illuminate/Http/Request), Object(Illuminate/Http/Response))
#7 C:/Users/maria/Proyecto/ApiApuestasDeportivas/ApiApuestasDeportivas/vendor/laravel/framework/src/Illuminate/Foundation/resources/server.php(16): require_once('C://Users//maria//...')
#8 {main}

[previous exception] [object] (ReflectionException(code: -1): Class \"role\" does not exist at C:/Users/maria/Proyecto/ApiApuestasDeportivas/ApiApuestasDeportivas/vendor/laravel/framework/src/Illuminate/Container/Container.php:912)
[stacktrace]
#0 C:/Users/maria/Proyecto/ApiApuestasDeportivas/ApiApuestasDeportivas/vendor/laravel/framework/src/Illuminate/Container/Container.php(912): ReflectionClass->__construct('role')
#1 C:/Users/maria/Proyecto/ApiApuestasDeportivas/ApiApuestasDeportivas/vendor/laravel/framework/src/Illuminate/Container/Container.php(795): Illuminate/Container/Container->build('role')
#2 C:/Users/maria/Proyecto/ApiApuestasDeportivas/ApiApuestasDeportivas/vendor/laravel/framework/src/Illuminate/Foundation/Application.php(986): Illuminate/Container/Container->resolve('role', Array, true)
#3 C:/Users/maria/Proyecto/ApiApuestasDeportivas/ApiApuestasDeportivas/vendor/laravel/framework/src/Illuminate/Container/Container.php(731): Illuminate/Foundation/Application->resolve('role', Array)
#4 C:/Users/maria/Proyecto/ApiApuestasDeportivas/ApiApuestasDeportivas/vendor/laravel/framework/src/Illuminate/Foundation/Application.php(971): Illuminate/Container/Container->make('role', Array)
#5 C:/Users/maria/Proyecto/ApiApuestasDeportivas/ApiApuestasDeportivas/vendor/laravel/framework/src/Illuminate/Foundation/Http/Kernel.php(255): Illuminate/Foundation/Application->make('role')
#6 C:/Users/maria/Proyecto/ApiApuestasDeportivas/ApiApuestasDeportivas/vendor/laravel/framework/src/Illuminate/Foundation/Http/Kernel.php(213): Illuminate/Foundation/Http/Kernel->terminateMiddleware(Object(Illuminate/Http/Request), Object(Illuminate/Http/Response))
#7 C:/Users/maria/Proyecto/ApiApuestasDeportivas/ApiApuestasDeportivas/public/index.php(55): Illuminate/Foundation/Http/Kernel->terminate(Object(Illuminate/Http/Request), Object(Illuminate/Http/Response))
#8 C:/Users/maria/Proyecto/ApiApuestasDeportivas/ApiApuestasDeportivas/vendor/laravel/framework/src/Illuminate/Foundation/resources/server.php(16): require_once('C://Users//maria//...')
#9 {main}
"} 
[2026-03-14 17:53:46] local.ERROR: SQLSTATE[42S02]: Base table or view not found: 1146 Table 'apiapuestasdeportivas.events' doesn't exist (Connection: mysql, SQL: select * from `events`) {"userId":1,"exception":"[object] (Illuminate\\Database\\QueryException(code: 42S02): SQLSTATE[42S02]: Base table or view not found: 1146 Table 'apiapuestasdeportivas.events' doesn't exist (Connection: mysql, SQL: select * from `events`) at C:/Users/maria/Proyecto/ApiApuestasDeportivas/ApiApuestasDeportivas/vendor/laravel/framework/src/Illuminate/Database/Connection.php:829)
[stacktrace]
#0 C:/Users/maria/Proyecto/ApiApuestasDeportivas/ApiApuestasDeportivas/vendor/laravel/framework/src/Illuminate/Database/Connection.php(783): Illuminate/Database/Connection->runQueryCallback('select * from `...', Array, Object(Closure))
#1 C:/Users/maria/Proyecto/ApiApuestasDeportivas/ApiApuestasDeportivas/vendor/laravel/framework/src/Illuminate/Database/Connection.php(414): Illuminate/Database/Connection->run('select * from `...', Array, Object(Closure))
#2 C:/Users/maria/Proyecto/ApiApuestasDeportivas/ApiApuestasDeportivas/vendor/laravel/framework/src/Illuminate/Database/Query/Builder.php(2913): Illuminate/Database/Connection->select('select * from `...', Array, true)
#3 C:/Users/maria/Proyecto/ApiApuestasDeportivas/ApiApuestasDeportivas/vendor/laravel/framework/src/Illuminate/Database/Query/Builder.php(2902): Illuminate/Database/Query/Builder->runSelect()
#4 C:/Users/maria/Proyecto/ApiApuestasDeportivas/ApiApuestasDeportivas/vendor/laravel/framework/src/Illuminate/Database/Query/Builder.php(3456): Illuminate/Database/Query/Builder->{closure:Illuminate/Database/Query/Builder::get():2901}()
#5 C:/Users/maria/Proyecto/ApiApuestasDeportivas/ApiApuestasDeportivas/vendor/laravel/framework/src/Illuminate/Database/Query/Builder.php(2901): Illuminate/Database/Query/Builder->onceWithColumns(Array, Object(Closure))
#6 C:/Users/maria/Proyecto/ApiApuestasDeportivas/ApiApuestasDeportivas/vendor/laravel/framework/src/Illuminate/Database/Eloquent/Builder.php(739): Illuminate/Database/Query/Builder->get(Array)
#7 C:/Users/maria/Proyecto/ApiApuestasDeportivas/ApiApuestasDeportivas/vendor/laravel/framework/src/Illuminate/Database/Eloquent/Builder.php(723): Illuminate/Database/Eloquent/Builder->getModels(Array)
#8 C:/Users/maria/Proyecto/ApiApuestasDeportivas/ApiApuestasDeportivas/vendor/laravel/framework/src/Illuminate/Database/Eloquent/Model.php(675): Illuminate/Database/Eloquent/Builder->get(Array)
#9 C:/Users/maria/Proyecto/ApiApuestasDeportivas/ApiApuestasDeportivas/app/Http/Controllers/EventController.php(13): Illuminate/Database/Eloquent/Model::all()
#10 C:/Users/maria/Proyecto/ApiApuestasDeportivas/ApiApuestasDeportivas/vendor/laravel/framework/src/Illuminate/Routing/Controller.php(54): App/Http/Controllers/EventController->index()
#11 C:/Users/maria/Proyecto/ApiApuestasDeportivas/ApiApuestasDeportivas/vendor/laravel/framework/src/Illuminate/Routing/ControllerDispatcher.php(43): Illuminate/Routing/Controller->callAction('index', Array)
#12 C:/Users/maria/Proyecto/ApiApuestasDeportivas/ApiApuestasDeportivas/vendor/laravel/framework/src/Illuminate/Routing/Route.php(259): Illuminate/Routing/ControllerDispatcher->dispatch(Object(Illuminate/Routing/Route), Object(App/Http/Controllers/EventController), 'index')
#13 C:/Users/maria/Proyecto/ApiApuestasDeportivas/ApiApuestasDeportivas/vendor/laravel/framework/src/Illuminate/Routing/Route.php(205): Illuminate/Routing/Route->runController()
#14 C:/Users/maria/Proyecto/ApiApuestasDeportivas/ApiApuestasDeportivas/vendor/laravel/framework/src/Illuminate/Routing/Router.php(806): Illuminate/Routing/Route->run()
#15 C:/Users/maria/Proyecto/ApiApuestasDeportivas/ApiApuestasDeportivas/vendor/laravel/framework/src/Illuminate/Pipeline/Pipeline.php(144): Illuminate/Routing/Router->{closure:Illuminate/Routing/Router::runRouteWithinStack():805}(Object(Illuminate/Http/Request))
#16 C:/Users/maria/Proyecto/ApiApuestasDeportivas/ApiApuestasDeportivas/vendor/laravel/framework/src/Illuminate/Routing/Middleware/SubstituteBindings.php(50): Illuminate/Pipeline/Pipeline->{closure:Illuminate/Pipeline/Pipeline::prepareDestination():142}(Object(Illuminate/Http/Request))
#17 C:/Users/maria/Proyecto/ApiApuestasDeportivas/ApiApuestasDeportivas/vendor/laravel/framework/src/Illuminate/Pipeline/Pipeline.php(183): Illuminate/Routing/Middleware/SubstituteBindings->handle(Object(Illuminate/Http/Request), Object(Closure))
#18 C:/Users/maria/Proyecto/ApiApuestasDeportivas/ApiApuestasDeportivas/vendor/laravel/framework/src/Illuminate/Routing/Middleware/ThrottleRequests.php(159): Illuminate/Pipeline/Pipeline->{closure:{closure:Illuminate/Pipeline/Pipeline::carry():158}:159}(Object(Illuminate/Http/Request))
#19 C:/Users/maria/Proyecto/ApiApuestasDeportivas/ApiApuestasDeportivas/vendor/laravel/framework/src/Illuminate/Routing/Middleware/ThrottleRequests.php(125): Illuminate/Routing/Middleware/ThrottleRequests->handleRequest(Object(Illuminate/Http/Request), Object(Closure), Array)
#20 C:/Users/maria/Proyecto/ApiApuestasDeportivas/ApiApuestasDeportivas/vendor/laravel/framework/src/Illuminate/Routing/Middleware/ThrottleRequests.php(87): Illuminate/Routing/Middleware/ThrottleRequests->handleRequestUsingNamedLimiter(Object(Illuminate/Http/Request), Object(Closure), 'api', Object(Closure))
#21 C:/Users/maria/Proyecto/ApiApuestasDeportivas/ApiApuestasDeportivas/vendor/laravel/framework/src/Illuminate/Pipeline/Pipeline.php(183): Illuminate/Routing/Middleware/ThrottleRequests->handle(Object(Illuminate/Http/Request), Object(Closure), 'api')
#22 C:/Users/maria/Proyecto/ApiApuestasDeportivas/ApiApuestasDeportivas/vendor/laravel/framework/src/Illuminate/Auth/Middleware/Authenticate.php(57): Illuminate/Pipeline/Pipeline->{closure:{closure:Illuminate/Pipeline/Pipeline::carry():158}:159}(Object(Illuminate/Http/Request))
#23 C:/Users/maria/Proyecto/ApiApuestasDeportivas/ApiApuestasDeportivas/vendor/laravel/framework/src/Illuminate/Pipeline/Pipeline.php(183): Illuminate/Auth/Middleware/Authenticate->handle(Object(Illuminate/Http/Request), Object(Closure), 'api')
#24 C:/Users/maria/Proyecto/ApiApuestasDeportivas/ApiApuestasDeportivas/vendor/laravel/framework/src/Illuminate/Pipeline/Pipeline.php(119): Illuminate/Pipeline/Pipeline->{closure:{closure:Illuminate/Pipeline/Pipeline::carry():158}:159}(Object(Illuminate/Http/Request))
#25 C:/Users/maria/Proyecto/ApiApuestasDeportivas/ApiApuestasDeportivas/vendor/laravel/framework/src/Illuminate/Routing/Router.php(805): Illuminate/Pipeline/Pipeline->then(Object(Closure))
#26 C:/Users/maria/Proyecto/ApiApuestasDeportivas/ApiApuestasDeportivas/vendor/laravel/framework/src/Illuminate/Routing/Router.php(784): Illuminate/Routing/Router->runRouteWithinStack(Object(Illuminate/Routing/Route), Object(Illuminate/Http/Request))
#27 C:/Users/maria/Proyecto/ApiApuestasDeportivas/ApiApuestasDeportivas/vendor/laravel/framework/src/Illuminate/Routing/Router.php(748): Illuminate/Routing/Router->runRoute(Object(Illuminate/Http/Request), Object(Illuminate/Routing/Route))
#28 C:/Users/maria/Proyecto/ApiApuestasDeportivas/ApiApuestasDeportivas/vendor/laravel/framework/src/Illuminate/Routing/Router.php(737): Illuminate/Routing/Router->dispatchToRoute(Object(Illuminate/Http/Request))
#29 C:/Users/maria/Proyecto/ApiApuestasDeportivas/ApiApuestasDeportivas/vendor/laravel/framework/src/Illuminate/Foundation/Http/Kernel.php(200): Illuminate/Routing/Router->dispatch(Object(Illuminate/Http/Request))
#30 C:/Users/maria/Proyecto/ApiApuestasDeportivas/ApiApuestasDeportivas/vendor/laravel/framework/src/Illuminate/Pipeline/Pipeline.php(144): Illuminate/Foundation/Http/Kernel->{closure:Illuminate/Foundation/Http/Kernel::dispatchToRouter():197}(Object(Illuminate/Http/Request))
#31 C:/Users/maria/Proyecto/ApiApuestasDeportivas/ApiApuestasDeportivas/vendor/laravel/framework/src/Illuminate/Foundation/Http/Middleware/TransformsRequest.php(21): Illuminate/Pipeline/Pipeline->{closure:Illuminate/Pipeline/Pipeline::prepareDestination():142}(Object(Illuminate/Http/Request))
#32 C:/Users/maria/Proyecto/ApiApuestasDeportivas/ApiApuestasDeportivas/vendor/laravel/framework/src/Illuminate/Foundation/Http/Middleware/ConvertEmptyStringsToNull.php(31): Illuminate/Foundation/Http/Middleware/TransformsRequest->handle(Object(Illuminate/Http/Request), Object(Closure))
#33 C:/Users/maria/Proyecto/ApiApuestasDeportivas/ApiApuestasDeportivas/vendor/laravel/framework/src/Illuminate/Pipeline/Pipeline.php(183): Illuminate/Foundation/Http/Middleware/ConvertEmptyStringsToNull->handle(Object(Illuminate/Http/Request), Object(Closure))
#34 C:/Users/maria/Proyecto/ApiApuestasDeportivas/ApiApuestasDeportivas/vendor/laravel/framework/src/Illuminate/Foundation/Http/Middleware/TransformsRequest.php(21): Illuminate/Pipeline/Pipeline->{closure:{closure:Illuminate/Pipeline/Pipeline::carry():158}:159}(Object(Illuminate/Http/Request))
#35 C:/Users/maria/Proyecto/ApiApuestasDeportivas/ApiApuestasDeportivas/vendor/laravel/framework/src/Illuminate/Foundation/Http/Middleware/TrimStrings.php(40): Illuminate/Foundation/Http/Middleware/TransformsRequest->handle(Object(Illuminate/Http/Request), Object(Closure))
#36 C:/Users/maria/Proyecto/ApiApuestasDeportivas/ApiApuestasDeportivas/vendor/laravel/framework/src/Illuminate/Pipeline/Pipeline.php(183): Illuminate/Foundation/Http/Middleware/TrimStrings->handle(Object(Illuminate/Http/Request), Object(Closure))
#37 C:/Users/maria/Proyecto/ApiApuestasDeportivas/ApiApuestasDeportivas/vendor/laravel/framework/src/Illuminate/Foundation/Http/Middleware/ValidatePostSize.php(27): Illuminate/Pipeline/Pipeline->{closure:{closure:Illuminate/Pipeline/Pipeline::carry():158}:159}(Object(Illuminate/Http/Request))
#38 C:/Users/maria/Proyecto/ApiApuestasDeportivas/ApiApuestasDeportivas/vendor/laravel/framework/src/Illuminate/Pipeline/Pipeline.php(183): Illuminate/Foundation/Http/Middleware/ValidatePostSize->handle(Object(Illuminate/Http/Request), Object(Closure))
#39 C:/Users/maria/Proyecto/ApiApuestasDeportivas/ApiApuestasDeportivas/vendor/laravel/framework/src/Illuminate/Foundation/Http/Middleware/PreventRequestsDuringMaintenance.php(99): Illuminate/Pipeline/Pipeline->{closure:{closure:Illuminate/Pipeline/Pipeline::carry():158}:159}(Object(Illuminate/Http/Request))
#40 C:/Users/maria/Proyecto/ApiApuestasDeportivas/ApiApuestasDeportivas/vendor/laravel/framework/src/Illuminate/Pipeline/Pipeline.php(183): Illuminate/Foundation/Http/Middleware/PreventRequestsDuringMaintenance->handle(Object(Illuminate/Http/Request), Object(Closure))
#41 C:/Users/maria/Proyecto/ApiApuestasDeportivas/ApiApuestasDeportivas/vendor/laravel/framework/src/Illuminate/Http/Middleware/HandleCors.php(62): Illuminate/Pipeline/Pipeline->{closure:{closure:Illuminate/Pipeline/Pipeline::carry():158}:159}(Object(Illuminate/Http/Request))
#42 C:/Users/maria/Proyecto/ApiApuestasDeportivas/ApiApuestasDeportivas/vendor/laravel/framework/src/Illuminate/Pipeline/Pipeline.php(183): Illuminate/Http/Middleware/HandleCors->handle(Object(Illuminate/Http/Request), Object(Closure))
#43 C:/Users/maria/Proyecto/ApiApuestasDeportivas/ApiApuestasDeportivas/vendor/laravel/framework/src/Illuminate/Http/Middleware/TrustProxies.php(39): Illuminate/Pipeline/Pipeline->{closure:{closure:Illuminate/Pipeline/Pipeline::carry():158}:159}(Object(Illuminate/Http/Request))
#44 C:/Users/maria/Proyecto/ApiApuestasDeportivas/ApiApuestasDeportivas/vendor/laravel/framework/src/Illuminate/Pipeline/Pipeline.php(183): Illuminate/Http/Middleware/TrustProxies->handle(Object(Illuminate/Http/Request), Object(Closure))
#45 C:/Users/maria/Proyecto/ApiApuestasDeportivas/ApiApuestasDeportivas/vendor/laravel/framework/src/Illuminate/Pipeline/Pipeline.php(119): Illuminate/Pipeline/Pipeline->{closure:{closure:Illuminate/Pipeline/Pipeline::carry():158}:159}(Object(Illuminate/Http/Request))
#46 C:/Users/maria/Proyecto/ApiApuestasDeportivas/ApiApuestasDeportivas/vendor/laravel/framework/src/Illuminate/Foundation/Http/Kernel.php(175): Illuminate/Pipeline/Pipeline->then(Object(Closure))
#47 C:/Users/maria/Proyecto/ApiApuestasDeportivas/ApiApuestasDeportivas/vendor/laravel/framework/src/Illuminate/Foundation/Http/Kernel.php(144): Illuminate/Foundation/Http/Kernel->sendRequestThroughRouter(Object(Illuminate/Http/Request))
#48 C:/Users/maria/Proyecto/ApiApuestasDeportivas/ApiApuestasDeportivas/public/index.php(51): Illuminate/Foundation/Http/Kernel->handle(Object(Illuminate/Http/Request))
#49 C:/Users/maria/Proyecto/ApiApuestasDeportivas/ApiApuestasDeportivas/vendor/laravel/framework/src/Illuminate/Foundation/resources/server.php(16): require_once('C://Users//maria//...')
#50 {main}

[previous exception] [object] (PDOException(code: 42S02): SQLSTATE[42S02]: Base table or view not found: 1146 Table 'apiapuestasdeportivas.events' doesn't exist at C:/Users/maria/Proyecto/ApiApuestasDeportivas/ApiApuestasDeportivas/vendor/laravel/framework/src/Illuminate/Database/Connection.php:423)
[stacktrace]
#0 C:/Users/maria/Proyecto/ApiApuestasDeportivas/ApiApuestasDeportivas/vendor/laravel/framework/src/Illuminate/Database/Connection.php(423): PDO->prepare('select * from `...')
#1 C:/Users/maria/Proyecto/ApiApuestasDeportivas/ApiApuestasDeportivas/vendor/laravel/framework/src/Illuminate/Database/Connection.php(816): Illuminate/Database/Connection->{closure:Illuminate/Database/Connection::select():414}('select * from `...', Array)
#2 C:/Users/maria/Proyecto/ApiApuestasDeportivas/ApiApuestasDeportivas/vendor/laravel/framework/src/Illuminate/Database/Connection.php(783): Illuminate/Database/Connection->runQueryCallback('select * from `...', Array, Object(Closure))
#3 C:/Users/maria/Proyecto/ApiApuestasDeportivas/ApiApuestasDeportivas/vendor/laravel/framework/src/Illuminate/Database/Connection.php(414): Illuminate/Database/Connection->run('select * from `...', Array, Object(Closure))
#4 C:/Users/maria/Proyecto/ApiApuestasDeportivas/ApiApuestasDeportivas/vendor/laravel/framework/src/Illuminate/Database/Query/Builder.php(2913): Illuminate/Database/Connection->select('select * from `...', Array, true)
#5 C:/Users/maria/Proyecto/ApiApuestasDeportivas/ApiApuestasDeportivas/vendor/laravel/framework/src/Illuminate/Database/Query/Builder.php(2902): Illuminate/Database/Query/Builder->runSelect()
#6 C:/Users/maria/Proyecto/ApiApuestasDeportivas/ApiApuestasDeportivas/vendor/laravel/framework/src/Illuminate/Database/Query/Builder.php(3456): Illuminate/Database/Query/Builder->{closure:Illuminate/Database/Query/Builder::get():2901}()
#7 C:/Users/maria/Proyecto/ApiApuestasDeportivas/ApiApuestasDeportivas/vendor/laravel/framework/src/Illuminate/Database/Query/Builder.php(2901): Illuminate/Database/Query/Builder->onceWithColumns(Array, Object(Closure))
#8 C:/Users/maria/Proyecto/ApiApuestasDeportivas/ApiApuestasDeportivas/vendor/laravel/framework/src/Illuminate/Database/Eloquent/Builder.php(739): Illuminate/Database/Query/Builder->get(Array)
#9 C:/Users/maria/Proyecto/ApiApuestasDeportivas/ApiApuestasDeportivas/vendor/laravel/framework/src/Illuminate/Database/Eloquent/Builder.php(723): Illuminate/Database/Eloquent/Builder->getModels(Array)
#10 C:/Users/maria/Proyecto/ApiApuestasDeportivas/ApiApuestasDeportivas/vendor/laravel/framework/src/Illuminate/Database/Eloquent/Model.php(675): Illuminate/Database/Eloquent/Builder->get(Array)
#11 C:/Users/maria/Proyecto/ApiApuestasDeportivas/ApiApuestasDeportivas/app/Http/Controllers/EventController.php(13): Illuminate/Database/Eloquent/Model::all()
#12 C:/Users/maria/Proyecto/ApiApuestasDeportivas/ApiApuestasDeportivas/vendor/laravel/framework/src/Illuminate/Routing/Controller.php(54): App/Http/Controllers/EventController->index()
#13 C:/Users/maria/Proyecto/ApiApuestasDeportivas/ApiApuestasDeportivas/vendor/laravel/framework/src/Illuminate/Routing/ControllerDispatcher.php(43): Illuminate/Routing/Controller->callAction('index', Array)
#14 C:/Users/maria/Proyecto/ApiApuestasDeportivas/ApiApuestasDeportivas/vendor/laravel/framework/src/Illuminate/Routing/Route.php(259): Illuminate/Routing/ControllerDispatcher->dispatch(Object(Illuminate/Routing/Route), Object(App/Http/Controllers/EventController), 'index')
#15 C:/Users/maria/Proyecto/ApiApuestasDeportivas/ApiApuestasDeportivas/vendor/laravel/framework/src/Illuminate/Routing/Route.php(205): Illuminate/Routing/Route->runController()
#16 C:/Users/maria/Proyecto/ApiApuestasDeportivas/ApiApuestasDeportivas/vendor/laravel/framework/src/Illuminate/Routing/Router.php(806): Illuminate/Routing/Route->run()
#17 C:/Users/maria/Proyecto/ApiApuestasDeportivas/ApiApuestasDeportivas/vendor/laravel/framework/src/Illuminate/Pipeline/Pipeline.php(144): Illuminate/Routing/Router->{closure:Illuminate/Routing/Router::runRouteWithinStack():805}(Object(Illuminate/Http/Request))
#18 C:/Users/maria/Proyecto/ApiApuestasDeportivas/ApiApuestasDeportivas/vendor/laravel/framework/src/Illuminate/Routing/Middleware/SubstituteBindings.php(50): Illuminate/Pipeline/Pipeline->{closure:Illuminate/Pipeline/Pipeline::prepareDestination():142}(Object(Illuminate/Http/Request))
#19 C:/Users/maria/Proyecto/ApiApuestasDeportivas/ApiApuestasDeportivas/vendor/laravel/framework/src/Illuminate/Pipeline/Pipeline.php(183): Illuminate/Routing/Middleware/SubstituteBindings->handle(Object(Illuminate/Http/Request), Object(Closure))
#20 C:/Users/maria/Proyecto/ApiApuestasDeportivas/ApiApuestasDeportivas/vendor/laravel/framework/src/Illuminate/Routing/Middleware/ThrottleRequests.php(159): Illuminate/Pipeline/Pipeline->{closure:{closure:Illuminate/Pipeline/Pipeline::carry():158}:159}(Object(Illuminate/Http/Request))
#21 C:/Users/maria/Proyecto/ApiApuestasDeportivas/ApiApuestasDeportivas/vendor/laravel/framework/src/Illuminate/Routing/Middleware/ThrottleRequests.php(125): Illuminate/Routing/Middleware/ThrottleRequests->handleRequest(Object(Illuminate/Http/Request), Object(Closure), Array)
#22 C:/Users/maria/Proyecto/ApiApuestasDeportivas/ApiApuestasDeportivas/vendor/laravel/framework/src/Illuminate/Routing/Middleware/ThrottleRequests.php(87): Illuminate/Routing/Middleware/ThrottleRequests->handleRequestUsingNamedLimiter(Object(Illuminate/Http/Request), Object(Closure), 'api', Object(Closure))
#23 C:/Users/maria/Proyecto/ApiApuestasDeportivas/ApiApuestasDeportivas/vendor/laravel/framework/src/Illuminate/Pipeline/Pipeline.php(183): Illuminate/Routing/Middleware/ThrottleRequests->handle(Object(Illuminate/Http/Request), Object(Closure), 'api')
#24 C:/Users/maria/Proyecto/ApiApuestasDeportivas/ApiApuestasDeportivas/vendor/laravel/framework/src/Illuminate/Auth/Middleware/Authenticate.php(57): Illuminate/Pipeline/Pipeline->{closure:{closure:Illuminate/Pipeline/Pipeline::carry():158}:159}(Object(Illuminate/Http/Request))
#25 C:/Users/maria/Proyecto/ApiApuestasDeportivas/ApiApuestasDeportivas/vendor/laravel/framework/src/Illuminate/Pipeline/Pipeline.php(183): Illuminate/Auth/Middleware/Authenticate->handle(Object(Illuminate/Http/Request), Object(Closure), 'api')
#26 C:/Users/maria/Proyecto/ApiApuestasDeportivas/ApiApuestasDeportivas/vendor/laravel/framework/src/Illuminate/Pipeline/Pipeline.php(119): Illuminate/Pipeline/Pipeline->{closure:{closure:Illuminate/Pipeline/Pipeline::carry():158}:159}(Object(Illuminate/Http/Request))
#27 C:/Users/maria/Proyecto/ApiApuestasDeportivas/ApiApuestasDeportivas/vendor/laravel/framework/src/Illuminate/Routing/Router.php(805): Illuminate/Pipeline/Pipeline->then(Object(Closure))
#28 C:/Users/maria/Proyecto/ApiApuestasDeportivas/ApiApuestasDeportivas/vendor/laravel/framework/src/Illuminate/Routing/Router.php(784): Illuminate/Routing/Router->runRouteWithinStack(Object(Illuminate/Routing/Route), Object(Illuminate/Http/Request))
#29 C:/Users/maria/Proyecto/ApiApuestasDeportivas/ApiApuestasDeportivas/vendor/laravel/framework/src/Illuminate/Routing/Router.php(748): Illuminate/Routing/Router->runRoute(Object(Illuminate/Http/Request), Object(Illuminate/Routing/Route))
#30 C:/Users/maria/Proyecto/ApiApuestasDeportivas/ApiApuestasDeportivas/vendor/laravel/framework/src/Illuminate/Routing/Router.php(737): Illuminate/Routing/Router->dispatchToRoute(Object(Illuminate/Http/Request))
#31 C:/Users/maria/Proyecto/ApiApuestasDeportivas/ApiApuestasDeportivas/vendor/laravel/framework/src/Illuminate/Foundation/Http/Kernel.php(200): Illuminate/Routing/Router->dispatch(Object(Illuminate/Http/Request))
#32 C:/Users/maria/Proyecto/ApiApuestasDeportivas/ApiApuestasDeportivas/vendor/laravel/framework/src/Illuminate/Pipeline/Pipeline.php(144): Illuminate/Foundation/Http/Kernel->{closure:Illuminate/Foundation/Http/Kernel::dispatchToRouter():197}(Object(Illuminate/Http/Request))
#33 C:/Users/maria/Proyecto/ApiApuestasDeportivas/ApiApuestasDeportivas/vendor/laravel/framework/src/Illuminate/Foundation/Http/Middleware/TransformsRequest.php(21): Illuminate/Pipeline/Pipeline->{closure:Illuminate/Pipeline/Pipeline::prepareDestination():142}(Object(Illuminate/Http/Request))
#34 C:/Users/maria/Proyecto/ApiApuestasDeportivas/ApiApuestasDeportivas/vendor/laravel/framework/src/Illuminate/Foundation/Http/Middleware/ConvertEmptyStringsToNull.php(31): Illuminate/Foundation/Http/Middleware/TransformsRequest->handle(Object(Illuminate/Http/Request), Object(Closure))
#35 C:/Users/maria/Proyecto/ApiApuestasDeportivas/ApiApuestasDeportivas/vendor/laravel/framework/src/Illuminate/Pipeline/Pipeline.php(183): Illuminate/Foundation/Http/Middleware/ConvertEmptyStringsToNull->handle(Object(Illuminate/Http/Request), Object(Closure))
#36 C:/Users/maria/Proyecto/ApiApuestasDeportivas/ApiApuestasDeportivas/vendor/laravel/framework/src/Illuminate/Foundation/Http/Middleware/TransformsRequest.php(21): Illuminate/Pipeline/Pipeline->{closure:{closure:Illuminate/Pipeline/Pipeline::carry():158}:159}(Object(Illuminate/Http/Request))
#37 C:/Users/maria/Proyecto/ApiApuestasDeportivas/ApiApuestasDeportivas/vendor/laravel/framework/src/Illuminate/Foundation/Http/Middleware/TrimStrings.php(40): Illuminate/Foundation/Http/Middleware/TransformsRequest->handle(Object(Illuminate/Http/Request), Object(Closure))
#38 C:/Users/maria/Proyecto/ApiApuestasDeportivas/ApiApuestasDeportivas/vendor/laravel/framework/src/Illuminate/Pipeline/Pipeline.php(183): Illuminate/Foundation/Http/Middleware/TrimStrings->handle(Object(Illuminate/Http/Request), Object(Closure))
#39 C:/Users/maria/Proyecto/ApiApuestasDeportivas/ApiApuestasDeportivas/vendor/laravel/framework/src/Illuminate/Foundation/Http/Middleware/ValidatePostSize.php(27): Illuminate/Pipeline/Pipeline->{closure:{closure:Illuminate/Pipeline/Pipeline::carry():158}:159}(Object(Illuminate/Http/Request))
#40 C:/Users/maria/Proyecto/ApiApuestasDeportivas/ApiApuestasDeportivas/vendor/laravel/framework/src/Illuminate/Pipeline/Pipeline.php(183): Illuminate/Foundation/Http/Middleware/ValidatePostSize->handle(Object(Illuminate/Http/Request), Object(Closure))
#41 C:/Users/maria/Proyecto/ApiApuestasDeportivas/ApiApuestasDeportivas/vendor/laravel/framework/src/Illuminate/Foundation/Http/Middleware/PreventRequestsDuringMaintenance.php(99): Illuminate/Pipeline/Pipeline->{closure:{closure:Illuminate/Pipeline/Pipeline::carry():158}:159}(Object(Illuminate/Http/Request))
#42 C:/Users/maria/Proyecto/ApiApuestasDeportivas/ApiApuestasDeportivas/vendor/laravel/framework/src/Illuminate/Pipeline/Pipeline.php(183): Illuminate/Foundation/Http/Middleware/PreventRequestsDuringMaintenance->handle(Object(Illuminate/Http/Request), Object(Closure))
#43 C:/Users/maria/Proyecto/ApiApuestasDeportivas/ApiApuestasDeportivas/vendor/laravel/framework/src/Illuminate/Http/Middleware/HandleCors.php(62): Illuminate/Pipeline/Pipeline->{closure:{closure:Illuminate/Pipeline/Pipeline::carry():158}:159}(Object(Illuminate/Http/Request))
#44 C:/Users/maria/Proyecto/ApiApuestasDeportivas/ApiApuestasDeportivas/vendor/laravel/framework/src/Illuminate/Pipeline/Pipeline.php(183): Illuminate/Http/Middleware/HandleCors->handle(Object(Illuminate/Http/Request), Object(Closure))
#45 C:/Users/maria/Proyecto/ApiApuestasDeportivas/ApiApuestasDeportivas/vendor/laravel/framework/src/Illuminate/Http/Middleware/TrustProxies.php(39): Illuminate/Pipeline/Pipeline->{closure:{closure:Illuminate/Pipeline/Pipeline::carry():158}:159}(Object(Illuminate/Http/Request))
#46 C:/Users/maria/Proyecto/ApiApuestasDeportivas/ApiApuestasDeportivas/vendor/laravel/framework/src/Illuminate/Pipeline/Pipeline.php(183): Illuminate/Http/Middleware/TrustProxies->handle(Object(Illuminate/Http/Request), Object(Closure))
#47 C:/Users/maria/Proyecto/ApiApuestasDeportivas/ApiApuestasDeportivas/vendor/laravel/framework/src/Illuminate/Pipeline/Pipeline.php(119): Illuminate/Pipeline/Pipeline->{closure:{closure:Illuminate/Pipeline/Pipeline::carry():158}:159}(Object(Illuminate/Http/Request))
#48 C:/Users/maria/Proyecto/ApiApuestasDeportivas/ApiApuestasDeportivas/vendor/laravel/framework/src/Illuminate/Foundation/Http/Kernel.php(175): Illuminate/Pipeline/Pipeline->then(Object(Closure))
#49 C:/Users/maria/Proyecto/ApiApuestasDeportivas/ApiApuestasDeportivas/vendor/laravel/framework/src/Illuminate/Foundation/Http/Kernel.php(144): Illuminate/Foundation/Http/Kernel->sendRequestThroughRouter(Object(Illuminate/Http/Request))
#50 C:/Users/maria/Proyecto/ApiApuestasDeportivas/ApiApuestasDeportivas/public/index.php(51): Illuminate/Foundation/Http/Kernel->handle(Object(Illuminate/Http/Request))
#51 C:/Users/maria/Proyecto/ApiApuestasDeportivas/ApiApuestasDeportivas/vendor/laravel/framework/src/Illuminate/Foundation/resources/server.php(16): require_once('C://Users//maria//...')
#52 {main}
"} 
[2026-03-14 17:54:18] local.ERROR: SQLSTATE[42S02]: Base table or view not found: 1146 Table 'apiapuestasdeportivas.events' doesn't exist (Connection: mysql, SQL: select * from `events`) {"userId":1,"exception":"[object] (Illuminate\\Database\\QueryException(code: 42S02): SQLSTATE[42S02]: Base table or view not found: 1146 Table 'apiapuestasdeportivas.events' doesn't exist (Connection: mysql, SQL: select * from `events`) at C:/Users/maria/Proyecto/ApiApuestasDeportivas/ApiApuestasDeportivas/vendor/laravel/framework/src/Illuminate/Database/Connection.php:829)
[stacktrace]
#0 C:/Users/maria/Proyecto/ApiApuestasDeportivas/ApiApuestasDeportivas/vendor/laravel/framework/src/Illuminate/Database/Connection.php(783): Illuminate/Database/Connection->runQueryCallback('select * from `...', Array, Object(Closure))
#1 C:/Users/maria/Proyecto/ApiApuestasDeportivas/ApiApuestasDeportivas/vendor/laravel/framework/src/Illuminate/Database/Connection.php(414): Illuminate/Database/Connection->run('select * from `...', Array, Object(Closure))
#2 C:/Users/maria/Proyecto/ApiApuestasDeportivas/ApiApuestasDeportivas/vendor/laravel/framework/src/Illuminate/Database/Query/Builder.php(2913): Illuminate/Database/Connection->select('select * from `...', Array, true)
#3 C:/Users/maria/Proyecto/ApiApuestasDeportivas/ApiApuestasDeportivas/vendor/laravel/framework/src/Illuminate/Database/Query/Builder.php(2902): Illuminate/Database/Query/Builder->runSelect()
#4 C:/Users/maria/Proyecto/ApiApuestasDeportivas/ApiApuestasDeportivas/vendor/laravel/framework/src/Illuminate/Database/Query/Builder.php(3456): Illuminate/Database/Query/Builder->{closure:Illuminate/Database/Query/Builder::get():2901}()
#5 C:/Users/maria/Proyecto/ApiApuestasDeportivas/ApiApuestasDeportivas/vendor/laravel/framework/src/Illuminate/Database/Query/Builder.php(2901): Illuminate/Database/Query/Builder->onceWithColumns(Array, Object(Closure))
#6 C:/Users/maria/Proyecto/ApiApuestasDeportivas/ApiApuestasDeportivas/vendor/laravel/framework/src/Illuminate/Database/Eloquent/Builder.php(739): Illuminate/Database/Query/Builder->get(Array)
#7 C:/Users/maria/Proyecto/ApiApuestasDeportivas/ApiApuestasDeportivas/vendor/laravel/framework/src/Illuminate/Database/Eloquent/Builder.php(723): Illuminate/Database/Eloquent/Builder->getModels(Array)
#8 C:/Users/maria/Proyecto/ApiApuestasDeportivas/ApiApuestasDeportivas/vendor/laravel/framework/src/Illuminate/Database/Eloquent/Model.php(675): Illuminate/Database/Eloquent/Builder->get(Array)
#9 C:/Users/maria/Proyecto/ApiApuestasDeportivas/ApiApuestasDeportivas/app/Http/Controllers/EventController.php(13): Illuminate/Database/Eloquent/Model::all()
#10 C:/Users/maria/Proyecto/ApiApuestasDeportivas/ApiApuestasDeportivas/vendor/laravel/framework/src/Illuminate/Routing/Controller.php(54): App/Http/Controllers/EventController->index()
#11 C:/Users/maria/Proyecto/ApiApuestasDeportivas/ApiApuestasDeportivas/vendor/laravel/framework/src/Illuminate/Routing/ControllerDispatcher.php(43): Illuminate/Routing/Controller->callAction('index', Array)
#12 C:/Users/maria/Proyecto/ApiApuestasDeportivas/ApiApuestasDeportivas/vendor/laravel/framework/src/Illuminate/Routing/Route.php(259): Illuminate/Routing/ControllerDispatcher->dispatch(Object(Illuminate/Routing/Route), Object(App/Http/Controllers/EventController), 'index')
#13 C:/Users/maria/Proyecto/ApiApuestasDeportivas/ApiApuestasDeportivas/vendor/laravel/framework/src/Illuminate/Routing/Route.php(205): Illuminate/Routing/Route->runController()
#14 C:/Users/maria/Proyecto/ApiApuestasDeportivas/ApiApuestasDeportivas/vendor/laravel/framework/src/Illuminate/Routing/Router.php(806): Illuminate/Routing/Route->run()
#15 C:/Users/maria/Proyecto/ApiApuestasDeportivas/ApiApuestasDeportivas/vendor/laravel/framework/src/Illuminate/Pipeline/Pipeline.php(144): Illuminate/Routing/Router->{closure:Illuminate/Routing/Router::runRouteWithinStack():805}(Object(Illuminate/Http/Request))
#16 C:/Users/maria/Proyecto/ApiApuestasDeportivas/ApiApuestasDeportivas/vendor/laravel/framework/src/Illuminate/Routing/Middleware/SubstituteBindings.php(50): Illuminate/Pipeline/Pipeline->{closure:Illuminate/Pipeline/Pipeline::prepareDestination():142}(Object(Illuminate/Http/Request))
#17 C:/Users/maria/Proyecto/ApiApuestasDeportivas/ApiApuestasDeportivas/vendor/laravel/framework/src/Illuminate/Pipeline/Pipeline.php(183): Illuminate/Routing/Middleware/SubstituteBindings->handle(Object(Illuminate/Http/Request), Object(Closure))
#18 C:/Users/maria/Proyecto/ApiApuestasDeportivas/ApiApuestasDeportivas/vendor/laravel/framework/src/Illuminate/Routing/Middleware/ThrottleRequests.php(159): Illuminate/Pipeline/Pipeline->{closure:{closure:Illuminate/Pipeline/Pipeline::carry():158}:159}(Object(Illuminate/Http/Request))
#19 C:/Users/maria/Proyecto/ApiApuestasDeportivas/ApiApuestasDeportivas/vendor/laravel/framework/src/Illuminate/Routing/Middleware/ThrottleRequests.php(125): Illuminate/Routing/Middleware/ThrottleRequests->handleRequest(Object(Illuminate/Http/Request), Object(Closure), Array)
#20 C:/Users/maria/Proyecto/ApiApuestasDeportivas/ApiApuestasDeportivas/vendor/laravel/framework/src/Illuminate/Routing/Middleware/ThrottleRequests.php(87): Illuminate/Routing/Middleware/ThrottleRequests->handleRequestUsingNamedLimiter(Object(Illuminate/Http/Request), Object(Closure), 'api', Object(Closure))
#21 C:/Users/maria/Proyecto/ApiApuestasDeportivas/ApiApuestasDeportivas/vendor/laravel/framework/src/Illuminate/Pipeline/Pipeline.php(183): Illuminate/Routing/Middleware/ThrottleRequests->handle(Object(Illuminate/Http/Request), Object(Closure), 'api')
#22 C:/Users/maria/Proyecto/ApiApuestasDeportivas/ApiApuestasDeportivas/vendor/laravel/framework/src/Illuminate/Auth/Middleware/Authenticate.php(57): Illuminate/Pipeline/Pipeline->{closure:{closure:Illuminate/Pipeline/Pipeline::carry():158}:159}(Object(Illuminate/Http/Request))
#23 C:/Users/maria/Proyecto/ApiApuestasDeportivas/ApiApuestasDeportivas/vendor/laravel/framework/src/Illuminate/Pipeline/Pipeline.php(183): Illuminate/Auth/Middleware/Authenticate->handle(Object(Illuminate/Http/Request), Object(Closure), 'api')
#24 C:/Users/maria/Proyecto/ApiApuestasDeportivas/ApiApuestasDeportivas/vendor/laravel/framework/src/Illuminate/Pipeline/Pipeline.php(119): Illuminate/Pipeline/Pipeline->{closure:{closure:Illuminate/Pipeline/Pipeline::carry():158}:159}(Object(Illuminate/Http/Request))
#25 C:/Users/maria/Proyecto/ApiApuestasDeportivas/ApiApuestasDeportivas/vendor/laravel/framework/src/Illuminate/Routing/Router.php(805): Illuminate/Pipeline/Pipeline->then(Object(Closure))
#26 C:/Users/maria/Proyecto/ApiApuestasDeportivas/ApiApuestasDeportivas/vendor/laravel/framework/src/Illuminate/Routing/Router.php(784): Illuminate/Routing/Router->runRouteWithinStack(Object(Illuminate/Routing/Route), Object(Illuminate/Http/Request))
#27 C:/Users/maria/Proyecto/ApiApuestasDeportivas/ApiApuestasDeportivas/vendor/laravel/framework/src/Illuminate/Routing/Router.php(748): Illuminate/Routing/Router->runRoute(Object(Illuminate/Http/Request), Object(Illuminate/Routing/Route))
#28 C:/Users/maria/Proyecto/ApiApuestasDeportivas/ApiApuestasDeportivas/vendor/laravel/framework/src/Illuminate/Routing/Router.php(737): Illuminate/Routing/Router->dispatchToRoute(Object(Illuminate/Http/Request))
#29 C:/Users/maria/Proyecto/ApiApuestasDeportivas/ApiApuestasDeportivas/vendor/laravel/framework/src/Illuminate/Foundation/Http/Kernel.php(200): Illuminate/Routing/Router->dispatch(Object(Illuminate/Http/Request))
#30 C:/Users/maria/Proyecto/ApiApuestasDeportivas/ApiApuestasDeportivas/vendor/laravel/framework/src/Illuminate/Pipeline/Pipeline.php(144): Illuminate/Foundation/Http/Kernel->{closure:Illuminate/Foundation/Http/Kernel::dispatchToRouter():197}(Object(Illuminate/Http/Request))
#31 C:/Users/maria/Proyecto/ApiApuestasDeportivas/ApiApuestasDeportivas/vendor/laravel/framework/src/Illuminate/Foundation/Http/Middleware/TransformsRequest.php(21): Illuminate/Pipeline/Pipeline->{closure:Illuminate/Pipeline/Pipeline::prepareDestination():142}(Object(Illuminate/Http/Request))
#32 C:/Users/maria/Proyecto/ApiApuestasDeportivas/ApiApuestasDeportivas/vendor/laravel/framework/src/Illuminate/Foundation/Http/Middleware/ConvertEmptyStringsToNull.php(31): Illuminate/Foundation/Http/Middleware/TransformsRequest->handle(Object(Illuminate/Http/Request), Object(Closure))
#33 C:/Users/maria/Proyecto/ApiApuestasDeportivas/ApiApuestasDeportivas/vendor/laravel/framework/src/Illuminate/Pipeline/Pipeline.php(183): Illuminate/Foundation/Http/Middleware/ConvertEmptyStringsToNull->handle(Object(Illuminate/Http/Request), Object(Closure))
#34 C:/Users/maria/Proyecto/ApiApuestasDeportivas/ApiApuestasDeportivas/vendor/laravel/framework/src/Illuminate/Foundation/Http/Middleware/TransformsRequest.php(21): Illuminate/Pipeline/Pipeline->{closure:{closure:Illuminate/Pipeline/Pipeline::carry():158}:159}(Object(Illuminate/Http/Request))
#35 C:/Users/maria/Proyecto/ApiApuestasDeportivas/ApiApuestasDeportivas/vendor/laravel/framework/src/Illuminate/Foundation/Http/Middleware/TrimStrings.php(40): Illuminate/Foundation/Http/Middleware/TransformsRequest->handle(Object(Illuminate/Http/Request), Object(Closure))
#36 C:/Users/maria/Proyecto/ApiApuestasDeportivas/ApiApuestasDeportivas/vendor/laravel/framework/src/Illuminate/Pipeline/Pipeline.php(183): Illuminate/Foundation/Http/Middleware/TrimStrings->handle(Object(Illuminate/Http/Request), Object(Closure))
#37 C:/Users/maria/Proyecto/ApiApuestasDeportivas/ApiApuestasDeportivas/vendor/laravel/framework/src/Illuminate/Foundation/Http/Middleware/ValidatePostSize.php(27): Illuminate/Pipeline/Pipeline->{closure:{closure:Illuminate/Pipeline/Pipeline::carry():158}:159}(Object(Illuminate/Http/Request))
#38 C:/Users/maria/Proyecto/ApiApuestasDeportivas/ApiApuestasDeportivas/vendor/laravel/framework/src/Illuminate/Pipeline/Pipeline.php(183): Illuminate/Foundation/Http/Middleware/ValidatePostSize->handle(Object(Illuminate/Http/Request), Object(Closure))
#39 C:/Users/maria/Proyecto/ApiApuestasDeportivas/ApiApuestasDeportivas/vendor/laravel/framework/src/Illuminate/Foundation/Http/Middleware/PreventRequestsDuringMaintenance.php(99): Illuminate/Pipeline/Pipeline->{closure:{closure:Illuminate/Pipeline/Pipeline::carry():158}:159}(Object(Illuminate/Http/Request))
#40 C:/Users/maria/Proyecto/ApiApuestasDeportivas/ApiApuestasDeportivas/vendor/laravel/framework/src/Illuminate/Pipeline/Pipeline.php(183): Illuminate/Foundation/Http/Middleware/PreventRequestsDuringMaintenance->handle(Object(Illuminate/Http/Request), Object(Closure))
#41 C:/Users/maria/Proyecto/ApiApuestasDeportivas/ApiApuestasDeportivas/vendor/laravel/framework/src/Illuminate/Http/Middleware/HandleCors.php(62): Illuminate/Pipeline/Pipeline->{closure:{closure:Illuminate/Pipeline/Pipeline::carry():158}:159}(Object(Illuminate/Http/Request))
#42 C:/Users/maria/Proyecto/ApiApuestasDeportivas/ApiApuestasDeportivas/vendor/laravel/framework/src/Illuminate/Pipeline/Pipeline.php(183): Illuminate/Http/Middleware/HandleCors->handle(Object(Illuminate/Http/Request), Object(Closure))
#43 C:/Users/maria/Proyecto/ApiApuestasDeportivas/ApiApuestasDeportivas/vendor/laravel/framework/src/Illuminate/Http/Middleware/TrustProxies.php(39): Illuminate/Pipeline/Pipeline->{closure:{closure:Illuminate/Pipeline/Pipeline::carry():158}:159}(Object(Illuminate/Http/Request))
#44 C:/Users/maria/Proyecto/ApiApuestasDeportivas/ApiApuestasDeportivas/vendor/laravel/framework/src/Illuminate/Pipeline/Pipeline.php(183): Illuminate/Http/Middleware/TrustProxies->handle(Object(Illuminate/Http/Request), Object(Closure))
#45 C:/Users/maria/Proyecto/ApiApuestasDeportivas/ApiApuestasDeportivas/vendor/laravel/framework/src/Illuminate/Pipeline/Pipeline.php(119): Illuminate/Pipeline/Pipeline->{closure:{closure:Illuminate/Pipeline/Pipeline::carry():158}:159}(Object(Illuminate/Http/Request))
#46 C:/Users/maria/Proyecto/ApiApuestasDeportivas/ApiApuestasDeportivas/vendor/laravel/framework/src/Illuminate/Foundation/Http/Kernel.php(175): Illuminate/Pipeline/Pipeline->then(Object(Closure))
#47 C:/Users/maria/Proyecto/ApiApuestasDeportivas/ApiApuestasDeportivas/vendor/laravel/framework/src/Illuminate/Foundation/Http/Kernel.php(144): Illuminate/Foundation/Http/Kernel->sendRequestThroughRouter(Object(Illuminate/Http/Request))
#48 C:/Users/maria/Proyecto/ApiApuestasDeportivas/ApiApuestasDeportivas/public/index.php(51): Illuminate/Foundation/Http/Kernel->handle(Object(Illuminate/Http/Request))
#49 C:/Users/maria/Proyecto/ApiApuestasDeportivas/ApiApuestasDeportivas/vendor/laravel/framework/src/Illuminate/Foundation/resources/server.php(16): require_once('C://Users//maria//...')
#50 {main}

[previous exception] [object] (PDOException(code: 42S02): SQLSTATE[42S02]: Base table or view not found: 1146 Table 'apiapuestasdeportivas.events' doesn't exist at C:/Users/maria/Proyecto/ApiApuestasDeportivas/ApiApuestasDeportivas/vendor/laravel/framework/src/Illuminate/Database/Connection.php:423)
[stacktrace]
#0 C:/Users/maria/Proyecto/ApiApuestasDeportivas/ApiApuestasDeportivas/vendor/laravel/framework/src/Illuminate/Database/Connection.php(423): PDO->prepare('select * from `...')
#1 C:/Users/maria/Proyecto/ApiApuestasDeportivas/ApiApuestasDeportivas/vendor/laravel/framework/src/Illuminate/Database/Connection.php(816): Illuminate/Database/Connection->{closure:Illuminate/Database/Connection::select():414}('select * from `...', Array)
#2 C:/Users/maria/Proyecto/ApiApuestasDeportivas/ApiApuestasDeportivas/vendor/laravel/framework/src/Illuminate/Database/Connection.php(783): Illuminate/Database/Connection->runQueryCallback('select * from `...', Array, Object(Closure))
#3 C:/Users/maria/Proyecto/ApiApuestasDeportivas/ApiApuestasDeportivas/vendor/laravel/framework/src/Illuminate/Database/Connection.php(414): Illuminate/Database/Connection->run('select * from `...', Array, Object(Closure))
#4 C:/Users/maria/Proyecto/ApiApuestasDeportivas/ApiApuestasDeportivas/vendor/laravel/framework/src/Illuminate/Database/Query/Builder.php(2913): Illuminate/Database/Connection->select('select * from `...', Array, true)
#5 C:/Users/maria/Proyecto/ApiApuestasDeportivas/ApiApuestasDeportivas/vendor/laravel/framework/src/Illuminate/Database/Query/Builder.php(2902): Illuminate/Database/Query/Builder->runSelect()
#6 C:/Users/maria/Proyecto/ApiApuestasDeportivas/ApiApuestasDeportivas/vendor/laravel/framework/src/Illuminate/Database/Query/Builder.php(3456): Illuminate/Database/Query/Builder->{closure:Illuminate/Database/Query/Builder::get():2901}()
#7 C:/Users/maria/Proyecto/ApiApuestasDeportivas/ApiApuestasDeportivas/vendor/laravel/framework/src/Illuminate/Database/Query/Builder.php(2901): Illuminate/Database/Query/Builder->onceWithColumns(Array, Object(Closure))
#8 C:/Users/maria/Proyecto/ApiApuestasDeportivas/ApiApuestasDeportivas/vendor/laravel/framework/src/Illuminate/Database/Eloquent/Builder.php(739): Illuminate/Database/Query/Builder->get(Array)
#9 C:/Users/maria/Proyecto/ApiApuestasDeportivas/ApiApuestasDeportivas/vendor/laravel/framework/src/Illuminate/Database/Eloquent/Builder.php(723): Illuminate/Database/Eloquent/Builder->getModels(Array)
#10 C:/Users/maria/Proyecto/ApiApuestasDeportivas/ApiApuestasDeportivas/vendor/laravel/framework/src/Illuminate/Database/Eloquent/Model.php(675): Illuminate/Database/Eloquent/Builder->get(Array)
#11 C:/Users/maria/Proyecto/ApiApuestasDeportivas/ApiApuestasDeportivas/app/Http/Controllers/EventController.php(13): Illuminate/Database/Eloquent/Model::all()
#12 C:/Users/maria/Proyecto/ApiApuestasDeportivas/ApiApuestasDeportivas/vendor/laravel/framework/src/Illuminate/Routing/Controller.php(54): App/Http/Controllers/EventController->index()
#13 C:/Users/maria/Proyecto/ApiApuestasDeportivas/ApiApuestasDeportivas/vendor/laravel/framework/src/Illuminate/Routing/ControllerDispatcher.php(43): Illuminate/Routing/Controller->callAction('index', Array)
#14 C:/Users/maria/Proyecto/ApiApuestasDeportivas/ApiApuestasDeportivas/vendor/laravel/framework/src/Illuminate/Routing/Route.php(259): Illuminate/Routing/ControllerDispatcher->dispatch(Object(Illuminate/Routing/Route), Object(App/Http/Controllers/EventController), 'index')
#15 C:/Users/maria/Proyecto/ApiApuestasDeportivas/ApiApuestasDeportivas/vendor/laravel/framework/src/Illuminate/Routing/Route.php(205): Illuminate/Routing/Route->runController()
#16 C:/Users/maria/Proyecto/ApiApuestasDeportivas/ApiApuestasDeportivas/vendor/laravel/framework/src/Illuminate/Routing/Router.php(806): Illuminate/Routing/Route->run()
#17 C:/Users/maria/Proyecto/ApiApuestasDeportivas/ApiApuestasDeportivas/vendor/laravel/framework/src/Illuminate/Pipeline/Pipeline.php(144): Illuminate/Routing/Router->{closure:Illuminate/Routing/Router::runRouteWithinStack():805}(Object(Illuminate/Http/Request))
#18 C:/Users/maria/Proyecto/ApiApuestasDeportivas/ApiApuestasDeportivas/vendor/laravel/framework/src/Illuminate/Routing/Middleware/SubstituteBindings.php(50): Illuminate/Pipeline/Pipeline->{closure:Illuminate/Pipeline/Pipeline::prepareDestination():142}(Object(Illuminate/Http/Request))
#19 C:/Users/maria/Proyecto/ApiApuestasDeportivas/ApiApuestasDeportivas/vendor/laravel/framework/src/Illuminate/Pipeline/Pipeline.php(183): Illuminate/Routing/Middleware/SubstituteBindings->handle(Object(Illuminate/Http/Request), Object(Closure))
#20 C:/Users/maria/Proyecto/ApiApuestasDeportivas/ApiApuestasDeportivas/vendor/laravel/framework/src/Illuminate/Routing/Middleware/ThrottleRequests.php(159): Illuminate/Pipeline/Pipeline->{closure:{closure:Illuminate/Pipeline/Pipeline::carry():158}:159}(Object(Illuminate/Http/Request))
#21 C:/Users/maria/Proyecto/ApiApuestasDeportivas/ApiApuestasDeportivas/vendor/laravel/framework/src/Illuminate/Routing/Middleware/ThrottleRequests.php(125): Illuminate/Routing/Middleware/ThrottleRequests->handleRequest(Object(Illuminate/Http/Request), Object(Closure), Array)
#22 C:/Users/maria/Proyecto/ApiApuestasDeportivas/ApiApuestasDeportivas/vendor/laravel/framework/src/Illuminate/Routing/Middleware/ThrottleRequests.php(87): Illuminate/Routing/Middleware/ThrottleRequests->handleRequestUsingNamedLimiter(Object(Illuminate/Http/Request), Object(Closure), 'api', Object(Closure))
#23 C:/Users/maria/Proyecto/ApiApuestasDeportivas/ApiApuestasDeportivas/vendor/laravel/framework/src/Illuminate/Pipeline/Pipeline.php(183): Illuminate/Routing/Middleware/ThrottleRequests->handle(Object(Illuminate/Http/Request), Object(Closure), 'api')
#24 C:/Users/maria/Proyecto/ApiApuestasDeportivas/ApiApuestasDeportivas/vendor/laravel/framework/src/Illuminate/Auth/Middleware/Authenticate.php(57): Illuminate/Pipeline/Pipeline->{closure:{closure:Illuminate/Pipeline/Pipeline::carry():158}:159}(Object(Illuminate/Http/Request))
#25 C:/Users/maria/Proyecto/ApiApuestasDeportivas/ApiApuestasDeportivas/vendor/laravel/framework/src/Illuminate/Pipeline/Pipeline.php(183): Illuminate/Auth/Middleware/Authenticate->handle(Object(Illuminate/Http/Request), Object(Closure), 'api')
#26 C:/Users/maria/Proyecto/ApiApuestasDeportivas/ApiApuestasDeportivas/vendor/laravel/framework/src/Illuminate/Pipeline/Pipeline.php(119): Illuminate/Pipeline/Pipeline->{closure:{closure:Illuminate/Pipeline/Pipeline::carry():158}:159}(Object(Illuminate/Http/Request))
#27 C:/Users/maria/Proyecto/ApiApuestasDeportivas/ApiApuestasDeportivas/vendor/laravel/framework/src/Illuminate/Routing/Router.php(805): Illuminate/Pipeline/Pipeline->then(Object(Closure))
#28 C:/Users/maria/Proyecto/ApiApuestasDeportivas/ApiApuestasDeportivas/vendor/laravel/framework/src/Illuminate/Routing/Router.php(784): Illuminate/Routing/Router->runRouteWithinStack(Object(Illuminate/Routing/Route), Object(Illuminate/Http/Request))
#29 C:/Users/maria/Proyecto/ApiApuestasDeportivas/ApiApuestasDeportivas/vendor/laravel/framework/src/Illuminate/Routing/Router.php(748): Illuminate/Routing/Router->runRoute(Object(Illuminate/Http/Request), Object(Illuminate/Routing/Route))
#30 C:/Users/maria/Proyecto/ApiApuestasDeportivas/ApiApuestasDeportivas/vendor/laravel/framework/src/Illuminate/Routing/Router.php(737): Illuminate/Routing/Router->dispatchToRoute(Object(Illuminate/Http/Request))
#31 C:/Users/maria/Proyecto/ApiApuestasDeportivas/ApiApuestasDeportivas/vendor/laravel/framework/src/Illuminate/Foundation/Http/Kernel.php(200): Illuminate/Routing/Router->dispatch(Object(Illuminate/Http/Request))
#32 C:/Users/maria/Proyecto/ApiApuestasDeportivas/ApiApuestasDeportivas/vendor/laravel/framework/src/Illuminate/Pipeline/Pipeline.php(144): Illuminate/Foundation/Http/Kernel->{closure:Illuminate/Foundation/Http/Kernel::dispatchToRouter():197}(Object(Illuminate/Http/Request))
#33 C:/Users/maria/Proyecto/ApiApuestasDeportivas/ApiApuestasDeportivas/vendor/laravel/framework/src/Illuminate/Foundation/Http/Middleware/TransformsRequest.php(21): Illuminate/Pipeline/Pipeline->{closure:Illuminate/Pipeline/Pipeline::prepareDestination():142}(Object(Illuminate/Http/Request))
#34 C:/Users/maria/Proyecto/ApiApuestasDeportivas/ApiApuestasDeportivas/vendor/laravel/framework/src/Illuminate/Foundation/Http/Middleware/ConvertEmptyStringsToNull.php(31): Illuminate/Foundation/Http/Middleware/TransformsRequest->handle(Object(Illuminate/Http/Request), Object(Closure))
#35 C:/Users/maria/Proyecto/ApiApuestasDeportivas/ApiApuestasDeportivas/vendor/laravel/framework/src/Illuminate/Pipeline/Pipeline.php(183): Illuminate/Foundation/Http/Middleware/ConvertEmptyStringsToNull->handle(Object(Illuminate/Http/Request), Object(Closure))
#36 C:/Users/maria/Proyecto/ApiApuestasDeportivas/ApiApuestasDeportivas/vendor/laravel/framework/src/Illuminate/Foundation/Http/Middleware/TransformsRequest.php(21): Illuminate/Pipeline/Pipeline->{closure:{closure:Illuminate/Pipeline/Pipeline::carry():158}:159}(Object(Illuminate/Http/Request))
#37 C:/Users/maria/Proyecto/ApiApuestasDeportivas/ApiApuestasDeportivas/vendor/laravel/framework/src/Illuminate/Foundation/Http/Middleware/TrimStrings.php(40): Illuminate/Foundation/Http/Middleware/TransformsRequest->handle(Object(Illuminate/Http/Request), Object(Closure))
#38 C:/Users/maria/Proyecto/ApiApuestasDeportivas/ApiApuestasDeportivas/vendor/laravel/framework/src/Illuminate/Pipeline/Pipeline.php(183): Illuminate/Foundation/Http/Middleware/TrimStrings->handle(Object(Illuminate/Http/Request), Object(Closure))
#39 C:/Users/maria/Proyecto/ApiApuestasDeportivas/ApiApuestasDeportivas/vendor/laravel/framework/src/Illuminate/Foundation/Http/Middleware/ValidatePostSize.php(27): Illuminate/Pipeline/Pipeline->{closure:{closure:Illuminate/Pipeline/Pipeline::carry():158}:159}(Object(Illuminate/Http/Request))
#40 C:/Users/maria/Proyecto/ApiApuestasDeportivas/ApiApuestasDeportivas/vendor/laravel/framework/src/Illuminate/Pipeline/Pipeline.php(183): Illuminate/Foundation/Http/Middleware/ValidatePostSize->handle(Object(Illuminate/Http/Request), Object(Closure))
#41 C:/Users/maria/Proyecto/ApiApuestasDeportivas/ApiApuestasDeportivas/vendor/laravel/framework/src/Illuminate/Foundation/Http/Middleware/PreventRequestsDuringMaintenance.php(99): Illuminate/Pipeline/Pipeline->{closure:{closure:Illuminate/Pipeline/Pipeline::carry():158}:159}(Object(Illuminate/Http/Request))
#42 C:/Users/maria/Proyecto/ApiApuestasDeportivas/ApiApuestasDeportivas/vendor/laravel/framework/src/Illuminate/Pipeline/Pipeline.php(183): Illuminate/Foundation/Http/Middleware/PreventRequestsDuringMaintenance->handle(Object(Illuminate/Http/Request), Object(Closure))
#43 C:/Users/maria/Proyecto/ApiApuestasDeportivas/ApiApuestasDeportivas/vendor/laravel/framework/src/Illuminate/Http/Middleware/HandleCors.php(62): Illuminate/Pipeline/Pipeline->{closure:{closure:Illuminate/Pipeline/Pipeline::carry():158}:159}(Object(Illuminate/Http/Request))
#44 C:/Users/maria/Proyecto/ApiApuestasDeportivas/ApiApuestasDeportivas/vendor/laravel/framework/src/Illuminate/Pipeline/Pipeline.php(183): Illuminate/Http/Middleware/HandleCors->handle(Object(Illuminate/Http/Request), Object(Closure))
#45 C:/Users/maria/Proyecto/ApiApuestasDeportivas/ApiApuestasDeportivas/vendor/laravel/framework/src/Illuminate/Http/Middleware/TrustProxies.php(39): Illuminate/Pipeline/Pipeline->{closure:{closure:Illuminate/Pipeline/Pipeline::carry():158}:159}(Object(Illuminate/Http/Request))
#46 C:/Users/maria/Proyecto/ApiApuestasDeportivas/ApiApuestasDeportivas/vendor/laravel/framework/src/Illuminate/Pipeline/Pipeline.php(183): Illuminate/Http/Middleware/TrustProxies->handle(Object(Illuminate/Http/Request), Object(Closure))
#47 C:/Users/maria/Proyecto/ApiApuestasDeportivas/ApiApuestasDeportivas/vendor/laravel/framework/src/Illuminate/Pipeline/Pipeline.php(119): Illuminate/Pipeline/Pipeline->{closure:{closure:Illuminate/Pipeline/Pipeline::carry():158}:159}(Object(Illuminate/Http/Request))
#48 C:/Users/maria/Proyecto/ApiApuestasDeportivas/ApiApuestasDeportivas/vendor/laravel/framework/src/Illuminate/Foundation/Http/Kernel.php(175): Illuminate/Pipeline/Pipeline->then(Object(Closure))
#49 C:/Users/maria/Proyecto/ApiApuestasDeportivas/ApiApuestasDeportivas/vendor/laravel/framework/src/Illuminate/Foundation/Http/Kernel.php(144): Illuminate/Foundation/Http/Kernel->sendRequestThroughRouter(Object(Illuminate/Http/Request))
#50 C:/Users/maria/Proyecto/ApiApuestasDeportivas/ApiApuestasDeportivas/public/index.php(51): Illuminate/Foundation/Http/Kernel->handle(Object(Illuminate/Http/Request))
#51 C:/Users/maria/Proyecto/ApiApuestasDeportivas/ApiApuestasDeportivas/vendor/laravel/framework/src/Illuminate/Foundation/resources/server.php(16): require_once('C://Users//maria//...')
#52 {main}
"} 
[2026-03-14 18:00:46] local.ERROR: Undefined variable $eventos {"userId":1,"exception":"[object] (ErrorException(code: 0): Undefined variable $eventos at C:/Users/maria/Proyecto/ApiApuestasDeportivas/ApiApuestasDeportivas/app/Http/Controllers/EventController.php:17)
[stacktrace]
#0 C:/Users/maria/Proyecto/ApiApuestasDeportivas/ApiApuestasDeportivas/vendor/laravel/framework/src/Illuminate/Foundation/Bootstrap/HandleExceptions.php(255): Illuminate/Foundation/Bootstrap/HandleExceptions->handleError(2, 'Undefined varia...', 'C://Users//maria//...', 17)
#1 C:/Users/maria/Proyecto/ApiApuestasDeportivas/ApiApuestasDeportivas/app/Http/Controllers/EventController.php(17): Illuminate/Foundation/Bootstrap/HandleExceptions->{closure:Illuminate/Foundation/Bootstrap/HandleExceptions::forwardsTo():254}(2, 'Undefined varia...', 'C://Users//maria//...', 17)
#2 C:/Users/maria/Proyecto/ApiApuestasDeportivas/ApiApuestasDeportivas/vendor/laravel/framework/src/Illuminate/Routing/Controller.php(54): App/Http/Controllers/EventController->index()
#3 C:/Users/maria/Proyecto/ApiApuestasDeportivas/ApiApuestasDeportivas/vendor/laravel/framework/src/Illuminate/Routing/ControllerDispatcher.php(43): Illuminate/Routing/Controller->callAction('index', Array)
#4 C:/Users/maria/Proyecto/ApiApuestasDeportivas/ApiApuestasDeportivas/vendor/laravel/framework/src/Illuminate/Routing/Route.php(259): Illuminate/Routing/ControllerDispatcher->dispatch(Object(Illuminate/Routing/Route), Object(App/Http/Controllers/EventController), 'index')
#5 C:/Users/maria/Proyecto/ApiApuestasDeportivas/ApiApuestasDeportivas/vendor/laravel/framework/src/Illuminate/Routing/Route.php(205): Illuminate/Routing/Route->runController()
#6 C:/Users/maria/Proyecto/ApiApuestasDeportivas/ApiApuestasDeportivas/vendor/laravel/framework/src/Illuminate/Routing/Router.php(806): Illuminate/Routing/Route->run()
#7 C:/Users/maria/Proyecto/ApiApuestasDeportivas/ApiApuestasDeportivas/vendor/laravel/framework/src/Illuminate/Pipeline/Pipeline.php(144): Illuminate/Routing/Router->{closure:Illuminate/Routing/Router::runRouteWithinStack():805}(Object(Illuminate/Http/Request))
#8 C:/Users/maria/Proyecto/ApiApuestasDeportivas/ApiApuestasDeportivas/vendor/laravel/framework/src/Illuminate/Routing/Middleware/SubstituteBindings.php(50): Illuminate/Pipeline/Pipeline->{closure:Illuminate/Pipeline/Pipeline::prepareDestination():142}(Object(Illuminate/Http/Request))
#9 C:/Users/maria/Proyecto/ApiApuestasDeportivas/ApiApuestasDeportivas/vendor/laravel/framework/src/Illuminate/Pipeline/Pipeline.php(183): Illuminate/Routing/Middleware/SubstituteBindings->handle(Object(Illuminate/Http/Request), Object(Closure))
#10 C:/Users/maria/Proyecto/ApiApuestasDeportivas/ApiApuestasDeportivas/vendor/laravel/framework/src/Illuminate/Routing/Middleware/ThrottleRequests.php(159): Illuminate/Pipeline/Pipeline->{closure:{closure:Illuminate/Pipeline/Pipeline::carry():158}:159}(Object(Illuminate/Http/Request))
#11 C:/Users/maria/Proyecto/ApiApuestasDeportivas/ApiApuestasDeportivas/vendor/laravel/framework/src/Illuminate/Routing/Middleware/ThrottleRequests.php(125): Illuminate/Routing/Middleware/ThrottleRequests->handleRequest(Object(Illuminate/Http/Request), Object(Closure), Array)
#12 C:/Users/maria/Proyecto/ApiApuestasDeportivas/ApiApuestasDeportivas/vendor/laravel/framework/src/Illuminate/Routing/Middleware/ThrottleRequests.php(87): Illuminate/Routing/Middleware/ThrottleRequests->handleRequestUsingNamedLimiter(Object(Illuminate/Http/Request), Object(Closure), 'api', Object(Closure))
#13 C:/Users/maria/Proyecto/ApiApuestasDeportivas/ApiApuestasDeportivas/vendor/laravel/framework/src/Illuminate/Pipeline/Pipeline.php(183): Illuminate/Routing/Middleware/ThrottleRequests->handle(Object(Illuminate/Http/Request), Object(Closure), 'api')
#14 C:/Users/maria/Proyecto/ApiApuestasDeportivas/ApiApuestasDeportivas/vendor/laravel/framework/src/Illuminate/Auth/Middleware/Authenticate.php(57): Illuminate/Pipeline/Pipeline->{closure:{closure:Illuminate/Pipeline/Pipeline::carry():158}:159}(Object(Illuminate/Http/Request))
#15 C:/Users/maria/Proyecto/ApiApuestasDeportivas/ApiApuestasDeportivas/vendor/laravel/framework/src/Illuminate/Pipeline/Pipeline.php(183): Illuminate/Auth/Middleware/Authenticate->handle(Object(Illuminate/Http/Request), Object(Closure), 'api')
#16 C:/Users/maria/Proyecto/ApiApuestasDeportivas/ApiApuestasDeportivas/vendor/laravel/framework/src/Illuminate/Pipeline/Pipeline.php(119): Illuminate/Pipeline/Pipeline->{closure:{closure:Illuminate/Pipeline/Pipeline::carry():158}:159}(Object(Illuminate/Http/Request))
#17 C:/Users/maria/Proyecto/ApiApuestasDeportivas/ApiApuestasDeportivas/vendor/laravel/framework/src/Illuminate/Routing/Router.php(805): Illuminate/Pipeline/Pipeline->then(Object(Closure))
#18 C:/Users/maria/Proyecto/ApiApuestasDeportivas/ApiApuestasDeportivas/vendor/laravel/framework/src/Illuminate/Routing/Router.php(784): Illuminate/Routing/Router->runRouteWithinStack(Object(Illuminate/Routing/Route), Object(Illuminate/Http/Request))
#19 C:/Users/maria/Proyecto/ApiApuestasDeportivas/ApiApuestasDeportivas/vendor/laravel/framework/src/Illuminate/Routing/Router.php(748): Illuminate/Routing/Router->runRoute(Object(Illuminate/Http/Request), Object(Illuminate/Routing/Route))
#20 C:/Users/maria/Proyecto/ApiApuestasDeportivas/ApiApuestasDeportivas/vendor/laravel/framework/src/Illuminate/Routing/Router.php(737): Illuminate/Routing/Router->dispatchToRoute(Object(Illuminate/Http/Request))
#21 C:/Users/maria/Proyecto/ApiApuestasDeportivas/ApiApuestasDeportivas/vendor/laravel/framework/src/Illuminate/Foundation/Http/Kernel.php(200): Illuminate/Routing/Router->dispatch(Object(Illuminate/Http/Request))
#22 C:/Users/maria/Proyecto/ApiApuestasDeportivas/ApiApuestasDeportivas/vendor/laravel/framework/src/Illuminate/Pipeline/Pipeline.php(144): Illuminate/Foundation/Http/Kernel->{closure:Illuminate/Foundation/Http/Kernel::dispatchToRouter():197}(Object(Illuminate/Http/Request))
#23 C:/Users/maria/Proyecto/ApiApuestasDeportivas/ApiApuestasDeportivas/vendor/laravel/framework/src/Illuminate/Foundation/Http/Middleware/TransformsRequest.php(21): Illuminate/Pipeline/Pipeline->{closure:Illuminate/Pipeline/Pipeline::prepareDestination():142}(Object(Illuminate/Http/Request))
#24 C:/Users/maria/Proyecto/ApiApuestasDeportivas/ApiApuestasDeportivas/vendor/laravel/framework/src/Illuminate/Foundation/Http/Middleware/ConvertEmptyStringsToNull.php(31): Illuminate/Foundation/Http/Middleware/TransformsRequest->handle(Object(Illuminate/Http/Request), Object(Closure))
#25 C:/Users/maria/Proyecto/ApiApuestasDeportivas/ApiApuestasDeportivas/vendor/laravel/framework/src/Illuminate/Pipeline/Pipeline.php(183): Illuminate/Foundation/Http/Middleware/ConvertEmptyStringsToNull->handle(Object(Illuminate/Http/Request), Object(Closure))
#26 C:/Users/maria/Proyecto/ApiApuestasDeportivas/ApiApuestasDeportivas/vendor/laravel/framework/src/Illuminate/Foundation/Http/Middleware/TransformsRequest.php(21): Illuminate/Pipeline/Pipeline->{closure:{closure:Illuminate/Pipeline/Pipeline::carry():158}:159}(Object(Illuminate/Http/Request))
#27 C:/Users/maria/Proyecto/ApiApuestasDeportivas/ApiApuestasDeportivas/vendor/laravel/framework/src/Illuminate/Foundation/Http/Middleware/TrimStrings.php(40): Illuminate/Foundation/Http/Middleware/TransformsRequest->handle(Object(Illuminate/Http/Request), Object(Closure))
#28 C:/Users/maria/Proyecto/ApiApuestasDeportivas/ApiApuestasDeportivas/vendor/laravel/framework/src/Illuminate/Pipeline/Pipeline.php(183): Illuminate/Foundation/Http/Middleware/TrimStrings->handle(Object(Illuminate/Http/Request), Object(Closure))
#29 C:/Users/maria/Proyecto/ApiApuestasDeportivas/ApiApuestasDeportivas/vendor/laravel/framework/src/Illuminate/Foundation/Http/Middleware/ValidatePostSize.php(27): Illuminate/Pipeline/Pipeline->{closure:{closure:Illuminate/Pipeline/Pipeline::carry():158}:159}(Object(Illuminate/Http/Request))
#30 C:/Users/maria/Proyecto/ApiApuestasDeportivas/ApiApuestasDeportivas/vendor/laravel/framework/src/Illuminate/Pipeline/Pipeline.php(183): Illuminate/Foundation/Http/Middleware/ValidatePostSize->handle(Object(Illuminate/Http/Request), Object(Closure))
#31 C:/Users/maria/Proyecto/ApiApuestasDeportivas/ApiApuestasDeportivas/vendor/laravel/framework/src/Illuminate/Foundation/Http/Middleware/PreventRequestsDuringMaintenance.php(99): Illuminate/Pipeline/Pipeline->{closure:{closure:Illuminate/Pipeline/Pipeline::carry():158}:159}(Object(Illuminate/Http/Request))
#32 C:/Users/maria/Proyecto/ApiApuestasDeportivas/ApiApuestasDeportivas/vendor/laravel/framework/src/Illuminate/Pipeline/Pipeline.php(183): Illuminate/Foundation/Http/Middleware/PreventRequestsDuringMaintenance->handle(Object(Illuminate/Http/Request), Object(Closure))
#33 C:/Users/maria/Proyecto/ApiApuestasDeportivas/ApiApuestasDeportivas/vendor/laravel/framework/src/Illuminate/Http/Middleware/HandleCors.php(62): Illuminate/Pipeline/Pipeline->{closure:{closure:Illuminate/Pipeline/Pipeline::carry():158}:159}(Object(Illuminate/Http/Request))
#34 C:/Users/maria/Proyecto/ApiApuestasDeportivas/ApiApuestasDeportivas/vendor/laravel/framework/src/Illuminate/Pipeline/Pipeline.php(183): Illuminate/Http/Middleware/HandleCors->handle(Object(Illuminate/Http/Request), Object(Closure))
#35 C:/Users/maria/Proyecto/ApiApuestasDeportivas/ApiApuestasDeportivas/vendor/laravel/framework/src/Illuminate/Http/Middleware/TrustProxies.php(39): Illuminate/Pipeline/Pipeline->{closure:{closure:Illuminate/Pipeline/Pipeline::carry():158}:159}(Object(Illuminate/Http/Request))
#36 C:/Users/maria/Proyecto/ApiApuestasDeportivas/ApiApuestasDeportivas/vendor/laravel/framework/src/Illuminate/Pipeline/Pipeline.php(183): Illuminate/Http/Middleware/TrustProxies->handle(Object(Illuminate/Http/Request), Object(Closure))
#37 C:/Users/maria/Proyecto/ApiApuestasDeportivas/ApiApuestasDeportivas/vendor/laravel/framework/src/Illuminate/Pipeline/Pipeline.php(119): Illuminate/Pipeline/Pipeline->{closure:{closure:Illuminate/Pipeline/Pipeline::carry():158}:159}(Object(Illuminate/Http/Request))
#38 C:/Users/maria/Proyecto/ApiApuestasDeportivas/ApiApuestasDeportivas/vendor/laravel/framework/src/Illuminate/Foundation/Http/Kernel.php(175): Illuminate/Pipeline/Pipeline->then(Object(Closure))
#39 C:/Users/maria/Proyecto/ApiApuestasDeportivas/ApiApuestasDeportivas/vendor/laravel/framework/src/Illuminate/Foundation/Http/Kernel.php(144): Illuminate/Foundation/Http/Kernel->sendRequestThroughRouter(Object(Illuminate/Http/Request))
#40 C:/Users/maria/Proyecto/ApiApuestasDeportivas/ApiApuestasDeportivas/public/index.php(51): Illuminate/Foundation/Http/Kernel->handle(Object(Illuminate/Http/Request))
#41 C:/Users/maria/Proyecto/ApiApuestasDeportivas/ApiApuestasDeportivas/vendor/laravel/framework/src/Illuminate/Foundation/resources/server.php(16): require_once('C://Users//maria//...')
#42 {main}
"} 
[2026-03-14 18:58:42] local.ERROR: Route [login] not defined. {"exception":"[object] (Symfony\\Component\\Routing\\Exception\\RouteNotFoundException(code: 0): Route [login] not defined. at C:/Users/maria/Proyecto/ApiApuestasDeportivas/ApiApuestasDeportivas/vendor/laravel/framework/src/Illuminate/Routing/UrlGenerator.php:477)
[stacktrace]
#0 C:/Users/maria/Proyecto/ApiApuestasDeportivas/ApiApuestasDeportivas/vendor/laravel/framework/src/Illuminate/Foundation/helpers.php(811): Illuminate/Routing/UrlGenerator->route('login', Array, true)
#1 C:/Users/maria/Proyecto/ApiApuestasDeportivas/ApiApuestasDeportivas/app/Http/Middleware/Authenticate.php(15): route('login')
#2 C:/Users/maria/Proyecto/ApiApuestasDeportivas/ApiApuestasDeportivas/vendor/laravel/framework/src/Illuminate/Auth/Middleware/Authenticate.php(96): App/Http/Middleware/Authenticate->redirectTo(Object(Illuminate/Http/Request))
#3 C:/Users/maria/Proyecto/ApiApuestasDeportivas/ApiApuestasDeportivas/vendor/laravel/framework/src/Illuminate/Auth/Middleware/Authenticate.php(81): Illuminate/Auth/Middleware/Authenticate->unauthenticated(Object(Illuminate/Http/Request), Array)
#4 C:/Users/maria/Proyecto/ApiApuestasDeportivas/ApiApuestasDeportivas/vendor/laravel/framework/src/Illuminate/Auth/Middleware/Authenticate.php(55): Illuminate/Auth/Middleware/Authenticate->authenticate(Object(Illuminate/Http/Request), Array)
#5 C:/Users/maria/Proyecto/ApiApuestasDeportivas/ApiApuestasDeportivas/vendor/laravel/framework/src/Illuminate/Pipeline/Pipeline.php(183): Illuminate/Auth/Middleware/Authenticate->handle(Object(Illuminate/Http/Request), Object(Closure), 'api')
#6 C:/Users/maria/Proyecto/ApiApuestasDeportivas/ApiApuestasDeportivas/vendor/laravel/framework/src/Illuminate/Pipeline/Pipeline.php(119): Illuminate/Pipeline/Pipeline->{closure:{closure:Illuminate/Pipeline/Pipeline::carry():158}:159}(Object(Illuminate/Http/Request))
#7 C:/Users/maria/Proyecto/ApiApuestasDeportivas/ApiApuestasDeportivas/vendor/laravel/framework/src/Illuminate/Routing/Router.php(805): Illuminate/Pipeline/Pipeline->then(Object(Closure))
#8 C:/Users/maria/Proyecto/ApiApuestasDeportivas/ApiApuestasDeportivas/vendor/laravel/framework/src/Illuminate/Routing/Router.php(784): Illuminate/Routing/Router->runRouteWithinStack(Object(Illuminate/Routing/Route), Object(Illuminate/Http/Request))
#9 C:/Users/maria/Proyecto/ApiApuestasDeportivas/ApiApuestasDeportivas/vendor/laravel/framework/src/Illuminate/Routing/Router.php(748): Illuminate/Routing/Router->runRoute(Object(Illuminate/Http/Request), Object(Illuminate/Routing/Route))
#10 C:/Users/maria/Proyecto/ApiApuestasDeportivas/ApiApuestasDeportivas/vendor/laravel/framework/src/Illuminate/Routing/Router.php(737): Illuminate/Routing/Router->dispatchToRoute(Object(Illuminate/Http/Request))
#11 C:/Users/maria/Proyecto/ApiApuestasDeportivas/ApiApuestasDeportivas/vendor/laravel/framework/src/Illuminate/Foundation/Http/Kernel.php(200): Illuminate/Routing/Router->dispatch(Object(Illuminate/Http/Request))
#12 C:/Users/maria/Proyecto/ApiApuestasDeportivas/ApiApuestasDeportivas/vendor/laravel/framework/src/Illuminate/Pipeline/Pipeline.php(144): Illuminate/Foundation/Http/Kernel->{closure:Illuminate/Foundation/Http/Kernel::dispatchToRouter():197}(Object(Illuminate/Http/Request))
#13 C:/Users/maria/Proyecto/ApiApuestasDeportivas/ApiApuestasDeportivas/vendor/laravel/framework/src/Illuminate/Foundation/Http/Middleware/TransformsRequest.php(21): Illuminate/Pipeline/Pipeline->{closure:Illuminate/Pipeline/Pipeline::prepareDestination():142}(Object(Illuminate/Http/Request))
#14 C:/Users/maria/Proyecto/ApiApuestasDeportivas/ApiApuestasDeportivas/vendor/laravel/framework/src/Illuminate/Foundation/Http/Middleware/ConvertEmptyStringsToNull.php(31): Illuminate/Foundation/Http/Middleware/TransformsRequest->handle(Object(Illuminate/Http/Request), Object(Closure))
#15 C:/Users/maria/Proyecto/ApiApuestasDeportivas/ApiApuestasDeportivas/vendor/laravel/framework/src/Illuminate/Pipeline/Pipeline.php(183): Illuminate/Foundation/Http/Middleware/ConvertEmptyStringsToNull->handle(Object(Illuminate/Http/Request), Object(Closure))
#16 C:/Users/maria/Proyecto/ApiApuestasDeportivas/ApiApuestasDeportivas/vendor/laravel/framework/src/Illuminate/Foundation/Http/Middleware/TransformsRequest.php(21): Illuminate/Pipeline/Pipeline->{closure:{closure:Illuminate/Pipeline/Pipeline::carry():158}:159}(Object(Illuminate/Http/Request))
#17 C:/Users/maria/Proyecto/ApiApuestasDeportivas/ApiApuestasDeportivas/vendor/laravel/framework/src/Illuminate/Foundation/Http/Middleware/TrimStrings.php(40): Illuminate/Foundation/Http/Middleware/TransformsRequest->handle(Object(Illuminate/Http/Request), Object(Closure))
#18 C:/Users/maria/Proyecto/ApiApuestasDeportivas/ApiApuestasDeportivas/vendor/laravel/framework/src/Illuminate/Pipeline/Pipeline.php(183): Illuminate/Foundation/Http/Middleware/TrimStrings->handle(Object(Illuminate/Http/Request), Object(Closure))
#19 C:/Users/maria/Proyecto/ApiApuestasDeportivas/ApiApuestasDeportivas/vendor/laravel/framework/src/Illuminate/Foundation/Http/Middleware/ValidatePostSize.php(27): Illuminate/Pipeline/Pipeline->{closure:{closure:Illuminate/Pipeline/Pipeline::carry():158}:159}(Object(Illuminate/Http/Request))
#20 C:/Users/maria/Proyecto/ApiApuestasDeportivas/ApiApuestasDeportivas/vendor/laravel/framework/src/Illuminate/Pipeline/Pipeline.php(183): Illuminate/Foundation/Http/Middleware/ValidatePostSize->handle(Object(Illuminate/Http/Request), Object(Closure))
#21 C:/Users/maria/Proyecto/ApiApuestasDeportivas/ApiApuestasDeportivas/vendor/laravel/framework/src/Illuminate/Foundation/Http/Middleware/PreventRequestsDuringMaintenance.php(99): Illuminate/Pipeline/Pipeline->{closure:{closure:Illuminate/Pipeline/Pipeline::carry():158}:159}(Object(Illuminate/Http/Request))
#22 C:/Users/maria/Proyecto/ApiApuestasDeportivas/ApiApuestasDeportivas/vendor/laravel/framework/src/Illuminate/Pipeline/Pipeline.php(183): Illuminate/Foundation/Http/Middleware/PreventRequestsDuringMaintenance->handle(Object(Illuminate/Http/Request), Object(Closure))
#23 C:/Users/maria/Proyecto/ApiApuestasDeportivas/ApiApuestasDeportivas/vendor/laravel/framework/src/Illuminate/Http/Middleware/HandleCors.php(62): Illuminate/Pipeline/Pipeline->{closure:{closure:Illuminate/Pipeline/Pipeline::carry():158}:159}(Object(Illuminate/Http/Request))
#24 C:/Users/maria/Proyecto/ApiApuestasDeportivas/ApiApuestasDeportivas/vendor/laravel/framework/src/Illuminate/Pipeline/Pipeline.php(183): Illuminate/Http/Middleware/HandleCors->handle(Object(Illuminate/Http/Request), Object(Closure))
#25 C:/Users/maria/Proyecto/ApiApuestasDeportivas/ApiApuestasDeportivas/vendor/laravel/framework/src/Illuminate/Http/Middleware/TrustProxies.php(39): Illuminate/Pipeline/Pipeline->{closure:{closure:Illuminate/Pipeline/Pipeline::carry():158}:159}(Object(Illuminate/Http/Request))
#26 C:/Users/maria/Proyecto/ApiApuestasDeportivas/ApiApuestasDeportivas/vendor/laravel/framework/src/Illuminate/Pipeline/Pipeline.php(183): Illuminate/Http/Middleware/TrustProxies->handle(Object(Illuminate/Http/Request), Object(Closure))
#27 C:/Users/maria/Proyecto/ApiApuestasDeportivas/ApiApuestasDeportivas/vendor/laravel/framework/src/Illuminate/Pipeline/Pipeline.php(119): Illuminate/Pipeline/Pipeline->{closure:{closure:Illuminate/Pipeline/Pipeline::carry():158}:159}(Object(Illuminate/Http/Request))
#28 C:/Users/maria/Proyecto/ApiApuestasDeportivas/ApiApuestasDeportivas/vendor/laravel/framework/src/Illuminate/Foundation/Http/Kernel.php(175): Illuminate/Pipeline/Pipeline->then(Object(Closure))
#29 C:/Users/maria/Proyecto/ApiApuestasDeportivas/ApiApuestasDeportivas/vendor/laravel/framework/src/Illuminate/Foundation/Http/Kernel.php(144): Illuminate/Foundation/Http/Kernel->sendRequestThroughRouter(Object(Illuminate/Http/Request))
#30 C:/Users/maria/Proyecto/ApiApuestasDeportivas/ApiApuestasDeportivas/public/index.php(51): Illuminate/Foundation/Http/Kernel->handle(Object(Illuminate/Http/Request))
#31 C:/Users/maria/Proyecto/ApiApuestasDeportivas/ApiApuestasDeportivas/vendor/laravel/framework/src/Illuminate/Foundation/resources/server.php(16): require_once('C://Users//maria//...')
#32 {main}
"} 
[2026-03-14 19:01:36] local.ERROR: Route [login] not defined. {"exception":"[object] (Symfony\\Component\\Routing\\Exception\\RouteNotFoundException(code: 0): Route [login] not defined. at C:/Users/maria/Proyecto/ApiApuestasDeportivas/ApiApuestasDeportivas/vendor/laravel/framework/src/Illuminate/Routing/UrlGenerator.php:477)
[stacktrace]
#0 C:/Users/maria/Proyecto/ApiApuestasDeportivas/ApiApuestasDeportivas/vendor/laravel/framework/src/Illuminate/Foundation/helpers.php(811): Illuminate/Routing/UrlGenerator->route('login', Array, true)
#1 C:/Users/maria/Proyecto/ApiApuestasDeportivas/ApiApuestasDeportivas/app/Http/Middleware/Authenticate.php(15): route('login')
#2 C:/Users/maria/Proyecto/ApiApuestasDeportivas/ApiApuestasDeportivas/vendor/laravel/framework/src/Illuminate/Auth/Middleware/Authenticate.php(96): App/Http/Middleware/Authenticate->redirectTo(Object(Illuminate/Http/Request))
#3 C:/Users/maria/Proyecto/ApiApuestasDeportivas/ApiApuestasDeportivas/vendor/laravel/framework/src/Illuminate/Auth/Middleware/Authenticate.php(81): Illuminate/Auth/Middleware/Authenticate->unauthenticated(Object(Illuminate/Http/Request), Array)
#4 C:/Users/maria/Proyecto/ApiApuestasDeportivas/ApiApuestasDeportivas/vendor/laravel/framework/src/Illuminate/Auth/Middleware/Authenticate.php(55): Illuminate/Auth/Middleware/Authenticate->authenticate(Object(Illuminate/Http/Request), Array)
#5 C:/Users/maria/Proyecto/ApiApuestasDeportivas/ApiApuestasDeportivas/vendor/laravel/framework/src/Illuminate/Pipeline/Pipeline.php(183): Illuminate/Auth/Middleware/Authenticate->handle(Object(Illuminate/Http/Request), Object(Closure), 'api')
#6 C:/Users/maria/Proyecto/ApiApuestasDeportivas/ApiApuestasDeportivas/vendor/laravel/framework/src/Illuminate/Pipeline/Pipeline.php(119): Illuminate/Pipeline/Pipeline->{closure:{closure:Illuminate/Pipeline/Pipeline::carry():158}:159}(Object(Illuminate/Http/Request))
#7 C:/Users/maria/Proyecto/ApiApuestasDeportivas/ApiApuestasDeportivas/vendor/laravel/framework/src/Illuminate/Routing/Router.php(805): Illuminate/Pipeline/Pipeline->then(Object(Closure))
#8 C:/Users/maria/Proyecto/ApiApuestasDeportivas/ApiApuestasDeportivas/vendor/laravel/framework/src/Illuminate/Routing/Router.php(784): Illuminate/Routing/Router->runRouteWithinStack(Object(Illuminate/Routing/Route), Object(Illuminate/Http/Request))
#9 C:/Users/maria/Proyecto/ApiApuestasDeportivas/ApiApuestasDeportivas/vendor/laravel/framework/src/Illuminate/Routing/Router.php(748): Illuminate/Routing/Router->runRoute(Object(Illuminate/Http/Request), Object(Illuminate/Routing/Route))
#10 C:/Users/maria/Proyecto/ApiApuestasDeportivas/ApiApuestasDeportivas/vendor/laravel/framework/src/Illuminate/Routing/Router.php(737): Illuminate/Routing/Router->dispatchToRoute(Object(Illuminate/Http/Request))
#11 C:/Users/maria/Proyecto/ApiApuestasDeportivas/ApiApuestasDeportivas/vendor/laravel/framework/src/Illuminate/Foundation/Http/Kernel.php(200): Illuminate/Routing/Router->dispatch(Object(Illuminate/Http/Request))
#12 C:/Users/maria/Proyecto/ApiApuestasDeportivas/ApiApuestasDeportivas/vendor/laravel/framework/src/Illuminate/Pipeline/Pipeline.php(144): Illuminate/Foundation/Http/Kernel->{closure:Illuminate/Foundation/Http/Kernel::dispatchToRouter():197}(Object(Illuminate/Http/Request))
#13 C:/Users/maria/Proyecto/ApiApuestasDeportivas/ApiApuestasDeportivas/vendor/laravel/framework/src/Illuminate/Foundation/Http/Middleware/TransformsRequest.php(21): Illuminate/Pipeline/Pipeline->{closure:Illuminate/Pipeline/Pipeline::prepareDestination():142}(Object(Illuminate/Http/Request))
#14 C:/Users/maria/Proyecto/ApiApuestasDeportivas/ApiApuestasDeportivas/vendor/laravel/framework/src/Illuminate/Foundation/Http/Middleware/ConvertEmptyStringsToNull.php(31): Illuminate/Foundation/Http/Middleware/TransformsRequest->handle(Object(Illuminate/Http/Request), Object(Closure))
#15 C:/Users/maria/Proyecto/ApiApuestasDeportivas/ApiApuestasDeportivas/vendor/laravel/framework/src/Illuminate/Pipeline/Pipeline.php(183): Illuminate/Foundation/Http/Middleware/ConvertEmptyStringsToNull->handle(Object(Illuminate/Http/Request), Object(Closure))
#16 C:/Users/maria/Proyecto/ApiApuestasDeportivas/ApiApuestasDeportivas/vendor/laravel/framework/src/Illuminate/Foundation/Http/Middleware/TransformsRequest.php(21): Illuminate/Pipeline/Pipeline->{closure:{closure:Illuminate/Pipeline/Pipeline::carry():158}:159}(Object(Illuminate/Http/Request))
#17 C:/Users/maria/Proyecto/ApiApuestasDeportivas/ApiApuestasDeportivas/vendor/laravel/framework/src/Illuminate/Foundation/Http/Middleware/TrimStrings.php(40): Illuminate/Foundation/Http/Middleware/TransformsRequest->handle(Object(Illuminate/Http/Request), Object(Closure))
#18 C:/Users/maria/Proyecto/ApiApuestasDeportivas/ApiApuestasDeportivas/vendor/laravel/framework/src/Illuminate/Pipeline/Pipeline.php(183): Illuminate/Foundation/Http/Middleware/TrimStrings->handle(Object(Illuminate/Http/Request), Object(Closure))
#19 C:/Users/maria/Proyecto/ApiApuestasDeportivas/ApiApuestasDeportivas/vendor/laravel/framework/src/Illuminate/Foundation/Http/Middleware/ValidatePostSize.php(27): Illuminate/Pipeline/Pipeline->{closure:{closure:Illuminate/Pipeline/Pipeline::carry():158}:159}(Object(Illuminate/Http/Request))
#20 C:/Users/maria/Proyecto/ApiApuestasDeportivas/ApiApuestasDeportivas/vendor/laravel/framework/src/Illuminate/Pipeline/Pipeline.php(183): Illuminate/Foundation/Http/Middleware/ValidatePostSize->handle(Object(Illuminate/Http/Request), Object(Closure))
#21 C:/Users/maria/Proyecto/ApiApuestasDeportivas/ApiApuestasDeportivas/vendor/laravel/framework/src/Illuminate/Foundation/Http/Middleware/PreventRequestsDuringMaintenance.php(99): Illuminate/Pipeline/Pipeline->{closure:{closure:Illuminate/Pipeline/Pipeline::carry():158}:159}(Object(Illuminate/Http/Request))
#22 C:/Users/maria/Proyecto/ApiApuestasDeportivas/ApiApuestasDeportivas/vendor/laravel/framework/src/Illuminate/Pipeline/Pipeline.php(183): Illuminate/Foundation/Http/Middleware/PreventRequestsDuringMaintenance->handle(Object(Illuminate/Http/Request), Object(Closure))
#23 C:/Users/maria/Proyecto/ApiApuestasDeportivas/ApiApuestasDeportivas/vendor/laravel/framework/src/Illuminate/Http/Middleware/HandleCors.php(62): Illuminate/Pipeline/Pipeline->{closure:{closure:Illuminate/Pipeline/Pipeline::carry():158}:159}(Object(Illuminate/Http/Request))
#24 C:/Users/maria/Proyecto/ApiApuestasDeportivas/ApiApuestasDeportivas/vendor/laravel/framework/src/Illuminate/Pipeline/Pipeline.php(183): Illuminate/Http/Middleware/HandleCors->handle(Object(Illuminate/Http/Request), Object(Closure))
#25 C:/Users/maria/Proyecto/ApiApuestasDeportivas/ApiApuestasDeportivas/vendor/laravel/framework/src/Illuminate/Http/Middleware/TrustProxies.php(39): Illuminate/Pipeline/Pipeline->{closure:{closure:Illuminate/Pipeline/Pipeline::carry():158}:159}(Object(Illuminate/Http/Request))
#26 C:/Users/maria/Proyecto/ApiApuestasDeportivas/ApiApuestasDeportivas/vendor/laravel/framework/src/Illuminate/Pipeline/Pipeline.php(183): Illuminate/Http/Middleware/TrustProxies->handle(Object(Illuminate/Http/Request), Object(Closure))
#27 C:/Users/maria/Proyecto/ApiApuestasDeportivas/ApiApuestasDeportivas/vendor/laravel/framework/src/Illuminate/Pipeline/Pipeline.php(119): Illuminate/Pipeline/Pipeline->{closure:{closure:Illuminate/Pipeline/Pipeline::carry():158}:159}(Object(Illuminate/Http/Request))
#28 C:/Users/maria/Proyecto/ApiApuestasDeportivas/ApiApuestasDeportivas/vendor/laravel/framework/src/Illuminate/Foundation/Http/Kernel.php(175): Illuminate/Pipeline/Pipeline->then(Object(Closure))
#29 C:/Users/maria/Proyecto/ApiApuestasDeportivas/ApiApuestasDeportivas/vendor/laravel/framework/src/Illuminate/Foundation/Http/Kernel.php(144): Illuminate/Foundation/Http/Kernel->sendRequestThroughRouter(Object(Illuminate/Http/Request))
#30 C:/Users/maria/Proyecto/ApiApuestasDeportivas/ApiApuestasDeportivas/public/index.php(51): Illuminate/Foundation/Http/Kernel->handle(Object(Illuminate/Http/Request))
#31 C:/Users/maria/Proyecto/ApiApuestasDeportivas/ApiApuestasDeportivas/vendor/laravel/framework/src/Illuminate/Foundation/resources/server.php(16): require_once('C://Users//maria//...')
#32 {main}
"} 
[2026-03-14 20:54:38] local.ERROR: Target class [OddBaseController] does not exist. {"userId":1,"exception":"[object] (Illuminate\\Contracts\\Container\\BindingResolutionException(code: 0): Target class [OddBaseController] does not exist. at C:/Users/maria/Proyecto/ApiApuestasDeportivas/ApiApuestasDeportivas/vendor/laravel/framework/src/Illuminate/Container/Container.php:914)
[stacktrace]
#0 C:/Users/maria/Proyecto/ApiApuestasDeportivas/ApiApuestasDeportivas/vendor/laravel/framework/src/Illuminate/Container/Container.php(795): Illuminate/Container/Container->build('OddBaseControll...')
#1 C:/Users/maria/Proyecto/ApiApuestasDeportivas/ApiApuestasDeportivas/vendor/laravel/framework/src/Illuminate/Foundation/Application.php(986): Illuminate/Container/Container->resolve('OddBaseControll...', Array, true)
#2 C:/Users/maria/Proyecto/ApiApuestasDeportivas/ApiApuestasDeportivas/vendor/laravel/framework/src/Illuminate/Container/Container.php(731): Illuminate/Foundation/Application->resolve('OddBaseControll...', Array)
#3 C:/Users/maria/Proyecto/ApiApuestasDeportivas/ApiApuestasDeportivas/vendor/laravel/framework/src/Illuminate/Foundation/Application.php(971): Illuminate/Container/Container->make('OddBaseControll...', Array)
#4 C:/Users/maria/Proyecto/ApiApuestasDeportivas/ApiApuestasDeportivas/vendor/laravel/framework/src/Illuminate/Routing/Route.php(278): Illuminate/Foundation/Application->make('OddBaseControll...')
#5 C:/Users/maria/Proyecto/ApiApuestasDeportivas/ApiApuestasDeportivas/vendor/laravel/framework/src/Illuminate/Routing/Route.php(260): Illuminate/Routing/Route->getController()
#6 C:/Users/maria/Proyecto/ApiApuestasDeportivas/ApiApuestasDeportivas/vendor/laravel/framework/src/Illuminate/Routing/Route.php(205): Illuminate/Routing/Route->runController()
#7 C:/Users/maria/Proyecto/ApiApuestasDeportivas/ApiApuestasDeportivas/vendor/laravel/framework/src/Illuminate/Routing/Router.php(806): Illuminate/Routing/Route->run()
#8 C:/Users/maria/Proyecto/ApiApuestasDeportivas/ApiApuestasDeportivas/vendor/laravel/framework/src/Illuminate/Pipeline/Pipeline.php(144): Illuminate/Routing/Router->{closure:Illuminate/Routing/Router::runRouteWithinStack():805}(Object(Illuminate/Http/Request))
#9 C:/Users/maria/Proyecto/ApiApuestasDeportivas/ApiApuestasDeportivas/vendor/laravel/framework/src/Illuminate/Routing/Middleware/SubstituteBindings.php(50): Illuminate/Pipeline/Pipeline->{closure:Illuminate/Pipeline/Pipeline::prepareDestination():142}(Object(Illuminate/Http/Request))
#10 C:/Users/maria/Proyecto/ApiApuestasDeportivas/ApiApuestasDeportivas/vendor/laravel/framework/src/Illuminate/Pipeline/Pipeline.php(183): Illuminate/Routing/Middleware/SubstituteBindings->handle(Object(Illuminate/Http/Request), Object(Closure))
#11 C:/Users/maria/Proyecto/ApiApuestasDeportivas/ApiApuestasDeportivas/vendor/laravel/framework/src/Illuminate/Routing/Middleware/ThrottleRequests.php(159): Illuminate/Pipeline/Pipeline->{closure:{closure:Illuminate/Pipeline/Pipeline::carry():158}:159}(Object(Illuminate/Http/Request))
#12 C:/Users/maria/Proyecto/ApiApuestasDeportivas/ApiApuestasDeportivas/vendor/laravel/framework/src/Illuminate/Routing/Middleware/ThrottleRequests.php(125): Illuminate/Routing/Middleware/ThrottleRequests->handleRequest(Object(Illuminate/Http/Request), Object(Closure), Array)
#13 C:/Users/maria/Proyecto/ApiApuestasDeportivas/ApiApuestasDeportivas/vendor/laravel/framework/src/Illuminate/Routing/Middleware/ThrottleRequests.php(87): Illuminate/Routing/Middleware/ThrottleRequests->handleRequestUsingNamedLimiter(Object(Illuminate/Http/Request), Object(Closure), 'api', Object(Closure))
#14 C:/Users/maria/Proyecto/ApiApuestasDeportivas/ApiApuestasDeportivas/vendor/laravel/framework/src/Illuminate/Pipeline/Pipeline.php(183): Illuminate/Routing/Middleware/ThrottleRequests->handle(Object(Illuminate/Http/Request), Object(Closure), 'api')
#15 C:/Users/maria/Proyecto/ApiApuestasDeportivas/ApiApuestasDeportivas/vendor/laravel/framework/src/Illuminate/Auth/Middleware/Authenticate.php(57): Illuminate/Pipeline/Pipeline->{closure:{closure:Illuminate/Pipeline/Pipeline::carry():158}:159}(Object(Illuminate/Http/Request))
#16 C:/Users/maria/Proyecto/ApiApuestasDeportivas/ApiApuestasDeportivas/vendor/laravel/framework/src/Illuminate/Pipeline/Pipeline.php(183): Illuminate/Auth/Middleware/Authenticate->handle(Object(Illuminate/Http/Request), Object(Closure), 'api')
#17 C:/Users/maria/Proyecto/ApiApuestasDeportivas/ApiApuestasDeportivas/vendor/laravel/framework/src/Illuminate/Pipeline/Pipeline.php(119): Illuminate/Pipeline/Pipeline->{closure:{closure:Illuminate/Pipeline/Pipeline::carry():158}:159}(Object(Illuminate/Http/Request))
#18 C:/Users/maria/Proyecto/ApiApuestasDeportivas/ApiApuestasDeportivas/vendor/laravel/framework/src/Illuminate/Routing/Router.php(805): Illuminate/Pipeline/Pipeline->then(Object(Closure))
#19 C:/Users/maria/Proyecto/ApiApuestasDeportivas/ApiApuestasDeportivas/vendor/laravel/framework/src/Illuminate/Routing/Router.php(784): Illuminate/Routing/Router->runRouteWithinStack(Object(Illuminate/Routing/Route), Object(Illuminate/Http/Request))
#20 C:/Users/maria/Proyecto/ApiApuestasDeportivas/ApiApuestasDeportivas/vendor/laravel/framework/src/Illuminate/Routing/Router.php(748): Illuminate/Routing/Router->runRoute(Object(Illuminate/Http/Request), Object(Illuminate/Routing/Route))
#21 C:/Users/maria/Proyecto/ApiApuestasDeportivas/ApiApuestasDeportivas/vendor/laravel/framework/src/Illuminate/Routing/Router.php(737): Illuminate/Routing/Router->dispatchToRoute(Object(Illuminate/Http/Request))
#22 C:/Users/maria/Proyecto/ApiApuestasDeportivas/ApiApuestasDeportivas/vendor/laravel/framework/src/Illuminate/Foundation/Http/Kernel.php(200): Illuminate/Routing/Router->dispatch(Object(Illuminate/Http/Request))
#23 C:/Users/maria/Proyecto/ApiApuestasDeportivas/ApiApuestasDeportivas/vendor/laravel/framework/src/Illuminate/Pipeline/Pipeline.php(144): Illuminate/Foundation/Http/Kernel->{closure:Illuminate/Foundation/Http/Kernel::dispatchToRouter():197}(Object(Illuminate/Http/Request))
#24 C:/Users/maria/Proyecto/ApiApuestasDeportivas/ApiApuestasDeportivas/vendor/laravel/framework/src/Illuminate/Foundation/Http/Middleware/TransformsRequest.php(21): Illuminate/Pipeline/Pipeline->{closure:Illuminate/Pipeline/Pipeline::prepareDestination():142}(Object(Illuminate/Http/Request))
#25 C:/Users/maria/Proyecto/ApiApuestasDeportivas/ApiApuestasDeportivas/vendor/laravel/framework/src/Illuminate/Foundation/Http/Middleware/ConvertEmptyStringsToNull.php(31): Illuminate/Foundation/Http/Middleware/TransformsRequest->handle(Object(Illuminate/Http/Request), Object(Closure))
#26 C:/Users/maria/Proyecto/ApiApuestasDeportivas/ApiApuestasDeportivas/vendor/laravel/framework/src/Illuminate/Pipeline/Pipeline.php(183): Illuminate/Foundation/Http/Middleware/ConvertEmptyStringsToNull->handle(Object(Illuminate/Http/Request), Object(Closure))
#27 C:/Users/maria/Proyecto/ApiApuestasDeportivas/ApiApuestasDeportivas/vendor/laravel/framework/src/Illuminate/Foundation/Http/Middleware/TransformsRequest.php(21): Illuminate/Pipeline/Pipeline->{closure:{closure:Illuminate/Pipeline/Pipeline::carry():158}:159}(Object(Illuminate/Http/Request))
#28 C:/Users/maria/Proyecto/ApiApuestasDeportivas/ApiApuestasDeportivas/vendor/laravel/framework/src/Illuminate/Foundation/Http/Middleware/TrimStrings.php(40): Illuminate/Foundation/Http/Middleware/TransformsRequest->handle(Object(Illuminate/Http/Request), Object(Closure))
#29 C:/Users/maria/Proyecto/ApiApuestasDeportivas/ApiApuestasDeportivas/vendor/laravel/framework/src/Illuminate/Pipeline/Pipeline.php(183): Illuminate/Foundation/Http/Middleware/TrimStrings->handle(Object(Illuminate/Http/Request), Object(Closure))
#30 C:/Users/maria/Proyecto/ApiApuestasDeportivas/ApiApuestasDeportivas/vendor/laravel/framework/src/Illuminate/Foundation/Http/Middleware/ValidatePostSize.php(27): Illuminate/Pipeline/Pipeline->{closure:{closure:Illuminate/Pipeline/Pipeline::carry():158}:159}(Object(Illuminate/Http/Request))
#31 C:/Users/maria/Proyecto/ApiApuestasDeportivas/ApiApuestasDeportivas/vendor/laravel/framework/src/Illuminate/Pipeline/Pipeline.php(183): Illuminate/Foundation/Http/Middleware/ValidatePostSize->handle(Object(Illuminate/Http/Request), Object(Closure))
#32 C:/Users/maria/Proyecto/ApiApuestasDeportivas/ApiApuestasDeportivas/vendor/laravel/framework/src/Illuminate/Foundation/Http/Middleware/PreventRequestsDuringMaintenance.php(99): Illuminate/Pipeline/Pipeline->{closure:{closure:Illuminate/Pipeline/Pipeline::carry():158}:159}(Object(Illuminate/Http/Request))
#33 C:/Users/maria/Proyecto/ApiApuestasDeportivas/ApiApuestasDeportivas/vendor/laravel/framework/src/Illuminate/Pipeline/Pipeline.php(183): Illuminate/Foundation/Http/Middleware/PreventRequestsDuringMaintenance->handle(Object(Illuminate/Http/Request), Object(Closure))
#34 C:/Users/maria/Proyecto/ApiApuestasDeportivas/ApiApuestasDeportivas/vendor/laravel/framework/src/Illuminate/Http/Middleware/HandleCors.php(62): Illuminate/Pipeline/Pipeline->{closure:{closure:Illuminate/Pipeline/Pipeline::carry():158}:159}(Object(Illuminate/Http/Request))
#35 C:/Users/maria/Proyecto/ApiApuestasDeportivas/ApiApuestasDeportivas/vendor/laravel/framework/src/Illuminate/Pipeline/Pipeline.php(183): Illuminate/Http/Middleware/HandleCors->handle(Object(Illuminate/Http/Request), Object(Closure))
#36 C:/Users/maria/Proyecto/ApiApuestasDeportivas/ApiApuestasDeportivas/vendor/laravel/framework/src/Illuminate/Http/Middleware/TrustProxies.php(39): Illuminate/Pipeline/Pipeline->{closure:{closure:Illuminate/Pipeline/Pipeline::carry():158}:159}(Object(Illuminate/Http/Request))
#37 C:/Users/maria/Proyecto/ApiApuestasDeportivas/ApiApuestasDeportivas/vendor/laravel/framework/src/Illuminate/Pipeline/Pipeline.php(183): Illuminate/Http/Middleware/TrustProxies->handle(Object(Illuminate/Http/Request), Object(Closure))
#38 C:/Users/maria/Proyecto/ApiApuestasDeportivas/ApiApuestasDeportivas/vendor/laravel/framework/src/Illuminate/Pipeline/Pipeline.php(119): Illuminate/Pipeline/Pipeline->{closure:{closure:Illuminate/Pipeline/Pipeline::carry():158}:159}(Object(Illuminate/Http/Request))
#39 C:/Users/maria/Proyecto/ApiApuestasDeportivas/ApiApuestasDeportivas/vendor/laravel/framework/src/Illuminate/Foundation/Http/Kernel.php(175): Illuminate/Pipeline/Pipeline->then(Object(Closure))
#40 C:/Users/maria/Proyecto/ApiApuestasDeportivas/ApiApuestasDeportivas/vendor/laravel/framework/src/Illuminate/Foundation/Http/Kernel.php(144): Illuminate/Foundation/Http/Kernel->sendRequestThroughRouter(Object(Illuminate/Http/Request))
#41 C:/Users/maria/Proyecto/ApiApuestasDeportivas/ApiApuestasDeportivas/public/index.php(51): Illuminate/Foundation/Http/Kernel->handle(Object(Illuminate/Http/Request))
#42 C:/Users/maria/Proyecto/ApiApuestasDeportivas/ApiApuestasDeportivas/vendor/laravel/framework/src/Illuminate/Foundation/resources/server.php(16): require_once('C://Users//maria//...')
#43 {main}

[previous exception] [object] (ReflectionException(code: -1): Class \"OddBaseController\" does not exist at C:/Users/maria/Proyecto/ApiApuestasDeportivas/ApiApuestasDeportivas/vendor/laravel/framework/src/Illuminate/Container/Container.php:912)
[stacktrace]
#0 C:/Users/maria/Proyecto/ApiApuestasDeportivas/ApiApuestasDeportivas/vendor/laravel/framework/src/Illuminate/Container/Container.php(912): ReflectionClass->__construct('OddBaseControll...')
#1 C:/Users/maria/Proyecto/ApiApuestasDeportivas/ApiApuestasDeportivas/vendor/laravel/framework/src/Illuminate/Container/Container.php(795): Illuminate/Container/Container->build('OddBaseControll...')
#2 C:/Users/maria/Proyecto/ApiApuestasDeportivas/ApiApuestasDeportivas/vendor/laravel/framework/src/Illuminate/Foundation/Application.php(986): Illuminate/Container/Container->resolve('OddBaseControll...', Array, true)
#3 C:/Users/maria/Proyecto/ApiApuestasDeportivas/ApiApuestasDeportivas/vendor/laravel/framework/src/Illuminate/Container/Container.php(731): Illuminate/Foundation/Application->resolve('OddBaseControll...', Array)
#4 C:/Users/maria/Proyecto/ApiApuestasDeportivas/ApiApuestasDeportivas/vendor/laravel/framework/src/Illuminate/Foundation/Application.php(971): Illuminate/Container/Container->make('OddBaseControll...', Array)
#5 C:/Users/maria/Proyecto/ApiApuestasDeportivas/ApiApuestasDeportivas/vendor/laravel/framework/src/Illuminate/Routing/Route.php(278): Illuminate/Foundation/Application->make('OddBaseControll...')
#6 C:/Users/maria/Proyecto/ApiApuestasDeportivas/ApiApuestasDeportivas/vendor/laravel/framework/src/Illuminate/Routing/Route.php(260): Illuminate/Routing/Route->getController()
#7 C:/Users/maria/Proyecto/ApiApuestasDeportivas/ApiApuestasDeportivas/vendor/laravel/framework/src/Illuminate/Routing/Route.php(205): Illuminate/Routing/Route->runController()
#8 C:/Users/maria/Proyecto/ApiApuestasDeportivas/ApiApuestasDeportivas/vendor/laravel/framework/src/Illuminate/Routing/Router.php(806): Illuminate/Routing/Route->run()
#9 C:/Users/maria/Proyecto/ApiApuestasDeportivas/ApiApuestasDeportivas/vendor/laravel/framework/src/Illuminate/Pipeline/Pipeline.php(144): Illuminate/Routing/Router->{closure:Illuminate/Routing/Router::runRouteWithinStack():805}(Object(Illuminate/Http/Request))
#10 C:/Users/maria/Proyecto/ApiApuestasDeportivas/ApiApuestasDeportivas/vendor/laravel/framework/src/Illuminate/Routing/Middleware/SubstituteBindings.php(50): Illuminate/Pipeline/Pipeline->{closure:Illuminate/Pipeline/Pipeline::prepareDestination():142}(Object(Illuminate/Http/Request))
#11 C:/Users/maria/Proyecto/ApiApuestasDeportivas/ApiApuestasDeportivas/vendor/laravel/framework/src/Illuminate/Pipeline/Pipeline.php(183): Illuminate/Routing/Middleware/SubstituteBindings->handle(Object(Illuminate/Http/Request), Object(Closure))
#12 C:/Users/maria/Proyecto/ApiApuestasDeportivas/ApiApuestasDeportivas/vendor/laravel/framework/src/Illuminate/Routing/Middleware/ThrottleRequests.php(159): Illuminate/Pipeline/Pipeline->{closure:{closure:Illuminate/Pipeline/Pipeline::carry():158}:159}(Object(Illuminate/Http/Request))
#13 C:/Users/maria/Proyecto/ApiApuestasDeportivas/ApiApuestasDeportivas/vendor/laravel/framework/src/Illuminate/Routing/Middleware/ThrottleRequests.php(125): Illuminate/Routing/Middleware/ThrottleRequests->handleRequest(Object(Illuminate/Http/Request), Object(Closure), Array)
#14 C:/Users/maria/Proyecto/ApiApuestasDeportivas/ApiApuestasDeportivas/vendor/laravel/framework/src/Illuminate/Routing/Middleware/ThrottleRequests.php(87): Illuminate/Routing/Middleware/ThrottleRequests->handleRequestUsingNamedLimiter(Object(Illuminate/Http/Request), Object(Closure), 'api', Object(Closure))
#15 C:/Users/maria/Proyecto/ApiApuestasDeportivas/ApiApuestasDeportivas/vendor/laravel/framework/src/Illuminate/Pipeline/Pipeline.php(183): Illuminate/Routing/Middleware/ThrottleRequests->handle(Object(Illuminate/Http/Request), Object(Closure), 'api')
#16 C:/Users/maria/Proyecto/ApiApuestasDeportivas/ApiApuestasDeportivas/vendor/laravel/framework/src/Illuminate/Auth/Middleware/Authenticate.php(57): Illuminate/Pipeline/Pipeline->{closure:{closure:Illuminate/Pipeline/Pipeline::carry():158}:159}(Object(Illuminate/Http/Request))
#17 C:/Users/maria/Proyecto/ApiApuestasDeportivas/ApiApuestasDeportivas/vendor/laravel/framework/src/Illuminate/Pipeline/Pipeline.php(183): Illuminate/Auth/Middleware/Authenticate->handle(Object(Illuminate/Http/Request), Object(Closure), 'api')
#18 C:/Users/maria/Proyecto/ApiApuestasDeportivas/ApiApuestasDeportivas/vendor/laravel/framework/src/Illuminate/Pipeline/Pipeline.php(119): Illuminate/Pipeline/Pipeline->{closure:{closure:Illuminate/Pipeline/Pipeline::carry():158}:159}(Object(Illuminate/Http/Request))
#19 C:/Users/maria/Proyecto/ApiApuestasDeportivas/ApiApuestasDeportivas/vendor/laravel/framework/src/Illuminate/Routing/Router.php(805): Illuminate/Pipeline/Pipeline->then(Object(Closure))
#20 C:/Users/maria/Proyecto/ApiApuestasDeportivas/ApiApuestasDeportivas/vendor/laravel/framework/src/Illuminate/Routing/Router.php(784): Illuminate/Routing/Router->runRouteWithinStack(Object(Illuminate/Routing/Route), Object(Illuminate/Http/Request))
#21 C:/Users/maria/Proyecto/ApiApuestasDeportivas/ApiApuestasDeportivas/vendor/laravel/framework/src/Illuminate/Routing/Router.php(748): Illuminate/Routing/Router->runRoute(Object(Illuminate/Http/Request), Object(Illuminate/Routing/Route))
#22 C:/Users/maria/Proyecto/ApiApuestasDeportivas/ApiApuestasDeportivas/vendor/laravel/framework/src/Illuminate/Routing/Router.php(737): Illuminate/Routing/Router->dispatchToRoute(Object(Illuminate/Http/Request))
#23 C:/Users/maria/Proyecto/ApiApuestasDeportivas/ApiApuestasDeportivas/vendor/laravel/framework/src/Illuminate/Foundation/Http/Kernel.php(200): Illuminate/Routing/Router->dispatch(Object(Illuminate/Http/Request))
#24 C:/Users/maria/Proyecto/ApiApuestasDeportivas/ApiApuestasDeportivas/vendor/laravel/framework/src/Illuminate/Pipeline/Pipeline.php(144): Illuminate/Foundation/Http/Kernel->{closure:Illuminate/Foundation/Http/Kernel::dispatchToRouter():197}(Object(Illuminate/Http/Request))
#25 C:/Users/maria/Proyecto/ApiApuestasDeportivas/ApiApuestasDeportivas/vendor/laravel/framework/src/Illuminate/Foundation/Http/Middleware/TransformsRequest.php(21): Illuminate/Pipeline/Pipeline->{closure:Illuminate/Pipeline/Pipeline::prepareDestination():142}(Object(Illuminate/Http/Request))
#26 C:/Users/maria/Proyecto/ApiApuestasDeportivas/ApiApuestasDeportivas/vendor/laravel/framework/src/Illuminate/Foundation/Http/Middleware/ConvertEmptyStringsToNull.php(31): Illuminate/Foundation/Http/Middleware/TransformsRequest->handle(Object(Illuminate/Http/Request), Object(Closure))
#27 C:/Users/maria/Proyecto/ApiApuestasDeportivas/ApiApuestasDeportivas/vendor/laravel/framework/src/Illuminate/Pipeline/Pipeline.php(183): Illuminate/Foundation/Http/Middleware/ConvertEmptyStringsToNull->handle(Object(Illuminate/Http/Request), Object(Closure))
#28 C:/Users/maria/Proyecto/ApiApuestasDeportivas/ApiApuestasDeportivas/vendor/laravel/framework/src/Illuminate/Foundation/Http/Middleware/TransformsRequest.php(21): Illuminate/Pipeline/Pipeline->{closure:{closure:Illuminate/Pipeline/Pipeline::carry():158}:159}(Object(Illuminate/Http/Request))
#29 C:/Users/maria/Proyecto/ApiApuestasDeportivas/ApiApuestasDeportivas/vendor/laravel/framework/src/Illuminate/Foundation/Http/Middleware/TrimStrings.php(40): Illuminate/Foundation/Http/Middleware/TransformsRequest->handle(Object(Illuminate/Http/Request), Object(Closure))
#30 C:/Users/maria/Proyecto/ApiApuestasDeportivas/ApiApuestasDeportivas/vendor/laravel/framework/src/Illuminate/Pipeline/Pipeline.php(183): Illuminate/Foundation/Http/Middleware/TrimStrings->handle(Object(Illuminate/Http/Request), Object(Closure))
#31 C:/Users/maria/Proyecto/ApiApuestasDeportivas/ApiApuestasDeportivas/vendor/laravel/framework/src/Illuminate/Foundation/Http/Middleware/ValidatePostSize.php(27): Illuminate/Pipeline/Pipeline->{closure:{closure:Illuminate/Pipeline/Pipeline::carry():158}:159}(Object(Illuminate/Http/Request))
#32 C:/Users/maria/Proyecto/ApiApuestasDeportivas/ApiApuestasDeportivas/vendor/laravel/framework/src/Illuminate/Pipeline/Pipeline.php(183): Illuminate/Foundation/Http/Middleware/ValidatePostSize->handle(Object(Illuminate/Http/Request), Object(Closure))
#33 C:/Users/maria/Proyecto/ApiApuestasDeportivas/ApiApuestasDeportivas/vendor/laravel/framework/src/Illuminate/Foundation/Http/Middleware/PreventRequestsDuringMaintenance.php(99): Illuminate/Pipeline/Pipeline->{closure:{closure:Illuminate/Pipeline/Pipeline::carry():158}:159}(Object(Illuminate/Http/Request))
#34 C:/Users/maria/Proyecto/ApiApuestasDeportivas/ApiApuestasDeportivas/vendor/laravel/framework/src/Illuminate/Pipeline/Pipeline.php(183): Illuminate/Foundation/Http/Middleware/PreventRequestsDuringMaintenance->handle(Object(Illuminate/Http/Request), Object(Closure))
#35 C:/Users/maria/Proyecto/ApiApuestasDeportivas/ApiApuestasDeportivas/vendor/laravel/framework/src/Illuminate/Http/Middleware/HandleCors.php(62): Illuminate/Pipeline/Pipeline->{closure:{closure:Illuminate/Pipeline/Pipeline::carry():158}:159}(Object(Illuminate/Http/Request))
#36 C:/Users/maria/Proyecto/ApiApuestasDeportivas/ApiApuestasDeportivas/vendor/laravel/framework/src/Illuminate/Pipeline/Pipeline.php(183): Illuminate/Http/Middleware/HandleCors->handle(Object(Illuminate/Http/Request), Object(Closure))
#37 C:/Users/maria/Proyecto/ApiApuestasDeportivas/ApiApuestasDeportivas/vendor/laravel/framework/src/Illuminate/Http/Middleware/TrustProxies.php(39): Illuminate/Pipeline/Pipeline->{closure:{closure:Illuminate/Pipeline/Pipeline::carry():158}:159}(Object(Illuminate/Http/Request))
#38 C:/Users/maria/Proyecto/ApiApuestasDeportivas/ApiApuestasDeportivas/vendor/laravel/framework/src/Illuminate/Pipeline/Pipeline.php(183): Illuminate/Http/Middleware/TrustProxies->handle(Object(Illuminate/Http/Request), Object(Closure))
#39 C:/Users/maria/Proyecto/ApiApuestasDeportivas/ApiApuestasDeportivas/vendor/laravel/framework/src/Illuminate/Pipeline/Pipeline.php(119): Illuminate/Pipeline/Pipeline->{closure:{closure:Illuminate/Pipeline/Pipeline::carry():158}:159}(Object(Illuminate/Http/Request))
#40 C:/Users/maria/Proyecto/ApiApuestasDeportivas/ApiApuestasDeportivas/vendor/laravel/framework/src/Illuminate/Foundation/Http/Kernel.php(175): Illuminate/Pipeline/Pipeline->then(Object(Closure))
#41 C:/Users/maria/Proyecto/ApiApuestasDeportivas/ApiApuestasDeportivas/vendor/laravel/framework/src/Illuminate/Foundation/Http/Kernel.php(144): Illuminate/Foundation/Http/Kernel->sendRequestThroughRouter(Object(Illuminate/Http/Request))
#42 C:/Users/maria/Proyecto/ApiApuestasDeportivas/ApiApuestasDeportivas/public/index.php(51): Illuminate/Foundation/Http/Kernel->handle(Object(Illuminate/Http/Request))
#43 C:/Users/maria/Proyecto/ApiApuestasDeportivas/ApiApuestasDeportivas/vendor/laravel/framework/src/Illuminate/Foundation/resources/server.php(16): require_once('C://Users//maria//...')
#44 {main}
"} 
[2026-03-14 20:57:52] local.ERROR: Target class [OddBaseController] does not exist. {"userId":1,"exception":"[object] (Illuminate\\Contracts\\Container\\BindingResolutionException(code: 0): Target class [OddBaseController] does not exist. at C:/Users/maria/Proyecto/ApiApuestasDeportivas/ApiApuestasDeportivas/vendor/laravel/framework/src/Illuminate/Container/Container.php:914)
[stacktrace]
#0 C:/Users/maria/Proyecto/ApiApuestasDeportivas/ApiApuestasDeportivas/vendor/laravel/framework/src/Illuminate/Container/Container.php(795): Illuminate/Container/Container->build('OddBaseControll...')
#1 C:/Users/maria/Proyecto/ApiApuestasDeportivas/ApiApuestasDeportivas/vendor/laravel/framework/src/Illuminate/Foundation/Application.php(986): Illuminate/Container/Container->resolve('OddBaseControll...', Array, true)
#2 C:/Users/maria/Proyecto/ApiApuestasDeportivas/ApiApuestasDeportivas/vendor/laravel/framework/src/Illuminate/Container/Container.php(731): Illuminate/Foundation/Application->resolve('OddBaseControll...', Array)
#3 C:/Users/maria/Proyecto/ApiApuestasDeportivas/ApiApuestasDeportivas/vendor/laravel/framework/src/Illuminate/Foundation/Application.php(971): Illuminate/Container/Container->make('OddBaseControll...', Array)
#4 C:/Users/maria/Proyecto/ApiApuestasDeportivas/ApiApuestasDeportivas/vendor/laravel/framework/src/Illuminate/Routing/Route.php(278): Illuminate/Foundation/Application->make('OddBaseControll...')
#5 C:/Users/maria/Proyecto/ApiApuestasDeportivas/ApiApuestasDeportivas/vendor/laravel/framework/src/Illuminate/Routing/Route.php(260): Illuminate/Routing/Route->getController()
#6 C:/Users/maria/Proyecto/ApiApuestasDeportivas/ApiApuestasDeportivas/vendor/laravel/framework/src/Illuminate/Routing/Route.php(205): Illuminate/Routing/Route->runController()
#7 C:/Users/maria/Proyecto/ApiApuestasDeportivas/ApiApuestasDeportivas/vendor/laravel/framework/src/Illuminate/Routing/Router.php(806): Illuminate/Routing/Route->run()
#8 C:/Users/maria/Proyecto/ApiApuestasDeportivas/ApiApuestasDeportivas/vendor/laravel/framework/src/Illuminate/Pipeline/Pipeline.php(144): Illuminate/Routing/Router->{closure:Illuminate/Routing/Router::runRouteWithinStack():805}(Object(Illuminate/Http/Request))
#9 C:/Users/maria/Proyecto/ApiApuestasDeportivas/ApiApuestasDeportivas/vendor/laravel/framework/src/Illuminate/Routing/Middleware/SubstituteBindings.php(50): Illuminate/Pipeline/Pipeline->{closure:Illuminate/Pipeline/Pipeline::prepareDestination():142}(Object(Illuminate/Http/Request))
#10 C:/Users/maria/Proyecto/ApiApuestasDeportivas/ApiApuestasDeportivas/vendor/laravel/framework/src/Illuminate/Pipeline/Pipeline.php(183): Illuminate/Routing/Middleware/SubstituteBindings->handle(Object(Illuminate/Http/Request), Object(Closure))
#11 C:/Users/maria/Proyecto/ApiApuestasDeportivas/ApiApuestasDeportivas/vendor/laravel/framework/src/Illuminate/Routing/Middleware/ThrottleRequests.php(159): Illuminate/Pipeline/Pipeline->{closure:{closure:Illuminate/Pipeline/Pipeline::carry():158}:159}(Object(Illuminate/Http/Request))
#12 C:/Users/maria/Proyecto/ApiApuestasDeportivas/ApiApuestasDeportivas/vendor/laravel/framework/src/Illuminate/Routing/Middleware/ThrottleRequests.php(125): Illuminate/Routing/Middleware/ThrottleRequests->handleRequest(Object(Illuminate/Http/Request), Object(Closure), Array)
#13 C:/Users/maria/Proyecto/ApiApuestasDeportivas/ApiApuestasDeportivas/vendor/laravel/framework/src/Illuminate/Routing/Middleware/ThrottleRequests.php(87): Illuminate/Routing/Middleware/ThrottleRequests->handleRequestUsingNamedLimiter(Object(Illuminate/Http/Request), Object(Closure), 'api', Object(Closure))
#14 C:/Users/maria/Proyecto/ApiApuestasDeportivas/ApiApuestasDeportivas/vendor/laravel/framework/src/Illuminate/Pipeline/Pipeline.php(183): Illuminate/Routing/Middleware/ThrottleRequests->handle(Object(Illuminate/Http/Request), Object(Closure), 'api')
#15 C:/Users/maria/Proyecto/ApiApuestasDeportivas/ApiApuestasDeportivas/vendor/laravel/framework/src/Illuminate/Auth/Middleware/Authenticate.php(57): Illuminate/Pipeline/Pipeline->{closure:{closure:Illuminate/Pipeline/Pipeline::carry():158}:159}(Object(Illuminate/Http/Request))
#16 C:/Users/maria/Proyecto/ApiApuestasDeportivas/ApiApuestasDeportivas/vendor/laravel/framework/src/Illuminate/Pipeline/Pipeline.php(183): Illuminate/Auth/Middleware/Authenticate->handle(Object(Illuminate/Http/Request), Object(Closure), 'api')
#17 C:/Users/maria/Proyecto/ApiApuestasDeportivas/ApiApuestasDeportivas/vendor/laravel/framework/src/Illuminate/Pipeline/Pipeline.php(119): Illuminate/Pipeline/Pipeline->{closure:{closure:Illuminate/Pipeline/Pipeline::carry():158}:159}(Object(Illuminate/Http/Request))
#18 C:/Users/maria/Proyecto/ApiApuestasDeportivas/ApiApuestasDeportivas/vendor/laravel/framework/src/Illuminate/Routing/Router.php(805): Illuminate/Pipeline/Pipeline->then(Object(Closure))
#19 C:/Users/maria/Proyecto/ApiApuestasDeportivas/ApiApuestasDeportivas/vendor/laravel/framework/src/Illuminate/Routing/Router.php(784): Illuminate/Routing/Router->runRouteWithinStack(Object(Illuminate/Routing/Route), Object(Illuminate/Http/Request))
#20 C:/Users/maria/Proyecto/ApiApuestasDeportivas/ApiApuestasDeportivas/vendor/laravel/framework/src/Illuminate/Routing/Router.php(748): Illuminate/Routing/Router->runRoute(Object(Illuminate/Http/Request), Object(Illuminate/Routing/Route))
#21 C:/Users/maria/Proyecto/ApiApuestasDeportivas/ApiApuestasDeportivas/vendor/laravel/framework/src/Illuminate/Routing/Router.php(737): Illuminate/Routing/Router->dispatchToRoute(Object(Illuminate/Http/Request))
#22 C:/Users/maria/Proyecto/ApiApuestasDeportivas/ApiApuestasDeportivas/vendor/laravel/framework/src/Illuminate/Foundation/Http/Kernel.php(200): Illuminate/Routing/Router->dispatch(Object(Illuminate/Http/Request))
#23 C:/Users/maria/Proyecto/ApiApuestasDeportivas/ApiApuestasDeportivas/vendor/laravel/framework/src/Illuminate/Pipeline/Pipeline.php(144): Illuminate/Foundation/Http/Kernel->{closure:Illuminate/Foundation/Http/Kernel::dispatchToRouter():197}(Object(Illuminate/Http/Request))
#24 C:/Users/maria/Proyecto/ApiApuestasDeportivas/ApiApuestasDeportivas/vendor/laravel/framework/src/Illuminate/Foundation/Http/Middleware/TransformsRequest.php(21): Illuminate/Pipeline/Pipeline->{closure:Illuminate/Pipeline/Pipeline::prepareDestination():142}(Object(Illuminate/Http/Request))
#25 C:/Users/maria/Proyecto/ApiApuestasDeportivas/ApiApuestasDeportivas/vendor/laravel/framework/src/Illuminate/Foundation/Http/Middleware/ConvertEmptyStringsToNull.php(31): Illuminate/Foundation/Http/Middleware/TransformsRequest->handle(Object(Illuminate/Http/Request), Object(Closure))
#26 C:/Users/maria/Proyecto/ApiApuestasDeportivas/ApiApuestasDeportivas/vendor/laravel/framework/src/Illuminate/Pipeline/Pipeline.php(183): Illuminate/Foundation/Http/Middleware/ConvertEmptyStringsToNull->handle(Object(Illuminate/Http/Request), Object(Closure))
#27 C:/Users/maria/Proyecto/ApiApuestasDeportivas/ApiApuestasDeportivas/vendor/laravel/framework/src/Illuminate/Foundation/Http/Middleware/TransformsRequest.php(21): Illuminate/Pipeline/Pipeline->{closure:{closure:Illuminate/Pipeline/Pipeline::carry():158}:159}(Object(Illuminate/Http/Request))
#28 C:/Users/maria/Proyecto/ApiApuestasDeportivas/ApiApuestasDeportivas/vendor/laravel/framework/src/Illuminate/Foundation/Http/Middleware/TrimStrings.php(40): Illuminate/Foundation/Http/Middleware/TransformsRequest->handle(Object(Illuminate/Http/Request), Object(Closure))
#29 C:/Users/maria/Proyecto/ApiApuestasDeportivas/ApiApuestasDeportivas/vendor/laravel/framework/src/Illuminate/Pipeline/Pipeline.php(183): Illuminate/Foundation/Http/Middleware/TrimStrings->handle(Object(Illuminate/Http/Request), Object(Closure))
#30 C:/Users/maria/Proyecto/ApiApuestasDeportivas/ApiApuestasDeportivas/vendor/laravel/framework/src/Illuminate/Foundation/Http/Middleware/ValidatePostSize.php(27): Illuminate/Pipeline/Pipeline->{closure:{closure:Illuminate/Pipeline/Pipeline::carry():158}:159}(Object(Illuminate/Http/Request))
#31 C:/Users/maria/Proyecto/ApiApuestasDeportivas/ApiApuestasDeportivas/vendor/laravel/framework/src/Illuminate/Pipeline/Pipeline.php(183): Illuminate/Foundation/Http/Middleware/ValidatePostSize->handle(Object(Illuminate/Http/Request), Object(Closure))
#32 C:/Users/maria/Proyecto/ApiApuestasDeportivas/ApiApuestasDeportivas/vendor/laravel/framework/src/Illuminate/Foundation/Http/Middleware/PreventRequestsDuringMaintenance.php(99): Illuminate/Pipeline/Pipeline->{closure:{closure:Illuminate/Pipeline/Pipeline::carry():158}:159}(Object(Illuminate/Http/Request))
#33 C:/Users/maria/Proyecto/ApiApuestasDeportivas/ApiApuestasDeportivas/vendor/laravel/framework/src/Illuminate/Pipeline/Pipeline.php(183): Illuminate/Foundation/Http/Middleware/PreventRequestsDuringMaintenance->handle(Object(Illuminate/Http/Request), Object(Closure))
#34 C:/Users/maria/Proyecto/ApiApuestasDeportivas/ApiApuestasDeportivas/vendor/laravel/framework/src/Illuminate/Http/Middleware/HandleCors.php(62): Illuminate/Pipeline/Pipeline->{closure:{closure:Illuminate/Pipeline/Pipeline::carry():158}:159}(Object(Illuminate/Http/Request))
#35 C:/Users/maria/Proyecto/ApiApuestasDeportivas/ApiApuestasDeportivas/vendor/laravel/framework/src/Illuminate/Pipeline/Pipeline.php(183): Illuminate/Http/Middleware/HandleCors->handle(Object(Illuminate/Http/Request), Object(Closure))
#36 C:/Users/maria/Proyecto/ApiApuestasDeportivas/ApiApuestasDeportivas/vendor/laravel/framework/src/Illuminate/Http/Middleware/TrustProxies.php(39): Illuminate/Pipeline/Pipeline->{closure:{closure:Illuminate/Pipeline/Pipeline::carry():158}:159}(Object(Illuminate/Http/Request))
#37 C:/Users/maria/Proyecto/ApiApuestasDeportivas/ApiApuestasDeportivas/vendor/laravel/framework/src/Illuminate/Pipeline/Pipeline.php(183): Illuminate/Http/Middleware/TrustProxies->handle(Object(Illuminate/Http/Request), Object(Closure))
#38 C:/Users/maria/Proyecto/ApiApuestasDeportivas/ApiApuestasDeportivas/vendor/laravel/framework/src/Illuminate/Pipeline/Pipeline.php(119): Illuminate/Pipeline/Pipeline->{closure:{closure:Illuminate/Pipeline/Pipeline::carry():158}:159}(Object(Illuminate/Http/Request))
#39 C:/Users/maria/Proyecto/ApiApuestasDeportivas/ApiApuestasDeportivas/vendor/laravel/framework/src/Illuminate/Foundation/Http/Kernel.php(175): Illuminate/Pipeline/Pipeline->then(Object(Closure))
#40 C:/Users/maria/Proyecto/ApiApuestasDeportivas/ApiApuestasDeportivas/vendor/laravel/framework/src/Illuminate/Foundation/Http/Kernel.php(144): Illuminate/Foundation/Http/Kernel->sendRequestThroughRouter(Object(Illuminate/Http/Request))
#41 C:/Users/maria/Proyecto/ApiApuestasDeportivas/ApiApuestasDeportivas/public/index.php(51): Illuminate/Foundation/Http/Kernel->handle(Object(Illuminate/Http/Request))
#42 C:/Users/maria/Proyecto/ApiApuestasDeportivas/ApiApuestasDeportivas/vendor/laravel/framework/src/Illuminate/Foundation/resources/server.php(16): require_once('C://Users//maria//...')
#43 {main}

[previous exception] [object] (ReflectionException(code: -1): Class \"OddBaseController\" does not exist at C:/Users/maria/Proyecto/ApiApuestasDeportivas/ApiApuestasDeportivas/vendor/laravel/framework/src/Illuminate/Container/Container.php:912)
[stacktrace]
#0 C:/Users/maria/Proyecto/ApiApuestasDeportivas/ApiApuestasDeportivas/vendor/laravel/framework/src/Illuminate/Container/Container.php(912): ReflectionClass->__construct('OddBaseControll...')
#1 C:/Users/maria/Proyecto/ApiApuestasDeportivas/ApiApuestasDeportivas/vendor/laravel/framework/src/Illuminate/Container/Container.php(795): Illuminate/Container/Container->build('OddBaseControll...')
#2 C:/Users/maria/Proyecto/ApiApuestasDeportivas/ApiApuestasDeportivas/vendor/laravel/framework/src/Illuminate/Foundation/Application.php(986): Illuminate/Container/Container->resolve('OddBaseControll...', Array, true)
#3 C:/Users/maria/Proyecto/ApiApuestasDeportivas/ApiApuestasDeportivas/vendor/laravel/framework/src/Illuminate/Container/Container.php(731): Illuminate/Foundation/Application->resolve('OddBaseControll...', Array)
#4 C:/Users/maria/Proyecto/ApiApuestasDeportivas/ApiApuestasDeportivas/vendor/laravel/framework/src/Illuminate/Foundation/Application.php(971): Illuminate/Container/Container->make('OddBaseControll...', Array)
#5 C:/Users/maria/Proyecto/ApiApuestasDeportivas/ApiApuestasDeportivas/vendor/laravel/framework/src/Illuminate/Routing/Route.php(278): Illuminate/Foundation/Application->make('OddBaseControll...')
#6 C:/Users/maria/Proyecto/ApiApuestasDeportivas/ApiApuestasDeportivas/vendor/laravel/framework/src/Illuminate/Routing/Route.php(260): Illuminate/Routing/Route->getController()
#7 C:/Users/maria/Proyecto/ApiApuestasDeportivas/ApiApuestasDeportivas/vendor/laravel/framework/src/Illuminate/Routing/Route.php(205): Illuminate/Routing/Route->runController()
#8 C:/Users/maria/Proyecto/ApiApuestasDeportivas/ApiApuestasDeportivas/vendor/laravel/framework/src/Illuminate/Routing/Router.php(806): Illuminate/Routing/Route->run()
#9 C:/Users/maria/Proyecto/ApiApuestasDeportivas/ApiApuestasDeportivas/vendor/laravel/framework/src/Illuminate/Pipeline/Pipeline.php(144): Illuminate/Routing/Router->{closure:Illuminate/Routing/Router::runRouteWithinStack():805}(Object(Illuminate/Http/Request))
#10 C:/Users/maria/Proyecto/ApiApuestasDeportivas/ApiApuestasDeportivas/vendor/laravel/framework/src/Illuminate/Routing/Middleware/SubstituteBindings.php(50): Illuminate/Pipeline/Pipeline->{closure:Illuminate/Pipeline/Pipeline::prepareDestination():142}(Object(Illuminate/Http/Request))
#11 C:/Users/maria/Proyecto/ApiApuestasDeportivas/ApiApuestasDeportivas/vendor/laravel/framework/src/Illuminate/Pipeline/Pipeline.php(183): Illuminate/Routing/Middleware/SubstituteBindings->handle(Object(Illuminate/Http/Request), Object(Closure))
#12 C:/Users/maria/Proyecto/ApiApuestasDeportivas/ApiApuestasDeportivas/vendor/laravel/framework/src/Illuminate/Routing/Middleware/ThrottleRequests.php(159): Illuminate/Pipeline/Pipeline->{closure:{closure:Illuminate/Pipeline/Pipeline::carry():158}:159}(Object(Illuminate/Http/Request))
#13 C:/Users/maria/Proyecto/ApiApuestasDeportivas/ApiApuestasDeportivas/vendor/laravel/framework/src/Illuminate/Routing/Middleware/ThrottleRequests.php(125): Illuminate/Routing/Middleware/ThrottleRequests->handleRequest(Object(Illuminate/Http/Request), Object(Closure), Array)
#14 C:/Users/maria/Proyecto/ApiApuestasDeportivas/ApiApuestasDeportivas/vendor/laravel/framework/src/Illuminate/Routing/Middleware/ThrottleRequests.php(87): Illuminate/Routing/Middleware/ThrottleRequests->handleRequestUsingNamedLimiter(Object(Illuminate/Http/Request), Object(Closure), 'api', Object(Closure))
#15 C:/Users/maria/Proyecto/ApiApuestasDeportivas/ApiApuestasDeportivas/vendor/laravel/framework/src/Illuminate/Pipeline/Pipeline.php(183): Illuminate/Routing/Middleware/ThrottleRequests->handle(Object(Illuminate/Http/Request), Object(Closure), 'api')
#16 C:/Users/maria/Proyecto/ApiApuestasDeportivas/ApiApuestasDeportivas/vendor/laravel/framework/src/Illuminate/Auth/Middleware/Authenticate.php(57): Illuminate/Pipeline/Pipeline->{closure:{closure:Illuminate/Pipeline/Pipeline::carry():158}:159}(Object(Illuminate/Http/Request))
#17 C:/Users/maria/Proyecto/ApiApuestasDeportivas/ApiApuestasDeportivas/vendor/laravel/framework/src/Illuminate/Pipeline/Pipeline.php(183): Illuminate/Auth/Middleware/Authenticate->handle(Object(Illuminate/Http/Request), Object(Closure), 'api')
#18 C:/Users/maria/Proyecto/ApiApuestasDeportivas/ApiApuestasDeportivas/vendor/laravel/framework/src/Illuminate/Pipeline/Pipeline.php(119): Illuminate/Pipeline/Pipeline->{closure:{closure:Illuminate/Pipeline/Pipeline::carry():158}:159}(Object(Illuminate/Http/Request))
#19 C:/Users/maria/Proyecto/ApiApuestasDeportivas/ApiApuestasDeportivas/vendor/laravel/framework/src/Illuminate/Routing/Router.php(805): Illuminate/Pipeline/Pipeline->then(Object(Closure))
#20 C:/Users/maria/Proyecto/ApiApuestasDeportivas/ApiApuestasDeportivas/vendor/laravel/framework/src/Illuminate/Routing/Router.php(784): Illuminate/Routing/Router->runRouteWithinStack(Object(Illuminate/Routing/Route), Object(Illuminate/Http/Request))
#21 C:/Users/maria/Proyecto/ApiApuestasDeportivas/ApiApuestasDeportivas/vendor/laravel/framework/src/Illuminate/Routing/Router.php(748): Illuminate/Routing/Router->runRoute(Object(Illuminate/Http/Request), Object(Illuminate/Routing/Route))
#22 C:/Users/maria/Proyecto/ApiApuestasDeportivas/ApiApuestasDeportivas/vendor/laravel/framework/src/Illuminate/Routing/Router.php(737): Illuminate/Routing/Router->dispatchToRoute(Object(Illuminate/Http/Request))
#23 C:/Users/maria/Proyecto/ApiApuestasDeportivas/ApiApuestasDeportivas/vendor/laravel/framework/src/Illuminate/Foundation/Http/Kernel.php(200): Illuminate/Routing/Router->dispatch(Object(Illuminate/Http/Request))
#24 C:/Users/maria/Proyecto/ApiApuestasDeportivas/ApiApuestasDeportivas/vendor/laravel/framework/src/Illuminate/Pipeline/Pipeline.php(144): Illuminate/Foundation/Http/Kernel->{closure:Illuminate/Foundation/Http/Kernel::dispatchToRouter():197}(Object(Illuminate/Http/Request))
#25 C:/Users/maria/Proyecto/ApiApuestasDeportivas/ApiApuestasDeportivas/vendor/laravel/framework/src/Illuminate/Foundation/Http/Middleware/TransformsRequest.php(21): Illuminate/Pipeline/Pipeline->{closure:Illuminate/Pipeline/Pipeline::prepareDestination():142}(Object(Illuminate/Http/Request))
#26 C:/Users/maria/Proyecto/ApiApuestasDeportivas/ApiApuestasDeportivas/vendor/laravel/framework/src/Illuminate/Foundation/Http/Middleware/ConvertEmptyStringsToNull.php(31): Illuminate/Foundation/Http/Middleware/TransformsRequest->handle(Object(Illuminate/Http/Request), Object(Closure))
#27 C:/Users/maria/Proyecto/ApiApuestasDeportivas/ApiApuestasDeportivas/vendor/laravel/framework/src/Illuminate/Pipeline/Pipeline.php(183): Illuminate/Foundation/Http/Middleware/ConvertEmptyStringsToNull->handle(Object(Illuminate/Http/Request), Object(Closure))
#28 C:/Users/maria/Proyecto/ApiApuestasDeportivas/ApiApuestasDeportivas/vendor/laravel/framework/src/Illuminate/Foundation/Http/Middleware/TransformsRequest.php(21): Illuminate/Pipeline/Pipeline->{closure:{closure:Illuminate/Pipeline/Pipeline::carry():158}:159}(Object(Illuminate/Http/Request))
#29 C:/Users/maria/Proyecto/ApiApuestasDeportivas/ApiApuestasDeportivas/vendor/laravel/framework/src/Illuminate/Foundation/Http/Middleware/TrimStrings.php(40): Illuminate/Foundation/Http/Middleware/TransformsRequest->handle(Object(Illuminate/Http/Request), Object(Closure))
#30 C:/Users/maria/Proyecto/ApiApuestasDeportivas/ApiApuestasDeportivas/vendor/laravel/framework/src/Illuminate/Pipeline/Pipeline.php(183): Illuminate/Foundation/Http/Middleware/TrimStrings->handle(Object(Illuminate/Http/Request), Object(Closure))
#31 C:/Users/maria/Proyecto/ApiApuestasDeportivas/ApiApuestasDeportivas/vendor/laravel/framework/src/Illuminate/Foundation/Http/Middleware/ValidatePostSize.php(27): Illuminate/Pipeline/Pipeline->{closure:{closure:Illuminate/Pipeline/Pipeline::carry():158}:159}(Object(Illuminate/Http/Request))
#32 C:/Users/maria/Proyecto/ApiApuestasDeportivas/ApiApuestasDeportivas/vendor/laravel/framework/src/Illuminate/Pipeline/Pipeline.php(183): Illuminate/Foundation/Http/Middleware/ValidatePostSize->handle(Object(Illuminate/Http/Request), Object(Closure))
#33 C:/Users/maria/Proyecto/ApiApuestasDeportivas/ApiApuestasDeportivas/vendor/laravel/framework/src/Illuminate/Foundation/Http/Middleware/PreventRequestsDuringMaintenance.php(99): Illuminate/Pipeline/Pipeline->{closure:{closure:Illuminate/Pipeline/Pipeline::carry():158}:159}(Object(Illuminate/Http/Request))
#34 C:/Users/maria/Proyecto/ApiApuestasDeportivas/ApiApuestasDeportivas/vendor/laravel/framework/src/Illuminate/Pipeline/Pipeline.php(183): Illuminate/Foundation/Http/Middleware/PreventRequestsDuringMaintenance->handle(Object(Illuminate/Http/Request), Object(Closure))
#35 C:/Users/maria/Proyecto/ApiApuestasDeportivas/ApiApuestasDeportivas/vendor/laravel/framework/src/Illuminate/Http/Middleware/HandleCors.php(62): Illuminate/Pipeline/Pipeline->{closure:{closure:Illuminate/Pipeline/Pipeline::carry():158}:159}(Object(Illuminate/Http/Request))
#36 C:/Users/maria/Proyecto/ApiApuestasDeportivas/ApiApuestasDeportivas/vendor/laravel/framework/src/Illuminate/Pipeline/Pipeline.php(183): Illuminate/Http/Middleware/HandleCors->handle(Object(Illuminate/Http/Request), Object(Closure))
#37 C:/Users/maria/Proyecto/ApiApuestasDeportivas/ApiApuestasDeportivas/vendor/laravel/framework/src/Illuminate/Http/Middleware/TrustProxies.php(39): Illuminate/Pipeline/Pipeline->{closure:{closure:Illuminate/Pipeline/Pipeline::carry():158}:159}(Object(Illuminate/Http/Request))
#38 C:/Users/maria/Proyecto/ApiApuestasDeportivas/ApiApuestasDeportivas/vendor/laravel/framework/src/Illuminate/Pipeline/Pipeline.php(183): Illuminate/Http/Middleware/TrustProxies->handle(Object(Illuminate/Http/Request), Object(Closure))
#39 C:/Users/maria/Proyecto/ApiApuestasDeportivas/ApiApuestasDeportivas/vendor/laravel/framework/src/Illuminate/Pipeline/Pipeline.php(119): Illuminate/Pipeline/Pipeline->{closure:{closure:Illuminate/Pipeline/Pipeline::carry():158}:159}(Object(Illuminate/Http/Request))
#40 C:/Users/maria/Proyecto/ApiApuestasDeportivas/ApiApuestasDeportivas/vendor/laravel/framework/src/Illuminate/Foundation/Http/Kernel.php(175): Illuminate/Pipeline/Pipeline->then(Object(Closure))
#41 C:/Users/maria/Proyecto/ApiApuestasDeportivas/ApiApuestasDeportivas/vendor/laravel/framework/src/Illuminate/Foundation/Http/Kernel.php(144): Illuminate/Foundation/Http/Kernel->sendRequestThroughRouter(Object(Illuminate/Http/Request))
#42 C:/Users/maria/Proyecto/ApiApuestasDeportivas/ApiApuestasDeportivas/public/index.php(51): Illuminate/Foundation/Http/Kernel->handle(Object(Illuminate/Http/Request))
#43 C:/Users/maria/Proyecto/ApiApuestasDeportivas/ApiApuestasDeportivas/vendor/laravel/framework/src/Illuminate/Foundation/resources/server.php(16): require_once('C://Users//maria//...')
#44 {main}
"} 
[2026-03-14 21:00:09] local.ERROR: Target class [OddController] does not exist. {"userId":1,"exception":"[object] (Illuminate\\Contracts\\Container\\BindingResolutionException(code: 0): Target class [OddController] does not exist. at C:/Users/maria/Proyecto/ApiApuestasDeportivas/ApiApuestasDeportivas/vendor/laravel/framework/src/Illuminate/Container/Container.php:914)
[stacktrace]
#0 C:/Users/maria/Proyecto/ApiApuestasDeportivas/ApiApuestasDeportivas/vendor/laravel/framework/src/Illuminate/Container/Container.php(795): Illuminate/Container/Container->build('OddController')
#1 C:/Users/maria/Proyecto/ApiApuestasDeportivas/ApiApuestasDeportivas/vendor/laravel/framework/src/Illuminate/Foundation/Application.php(986): Illuminate/Container/Container->resolve('OddController', Array, true)
#2 C:/Users/maria/Proyecto/ApiApuestasDeportivas/ApiApuestasDeportivas/vendor/laravel/framework/src/Illuminate/Container/Container.php(731): Illuminate/Foundation/Application->resolve('OddController', Array)
#3 C:/Users/maria/Proyecto/ApiApuestasDeportivas/ApiApuestasDeportivas/vendor/laravel/framework/src/Illuminate/Foundation/Application.php(971): Illuminate/Container/Container->make('OddController', Array)
#4 C:/Users/maria/Proyecto/ApiApuestasDeportivas/ApiApuestasDeportivas/vendor/laravel/framework/src/Illuminate/Routing/Route.php(278): Illuminate/Foundation/Application->make('OddController')
#5 C:/Users/maria/Proyecto/ApiApuestasDeportivas/ApiApuestasDeportivas/vendor/laravel/framework/src/Illuminate/Routing/Route.php(260): Illuminate/Routing/Route->getController()
#6 C:/Users/maria/Proyecto/ApiApuestasDeportivas/ApiApuestasDeportivas/vendor/laravel/framework/src/Illuminate/Routing/Route.php(205): Illuminate/Routing/Route->runController()
#7 C:/Users/maria/Proyecto/ApiApuestasDeportivas/ApiApuestasDeportivas/vendor/laravel/framework/src/Illuminate/Routing/Router.php(806): Illuminate/Routing/Route->run()
#8 C:/Users/maria/Proyecto/ApiApuestasDeportivas/ApiApuestasDeportivas/vendor/laravel/framework/src/Illuminate/Pipeline/Pipeline.php(144): Illuminate/Routing/Router->{closure:Illuminate/Routing/Router::runRouteWithinStack():805}(Object(Illuminate/Http/Request))
#9 C:/Users/maria/Proyecto/ApiApuestasDeportivas/ApiApuestasDeportivas/vendor/laravel/framework/src/Illuminate/Routing/Middleware/SubstituteBindings.php(50): Illuminate/Pipeline/Pipeline->{closure:Illuminate/Pipeline/Pipeline::prepareDestination():142}(Object(Illuminate/Http/Request))
#10 C:/Users/maria/Proyecto/ApiApuestasDeportivas/ApiApuestasDeportivas/vendor/laravel/framework/src/Illuminate/Pipeline/Pipeline.php(183): Illuminate/Routing/Middleware/SubstituteBindings->handle(Object(Illuminate/Http/Request), Object(Closure))
#11 C:/Users/maria/Proyecto/ApiApuestasDeportivas/ApiApuestasDeportivas/vendor/laravel/framework/src/Illuminate/Routing/Middleware/ThrottleRequests.php(159): Illuminate/Pipeline/Pipeline->{closure:{closure:Illuminate/Pipeline/Pipeline::carry():158}:159}(Object(Illuminate/Http/Request))
#12 C:/Users/maria/Proyecto/ApiApuestasDeportivas/ApiApuestasDeportivas/vendor/laravel/framework/src/Illuminate/Routing/Middleware/ThrottleRequests.php(125): Illuminate/Routing/Middleware/ThrottleRequests->handleRequest(Object(Illuminate/Http/Request), Object(Closure), Array)
#13 C:/Users/maria/Proyecto/ApiApuestasDeportivas/ApiApuestasDeportivas/vendor/laravel/framework/src/Illuminate/Routing/Middleware/ThrottleRequests.php(87): Illuminate/Routing/Middleware/ThrottleRequests->handleRequestUsingNamedLimiter(Object(Illuminate/Http/Request), Object(Closure), 'api', Object(Closure))
#14 C:/Users/maria/Proyecto/ApiApuestasDeportivas/ApiApuestasDeportivas/vendor/laravel/framework/src/Illuminate/Pipeline/Pipeline.php(183): Illuminate/Routing/Middleware/ThrottleRequests->handle(Object(Illuminate/Http/Request), Object(Closure), 'api')
#15 C:/Users/maria/Proyecto/ApiApuestasDeportivas/ApiApuestasDeportivas/vendor/laravel/framework/src/Illuminate/Auth/Middleware/Authenticate.php(57): Illuminate/Pipeline/Pipeline->{closure:{closure:Illuminate/Pipeline/Pipeline::carry():158}:159}(Object(Illuminate/Http/Request))
#16 C:/Users/maria/Proyecto/ApiApuestasDeportivas/ApiApuestasDeportivas/vendor/laravel/framework/src/Illuminate/Pipeline/Pipeline.php(183): Illuminate/Auth/Middleware/Authenticate->handle(Object(Illuminate/Http/Request), Object(Closure), 'api')
#17 C:/Users/maria/Proyecto/ApiApuestasDeportivas/ApiApuestasDeportivas/vendor/laravel/framework/src/Illuminate/Pipeline/Pipeline.php(119): Illuminate/Pipeline/Pipeline->{closure:{closure:Illuminate/Pipeline/Pipeline::carry():158}:159}(Object(Illuminate/Http/Request))
#18 C:/Users/maria/Proyecto/ApiApuestasDeportivas/ApiApuestasDeportivas/vendor/laravel/framework/src/Illuminate/Routing/Router.php(805): Illuminate/Pipeline/Pipeline->then(Object(Closure))
#19 C:/Users/maria/Proyecto/ApiApuestasDeportivas/ApiApuestasDeportivas/vendor/laravel/framework/src/Illuminate/Routing/Router.php(784): Illuminate/Routing/Router->runRouteWithinStack(Object(Illuminate/Routing/Route), Object(Illuminate/Http/Request))
#20 C:/Users/maria/Proyecto/ApiApuestasDeportivas/ApiApuestasDeportivas/vendor/laravel/framework/src/Illuminate/Routing/Router.php(748): Illuminate/Routing/Router->runRoute(Object(Illuminate/Http/Request), Object(Illuminate/Routing/Route))
#21 C:/Users/maria/Proyecto/ApiApuestasDeportivas/ApiApuestasDeportivas/vendor/laravel/framework/src/Illuminate/Routing/Router.php(737): Illuminate/Routing/Router->dispatchToRoute(Object(Illuminate/Http/Request))
#22 C:/Users/maria/Proyecto/ApiApuestasDeportivas/ApiApuestasDeportivas/vendor/laravel/framework/src/Illuminate/Foundation/Http/Kernel.php(200): Illuminate/Routing/Router->dispatch(Object(Illuminate/Http/Request))
#23 C:/Users/maria/Proyecto/ApiApuestasDeportivas/ApiApuestasDeportivas/vendor/laravel/framework/src/Illuminate/Pipeline/Pipeline.php(144): Illuminate/Foundation/Http/Kernel->{closure:Illuminate/Foundation/Http/Kernel::dispatchToRouter():197}(Object(Illuminate/Http/Request))
#24 C:/Users/maria/Proyecto/ApiApuestasDeportivas/ApiApuestasDeportivas/vendor/laravel/framework/src/Illuminate/Foundation/Http/Middleware/TransformsRequest.php(21): Illuminate/Pipeline/Pipeline->{closure:Illuminate/Pipeline/Pipeline::prepareDestination():142}(Object(Illuminate/Http/Request))
#25 C:/Users/maria/Proyecto/ApiApuestasDeportivas/ApiApuestasDeportivas/vendor/laravel/framework/src/Illuminate/Foundation/Http/Middleware/ConvertEmptyStringsToNull.php(31): Illuminate/Foundation/Http/Middleware/TransformsRequest->handle(Object(Illuminate/Http/Request), Object(Closure))
#26 C:/Users/maria/Proyecto/ApiApuestasDeportivas/ApiApuestasDeportivas/vendor/laravel/framework/src/Illuminate/Pipeline/Pipeline.php(183): Illuminate/Foundation/Http/Middleware/ConvertEmptyStringsToNull->handle(Object(Illuminate/Http/Request), Object(Closure))
#27 C:/Users/maria/Proyecto/ApiApuestasDeportivas/ApiApuestasDeportivas/vendor/laravel/framework/src/Illuminate/Foundation/Http/Middleware/TransformsRequest.php(21): Illuminate/Pipeline/Pipeline->{closure:{closure:Illuminate/Pipeline/Pipeline::carry():158}:159}(Object(Illuminate/Http/Request))
#28 C:/Users/maria/Proyecto/ApiApuestasDeportivas/ApiApuestasDeportivas/vendor/laravel/framework/src/Illuminate/Foundation/Http/Middleware/TrimStrings.php(40): Illuminate/Foundation/Http/Middleware/TransformsRequest->handle(Object(Illuminate/Http/Request), Object(Closure))
#29 C:/Users/maria/Proyecto/ApiApuestasDeportivas/ApiApuestasDeportivas/vendor/laravel/framework/src/Illuminate/Pipeline/Pipeline.php(183): Illuminate/Foundation/Http/Middleware/TrimStrings->handle(Object(Illuminate/Http/Request), Object(Closure))
#30 C:/Users/maria/Proyecto/ApiApuestasDeportivas/ApiApuestasDeportivas/vendor/laravel/framework/src/Illuminate/Foundation/Http/Middleware/ValidatePostSize.php(27): Illuminate/Pipeline/Pipeline->{closure:{closure:Illuminate/Pipeline/Pipeline::carry():158}:159}(Object(Illuminate/Http/Request))
#31 C:/Users/maria/Proyecto/ApiApuestasDeportivas/ApiApuestasDeportivas/vendor/laravel/framework/src/Illuminate/Pipeline/Pipeline.php(183): Illuminate/Foundation/Http/Middleware/ValidatePostSize->handle(Object(Illuminate/Http/Request), Object(Closure))
#32 C:/Users/maria/Proyecto/ApiApuestasDeportivas/ApiApuestasDeportivas/vendor/laravel/framework/src/Illuminate/Foundation/Http/Middleware/PreventRequestsDuringMaintenance.php(99): Illuminate/Pipeline/Pipeline->{closure:{closure:Illuminate/Pipeline/Pipeline::carry():158}:159}(Object(Illuminate/Http/Request))
#33 C:/Users/maria/Proyecto/ApiApuestasDeportivas/ApiApuestasDeportivas/vendor/laravel/framework/src/Illuminate/Pipeline/Pipeline.php(183): Illuminate/Foundation/Http/Middleware/PreventRequestsDuringMaintenance->handle(Object(Illuminate/Http/Request), Object(Closure))
#34 C:/Users/maria/Proyecto/ApiApuestasDeportivas/ApiApuestasDeportivas/vendor/laravel/framework/src/Illuminate/Http/Middleware/HandleCors.php(62): Illuminate/Pipeline/Pipeline->{closure:{closure:Illuminate/Pipeline/Pipeline::carry():158}:159}(Object(Illuminate/Http/Request))
#35 C:/Users/maria/Proyecto/ApiApuestasDeportivas/ApiApuestasDeportivas/vendor/laravel/framework/src/Illuminate/Pipeline/Pipeline.php(183): Illuminate/Http/Middleware/HandleCors->handle(Object(Illuminate/Http/Request), Object(Closure))
#36 C:/Users/maria/Proyecto/ApiApuestasDeportivas/ApiApuestasDeportivas/vendor/laravel/framework/src/Illuminate/Http/Middleware/TrustProxies.php(39): Illuminate/Pipeline/Pipeline->{closure:{closure:Illuminate/Pipeline/Pipeline::carry():158}:159}(Object(Illuminate/Http/Request))
#37 C:/Users/maria/Proyecto/ApiApuestasDeportivas/ApiApuestasDeportivas/vendor/laravel/framework/src/Illuminate/Pipeline/Pipeline.php(183): Illuminate/Http/Middleware/TrustProxies->handle(Object(Illuminate/Http/Request), Object(Closure))
#38 C:/Users/maria/Proyecto/ApiApuestasDeportivas/ApiApuestasDeportivas/vendor/laravel/framework/src/Illuminate/Pipeline/Pipeline.php(119): Illuminate/Pipeline/Pipeline->{closure:{closure:Illuminate/Pipeline/Pipeline::carry():158}:159}(Object(Illuminate/Http/Request))
#39 C:/Users/maria/Proyecto/ApiApuestasDeportivas/ApiApuestasDeportivas/vendor/laravel/framework/src/Illuminate/Foundation/Http/Kernel.php(175): Illuminate/Pipeline/Pipeline->then(Object(Closure))
#40 C:/Users/maria/Proyecto/ApiApuestasDeportivas/ApiApuestasDeportivas/vendor/laravel/framework/src/Illuminate/Foundation/Http/Kernel.php(144): Illuminate/Foundation/Http/Kernel->sendRequestThroughRouter(Object(Illuminate/Http/Request))
#41 C:/Users/maria/Proyecto/ApiApuestasDeportivas/ApiApuestasDeportivas/public/index.php(51): Illuminate/Foundation/Http/Kernel->handle(Object(Illuminate/Http/Request))
#42 C:/Users/maria/Proyecto/ApiApuestasDeportivas/ApiApuestasDeportivas/vendor/laravel/framework/src/Illuminate/Foundation/resources/server.php(16): require_once('C://Users//maria//...')
#43 {main}

[previous exception] [object] (ReflectionException(code: -1): Class \"OddController\" does not exist at C:/Users/maria/Proyecto/ApiApuestasDeportivas/ApiApuestasDeportivas/vendor/laravel/framework/src/Illuminate/Container/Container.php:912)
[stacktrace]
#0 C:/Users/maria/Proyecto/ApiApuestasDeportivas/ApiApuestasDeportivas/vendor/laravel/framework/src/Illuminate/Container/Container.php(912): ReflectionClass->__construct('OddController')
#1 C:/Users/maria/Proyecto/ApiApuestasDeportivas/ApiApuestasDeportivas/vendor/laravel/framework/src/Illuminate/Container/Container.php(795): Illuminate/Container/Container->build('OddController')
#2 C:/Users/maria/Proyecto/ApiApuestasDeportivas/ApiApuestasDeportivas/vendor/laravel/framework/src/Illuminate/Foundation/Application.php(986): Illuminate/Container/Container->resolve('OddController', Array, true)
#3 C:/Users/maria/Proyecto/ApiApuestasDeportivas/ApiApuestasDeportivas/vendor/laravel/framework/src/Illuminate/Container/Container.php(731): Illuminate/Foundation/Application->resolve('OddController', Array)
#4 C:/Users/maria/Proyecto/ApiApuestasDeportivas/ApiApuestasDeportivas/vendor/laravel/framework/src/Illuminate/Foundation/Application.php(971): Illuminate/Container/Container->make('OddController', Array)
#5 C:/Users/maria/Proyecto/ApiApuestasDeportivas/ApiApuestasDeportivas/vendor/laravel/framework/src/Illuminate/Routing/Route.php(278): Illuminate/Foundation/Application->make('OddController')
#6 C:/Users/maria/Proyecto/ApiApuestasDeportivas/ApiApuestasDeportivas/vendor/laravel/framework/src/Illuminate/Routing/Route.php(260): Illuminate/Routing/Route->getController()
#7 C:/Users/maria/Proyecto/ApiApuestasDeportivas/ApiApuestasDeportivas/vendor/laravel/framework/src/Illuminate/Routing/Route.php(205): Illuminate/Routing/Route->runController()
#8 C:/Users/maria/Proyecto/ApiApuestasDeportivas/ApiApuestasDeportivas/vendor/laravel/framework/src/Illuminate/Routing/Router.php(806): Illuminate/Routing/Route->run()
#9 C:/Users/maria/Proyecto/ApiApuestasDeportivas/ApiApuestasDeportivas/vendor/laravel/framework/src/Illuminate/Pipeline/Pipeline.php(144): Illuminate/Routing/Router->{closure:Illuminate/Routing/Router::runRouteWithinStack():805}(Object(Illuminate/Http/Request))
#10 C:/Users/maria/Proyecto/ApiApuestasDeportivas/ApiApuestasDeportivas/vendor/laravel/framework/src/Illuminate/Routing/Middleware/SubstituteBindings.php(50): Illuminate/Pipeline/Pipeline->{closure:Illuminate/Pipeline/Pipeline::prepareDestination():142}(Object(Illuminate/Http/Request))
#11 C:/Users/maria/Proyecto/ApiApuestasDeportivas/ApiApuestasDeportivas/vendor/laravel/framework/src/Illuminate/Pipeline/Pipeline.php(183): Illuminate/Routing/Middleware/SubstituteBindings->handle(Object(Illuminate/Http/Request), Object(Closure))
#12 C:/Users/maria/Proyecto/ApiApuestasDeportivas/ApiApuestasDeportivas/vendor/laravel/framework/src/Illuminate/Routing/Middleware/ThrottleRequests.php(159): Illuminate/Pipeline/Pipeline->{closure:{closure:Illuminate/Pipeline/Pipeline::carry():158}:159}(Object(Illuminate/Http/Request))
#13 C:/Users/maria/Proyecto/ApiApuestasDeportivas/ApiApuestasDeportivas/vendor/laravel/framework/src/Illuminate/Routing/Middleware/ThrottleRequests.php(125): Illuminate/Routing/Middleware/ThrottleRequests->handleRequest(Object(Illuminate/Http/Request), Object(Closure), Array)
#14 C:/Users/maria/Proyecto/ApiApuestasDeportivas/ApiApuestasDeportivas/vendor/laravel/framework/src/Illuminate/Routing/Middleware/ThrottleRequests.php(87): Illuminate/Routing/Middleware/ThrottleRequests->handleRequestUsingNamedLimiter(Object(Illuminate/Http/Request), Object(Closure), 'api', Object(Closure))
#15 C:/Users/maria/Proyecto/ApiApuestasDeportivas/ApiApuestasDeportivas/vendor/laravel/framework/src/Illuminate/Pipeline/Pipeline.php(183): Illuminate/Routing/Middleware/ThrottleRequests->handle(Object(Illuminate/Http/Request), Object(Closure), 'api')
#16 C:/Users/maria/Proyecto/ApiApuestasDeportivas/ApiApuestasDeportivas/vendor/laravel/framework/src/Illuminate/Auth/Middleware/Authenticate.php(57): Illuminate/Pipeline/Pipeline->{closure:{closure:Illuminate/Pipeline/Pipeline::carry():158}:159}(Object(Illuminate/Http/Request))
#17 C:/Users/maria/Proyecto/ApiApuestasDeportivas/ApiApuestasDeportivas/vendor/laravel/framework/src/Illuminate/Pipeline/Pipeline.php(183): Illuminate/Auth/Middleware/Authenticate->handle(Object(Illuminate/Http/Request), Object(Closure), 'api')
#18 C:/Users/maria/Proyecto/ApiApuestasDeportivas/ApiApuestasDeportivas/vendor/laravel/framework/src/Illuminate/Pipeline/Pipeline.php(119): Illuminate/Pipeline/Pipeline->{closure:{closure:Illuminate/Pipeline/Pipeline::carry():158}:159}(Object(Illuminate/Http/Request))
#19 C:/Users/maria/Proyecto/ApiApuestasDeportivas/ApiApuestasDeportivas/vendor/laravel/framework/src/Illuminate/Routing/Router.php(805): Illuminate/Pipeline/Pipeline->then(Object(Closure))
#20 C:/Users/maria/Proyecto/ApiApuestasDeportivas/ApiApuestasDeportivas/vendor/laravel/framework/src/Illuminate/Routing/Router.php(784): Illuminate/Routing/Router->runRouteWithinStack(Object(Illuminate/Routing/Route), Object(Illuminate/Http/Request))
#21 C:/Users/maria/Proyecto/ApiApuestasDeportivas/ApiApuestasDeportivas/vendor/laravel/framework/src/Illuminate/Routing/Router.php(748): Illuminate/Routing/Router->runRoute(Object(Illuminate/Http/Request), Object(Illuminate/Routing/Route))
#22 C:/Users/maria/Proyecto/ApiApuestasDeportivas/ApiApuestasDeportivas/vendor/laravel/framework/src/Illuminate/Routing/Router.php(737): Illuminate/Routing/Router->dispatchToRoute(Object(Illuminate/Http/Request))
#23 C:/Users/maria/Proyecto/ApiApuestasDeportivas/ApiApuestasDeportivas/vendor/laravel/framework/src/Illuminate/Foundation/Http/Kernel.php(200): Illuminate/Routing/Router->dispatch(Object(Illuminate/Http/Request))
#24 C:/Users/maria/Proyecto/ApiApuestasDeportivas/ApiApuestasDeportivas/vendor/laravel/framework/src/Illuminate/Pipeline/Pipeline.php(144): Illuminate/Foundation/Http/Kernel->{closure:Illuminate/Foundation/Http/Kernel::dispatchToRouter():197}(Object(Illuminate/Http/Request))
#25 C:/Users/maria/Proyecto/ApiApuestasDeportivas/ApiApuestasDeportivas/vendor/laravel/framework/src/Illuminate/Foundation/Http/Middleware/TransformsRequest.php(21): Illuminate/Pipeline/Pipeline->{closure:Illuminate/Pipeline/Pipeline::prepareDestination():142}(Object(Illuminate/Http/Request))
#26 C:/Users/maria/Proyecto/ApiApuestasDeportivas/ApiApuestasDeportivas/vendor/laravel/framework/src/Illuminate/Foundation/Http/Middleware/ConvertEmptyStringsToNull.php(31): Illuminate/Foundation/Http/Middleware/TransformsRequest->handle(Object(Illuminate/Http/Request), Object(Closure))
#27 C:/Users/maria/Proyecto/ApiApuestasDeportivas/ApiApuestasDeportivas/vendor/laravel/framework/src/Illuminate/Pipeline/Pipeline.php(183): Illuminate/Foundation/Http/Middleware/ConvertEmptyStringsToNull->handle(Object(Illuminate/Http/Request), Object(Closure))
#28 C:/Users/maria/Proyecto/ApiApuestasDeportivas/ApiApuestasDeportivas/vendor/laravel/framework/src/Illuminate/Foundation/Http/Middleware/TransformsRequest.php(21): Illuminate/Pipeline/Pipeline->{closure:{closure:Illuminate/Pipeline/Pipeline::carry():158}:159}(Object(Illuminate/Http/Request))
#29 C:/Users/maria/Proyecto/ApiApuestasDeportivas/ApiApuestasDeportivas/vendor/laravel/framework/src/Illuminate/Foundation/Http/Middleware/TrimStrings.php(40): Illuminate/Foundation/Http/Middleware/TransformsRequest->handle(Object(Illuminate/Http/Request), Object(Closure))
#30 C:/Users/maria/Proyecto/ApiApuestasDeportivas/ApiApuestasDeportivas/vendor/laravel/framework/src/Illuminate/Pipeline/Pipeline.php(183): Illuminate/Foundation/Http/Middleware/TrimStrings->handle(Object(Illuminate/Http/Request), Object(Closure))
#31 C:/Users/maria/Proyecto/ApiApuestasDeportivas/ApiApuestasDeportivas/vendor/laravel/framework/src/Illuminate/Foundation/Http/Middleware/ValidatePostSize.php(27): Illuminate/Pipeline/Pipeline->{closure:{closure:Illuminate/Pipeline/Pipeline::carry():158}:159}(Object(Illuminate/Http/Request))
#32 C:/Users/maria/Proyecto/ApiApuestasDeportivas/ApiApuestasDeportivas/vendor/laravel/framework/src/Illuminate/Pipeline/Pipeline.php(183): Illuminate/Foundation/Http/Middleware/ValidatePostSize->handle(Object(Illuminate/Http/Request), Object(Closure))
#33 C:/Users/maria/Proyecto/ApiApuestasDeportivas/ApiApuestasDeportivas/vendor/laravel/framework/src/Illuminate/Foundation/Http/Middleware/PreventRequestsDuringMaintenance.php(99): Illuminate/Pipeline/Pipeline->{closure:{closure:Illuminate/Pipeline/Pipeline::carry():158}:159}(Object(Illuminate/Http/Request))
#34 C:/Users/maria/Proyecto/ApiApuestasDeportivas/ApiApuestasDeportivas/vendor/laravel/framework/src/Illuminate/Pipeline/Pipeline.php(183): Illuminate/Foundation/Http/Middleware/PreventRequestsDuringMaintenance->handle(Object(Illuminate/Http/Request), Object(Closure))
#35 C:/Users/maria/Proyecto/ApiApuestasDeportivas/ApiApuestasDeportivas/vendor/laravel/framework/src/Illuminate/Http/Middleware/HandleCors.php(62): Illuminate/Pipeline/Pipeline->{closure:{closure:Illuminate/Pipeline/Pipeline::carry():158}:159}(Object(Illuminate/Http/Request))
#36 C:/Users/maria/Proyecto/ApiApuestasDeportivas/ApiApuestasDeportivas/vendor/laravel/framework/src/Illuminate/Pipeline/Pipeline.php(183): Illuminate/Http/Middleware/HandleCors->handle(Object(Illuminate/Http/Request), Object(Closure))
#37 C:/Users/maria/Proyecto/ApiApuestasDeportivas/ApiApuestasDeportivas/vendor/laravel/framework/src/Illuminate/Http/Middleware/TrustProxies.php(39): Illuminate/Pipeline/Pipeline->{closure:{closure:Illuminate/Pipeline/Pipeline::carry():158}:159}(Object(Illuminate/Http/Request))
#38 C:/Users/maria/Proyecto/ApiApuestasDeportivas/ApiApuestasDeportivas/vendor/laravel/framework/src/Illuminate/Pipeline/Pipeline.php(183): Illuminate/Http/Middleware/TrustProxies->handle(Object(Illuminate/Http/Request), Object(Closure))
#39 C:/Users/maria/Proyecto/ApiApuestasDeportivas/ApiApuestasDeportivas/vendor/laravel/framework/src/Illuminate/Pipeline/Pipeline.php(119): Illuminate/Pipeline/Pipeline->{closure:{closure:Illuminate/Pipeline/Pipeline::carry():158}:159}(Object(Illuminate/Http/Request))
#40 C:/Users/maria/Proyecto/ApiApuestasDeportivas/ApiApuestasDeportivas/vendor/laravel/framework/src/Illuminate/Foundation/Http/Kernel.php(175): Illuminate/Pipeline/Pipeline->then(Object(Closure))
#41 C:/Users/maria/Proyecto/ApiApuestasDeportivas/ApiApuestasDeportivas/vendor/laravel/framework/src/Illuminate/Foundation/Http/Kernel.php(144): Illuminate/Foundation/Http/Kernel->sendRequestThroughRouter(Object(Illuminate/Http/Request))
#42 C:/Users/maria/Proyecto/ApiApuestasDeportivas/ApiApuestasDeportivas/public/index.php(51): Illuminate/Foundation/Http/Kernel->handle(Object(Illuminate/Http/Request))
#43 C:/Users/maria/Proyecto/ApiApuestasDeportivas/ApiApuestasDeportivas/vendor/laravel/framework/src/Illuminate/Foundation/resources/server.php(16): require_once('C://Users//maria//...')
#44 {main}
"} 
[2026-03-14 21:06:30] local.ERROR: Target class [OddController] does not exist. {"userId":1,"exception":"[object] (Illuminate\\Contracts\\Container\\BindingResolutionException(code: 0): Target class [OddController] does not exist. at C:/Users/maria/Proyecto/ApiApuestasDeportivas/ApiApuestasDeportivas/vendor/laravel/framework/src/Illuminate/Container/Container.php:914)
[stacktrace]
#0 C:/Users/maria/Proyecto/ApiApuestasDeportivas/ApiApuestasDeportivas/vendor/laravel/framework/src/Illuminate/Container/Container.php(795): Illuminate/Container/Container->build('OddController')
#1 C:/Users/maria/Proyecto/ApiApuestasDeportivas/ApiApuestasDeportivas/vendor/laravel/framework/src/Illuminate/Foundation/Application.php(986): Illuminate/Container/Container->resolve('OddController', Array, true)
#2 C:/Users/maria/Proyecto/ApiApuestasDeportivas/ApiApuestasDeportivas/vendor/laravel/framework/src/Illuminate/Container/Container.php(731): Illuminate/Foundation/Application->resolve('OddController', Array)
#3 C:/Users/maria/Proyecto/ApiApuestasDeportivas/ApiApuestasDeportivas/vendor/laravel/framework/src/Illuminate/Foundation/Application.php(971): Illuminate/Container/Container->make('OddController', Array)
#4 C:/Users/maria/Proyecto/ApiApuestasDeportivas/ApiApuestasDeportivas/vendor/laravel/framework/src/Illuminate/Routing/Route.php(278): Illuminate/Foundation/Application->make('OddController')
#5 C:/Users/maria/Proyecto/ApiApuestasDeportivas/ApiApuestasDeportivas/vendor/laravel/framework/src/Illuminate/Routing/Route.php(260): Illuminate/Routing/Route->getController()
#6 C:/Users/maria/Proyecto/ApiApuestasDeportivas/ApiApuestasDeportivas/vendor/laravel/framework/src/Illuminate/Routing/Route.php(205): Illuminate/Routing/Route->runController()
#7 C:/Users/maria/Proyecto/ApiApuestasDeportivas/ApiApuestasDeportivas/vendor/laravel/framework/src/Illuminate/Routing/Router.php(806): Illuminate/Routing/Route->run()
#8 C:/Users/maria/Proyecto/ApiApuestasDeportivas/ApiApuestasDeportivas/vendor/laravel/framework/src/Illuminate/Pipeline/Pipeline.php(144): Illuminate/Routing/Router->{closure:Illuminate/Routing/Router::runRouteWithinStack():805}(Object(Illuminate/Http/Request))
#9 C:/Users/maria/Proyecto/ApiApuestasDeportivas/ApiApuestasDeportivas/vendor/laravel/framework/src/Illuminate/Routing/Middleware/SubstituteBindings.php(50): Illuminate/Pipeline/Pipeline->{closure:Illuminate/Pipeline/Pipeline::prepareDestination():142}(Object(Illuminate/Http/Request))
#10 C:/Users/maria/Proyecto/ApiApuestasDeportivas/ApiApuestasDeportivas/vendor/laravel/framework/src/Illuminate/Pipeline/Pipeline.php(183): Illuminate/Routing/Middleware/SubstituteBindings->handle(Object(Illuminate/Http/Request), Object(Closure))
#11 C:/Users/maria/Proyecto/ApiApuestasDeportivas/ApiApuestasDeportivas/vendor/laravel/framework/src/Illuminate/Routing/Middleware/ThrottleRequests.php(159): Illuminate/Pipeline/Pipeline->{closure:{closure:Illuminate/Pipeline/Pipeline::carry():158}:159}(Object(Illuminate/Http/Request))
#12 C:/Users/maria/Proyecto/ApiApuestasDeportivas/ApiApuestasDeportivas/vendor/laravel/framework/src/Illuminate/Routing/Middleware/ThrottleRequests.php(125): Illuminate/Routing/Middleware/ThrottleRequests->handleRequest(Object(Illuminate/Http/Request), Object(Closure), Array)
#13 C:/Users/maria/Proyecto/ApiApuestasDeportivas/ApiApuestasDeportivas/vendor/laravel/framework/src/Illuminate/Routing/Middleware/ThrottleRequests.php(87): Illuminate/Routing/Middleware/ThrottleRequests->handleRequestUsingNamedLimiter(Object(Illuminate/Http/Request), Object(Closure), 'api', Object(Closure))
#14 C:/Users/maria/Proyecto/ApiApuestasDeportivas/ApiApuestasDeportivas/vendor/laravel/framework/src/Illuminate/Pipeline/Pipeline.php(183): Illuminate/Routing/Middleware/ThrottleRequests->handle(Object(Illuminate/Http/Request), Object(Closure), 'api')
#15 C:/Users/maria/Proyecto/ApiApuestasDeportivas/ApiApuestasDeportivas/vendor/laravel/framework/src/Illuminate/Auth/Middleware/Authenticate.php(57): Illuminate/Pipeline/Pipeline->{closure:{closure:Illuminate/Pipeline/Pipeline::carry():158}:159}(Object(Illuminate/Http/Request))
#16 C:/Users/maria/Proyecto/ApiApuestasDeportivas/ApiApuestasDeportivas/vendor/laravel/framework/src/Illuminate/Pipeline/Pipeline.php(183): Illuminate/Auth/Middleware/Authenticate->handle(Object(Illuminate/Http/Request), Object(Closure), 'api')
#17 C:/Users/maria/Proyecto/ApiApuestasDeportivas/ApiApuestasDeportivas/vendor/laravel/framework/src/Illuminate/Pipeline/Pipeline.php(119): Illuminate/Pipeline/Pipeline->{closure:{closure:Illuminate/Pipeline/Pipeline::carry():158}:159}(Object(Illuminate/Http/Request))
#18 C:/Users/maria/Proyecto/ApiApuestasDeportivas/ApiApuestasDeportivas/vendor/laravel/framework/src/Illuminate/Routing/Router.php(805): Illuminate/Pipeline/Pipeline->then(Object(Closure))
#19 C:/Users/maria/Proyecto/ApiApuestasDeportivas/ApiApuestasDeportivas/vendor/laravel/framework/src/Illuminate/Routing/Router.php(784): Illuminate/Routing/Router->runRouteWithinStack(Object(Illuminate/Routing/Route), Object(Illuminate/Http/Request))
#20 C:/Users/maria/Proyecto/ApiApuestasDeportivas/ApiApuestasDeportivas/vendor/laravel/framework/src/Illuminate/Routing/Router.php(748): Illuminate/Routing/Router->runRoute(Object(Illuminate/Http/Request), Object(Illuminate/Routing/Route))
#21 C:/Users/maria/Proyecto/ApiApuestasDeportivas/ApiApuestasDeportivas/vendor/laravel/framework/src/Illuminate/Routing/Router.php(737): Illuminate/Routing/Router->dispatchToRoute(Object(Illuminate/Http/Request))
#22 C:/Users/maria/Proyecto/ApiApuestasDeportivas/ApiApuestasDeportivas/vendor/laravel/framework/src/Illuminate/Foundation/Http/Kernel.php(200): Illuminate/Routing/Router->dispatch(Object(Illuminate/Http/Request))
#23 C:/Users/maria/Proyecto/ApiApuestasDeportivas/ApiApuestasDeportivas/vendor/laravel/framework/src/Illuminate/Pipeline/Pipeline.php(144): Illuminate/Foundation/Http/Kernel->{closure:Illuminate/Foundation/Http/Kernel::dispatchToRouter():197}(Object(Illuminate/Http/Request))
#24 C:/Users/maria/Proyecto/ApiApuestasDeportivas/ApiApuestasDeportivas/vendor/laravel/framework/src/Illuminate/Foundation/Http/Middleware/TransformsRequest.php(21): Illuminate/Pipeline/Pipeline->{closure:Illuminate/Pipeline/Pipeline::prepareDestination():142}(Object(Illuminate/Http/Request))
#25 C:/Users/maria/Proyecto/ApiApuestasDeportivas/ApiApuestasDeportivas/vendor/laravel/framework/src/Illuminate/Foundation/Http/Middleware/ConvertEmptyStringsToNull.php(31): Illuminate/Foundation/Http/Middleware/TransformsRequest->handle(Object(Illuminate/Http/Request), Object(Closure))
#26 C:/Users/maria/Proyecto/ApiApuestasDeportivas/ApiApuestasDeportivas/vendor/laravel/framework/src/Illuminate/Pipeline/Pipeline.php(183): Illuminate/Foundation/Http/Middleware/ConvertEmptyStringsToNull->handle(Object(Illuminate/Http/Request), Object(Closure))
#27 C:/Users/maria/Proyecto/ApiApuestasDeportivas/ApiApuestasDeportivas/vendor/laravel/framework/src/Illuminate/Foundation/Http/Middleware/TransformsRequest.php(21): Illuminate/Pipeline/Pipeline->{closure:{closure:Illuminate/Pipeline/Pipeline::carry():158}:159}(Object(Illuminate/Http/Request))
#28 C:/Users/maria/Proyecto/ApiApuestasDeportivas/ApiApuestasDeportivas/vendor/laravel/framework/src/Illuminate/Foundation/Http/Middleware/TrimStrings.php(40): Illuminate/Foundation/Http/Middleware/TransformsRequest->handle(Object(Illuminate/Http/Request), Object(Closure))
#29 C:/Users/maria/Proyecto/ApiApuestasDeportivas/ApiApuestasDeportivas/vendor/laravel/framework/src/Illuminate/Pipeline/Pipeline.php(183): Illuminate/Foundation/Http/Middleware/TrimStrings->handle(Object(Illuminate/Http/Request), Object(Closure))
#30 C:/Users/maria/Proyecto/ApiApuestasDeportivas/ApiApuestasDeportivas/vendor/laravel/framework/src/Illuminate/Foundation/Http/Middleware/ValidatePostSize.php(27): Illuminate/Pipeline/Pipeline->{closure:{closure:Illuminate/Pipeline/Pipeline::carry():158}:159}(Object(Illuminate/Http/Request))
#31 C:/Users/maria/Proyecto/ApiApuestasDeportivas/ApiApuestasDeportivas/vendor/laravel/framework/src/Illuminate/Pipeline/Pipeline.php(183): Illuminate/Foundation/Http/Middleware/ValidatePostSize->handle(Object(Illuminate/Http/Request), Object(Closure))
#32 C:/Users/maria/Proyecto/ApiApuestasDeportivas/ApiApuestasDeportivas/vendor/laravel/framework/src/Illuminate/Foundation/Http/Middleware/PreventRequestsDuringMaintenance.php(99): Illuminate/Pipeline/Pipeline->{closure:{closure:Illuminate/Pipeline/Pipeline::carry():158}:159}(Object(Illuminate/Http/Request))
#33 C:/Users/maria/Proyecto/ApiApuestasDeportivas/ApiApuestasDeportivas/vendor/laravel/framework/src/Illuminate/Pipeline/Pipeline.php(183): Illuminate/Foundation/Http/Middleware/PreventRequestsDuringMaintenance->handle(Object(Illuminate/Http/Request), Object(Closure))
#34 C:/Users/maria/Proyecto/ApiApuestasDeportivas/ApiApuestasDeportivas/vendor/laravel/framework/src/Illuminate/Http/Middleware/HandleCors.php(62): Illuminate/Pipeline/Pipeline->{closure:{closure:Illuminate/Pipeline/Pipeline::carry():158}:159}(Object(Illuminate/Http/Request))
#35 C:/Users/maria/Proyecto/ApiApuestasDeportivas/ApiApuestasDeportivas/vendor/laravel/framework/src/Illuminate/Pipeline/Pipeline.php(183): Illuminate/Http/Middleware/HandleCors->handle(Object(Illuminate/Http/Request), Object(Closure))
#36 C:/Users/maria/Proyecto/ApiApuestasDeportivas/ApiApuestasDeportivas/vendor/laravel/framework/src/Illuminate/Http/Middleware/TrustProxies.php(39): Illuminate/Pipeline/Pipeline->{closure:{closure:Illuminate/Pipeline/Pipeline::carry():158}:159}(Object(Illuminate/Http/Request))
#37 C:/Users/maria/Proyecto/ApiApuestasDeportivas/ApiApuestasDeportivas/vendor/laravel/framework/src/Illuminate/Pipeline/Pipeline.php(183): Illuminate/Http/Middleware/TrustProxies->handle(Object(Illuminate/Http/Request), Object(Closure))
#38 C:/Users/maria/Proyecto/ApiApuestasDeportivas/ApiApuestasDeportivas/vendor/laravel/framework/src/Illuminate/Pipeline/Pipeline.php(119): Illuminate/Pipeline/Pipeline->{closure:{closure:Illuminate/Pipeline/Pipeline::carry():158}:159}(Object(Illuminate/Http/Request))
#39 C:/Users/maria/Proyecto/ApiApuestasDeportivas/ApiApuestasDeportivas/vendor/laravel/framework/src/Illuminate/Foundation/Http/Kernel.php(175): Illuminate/Pipeline/Pipeline->then(Object(Closure))
#40 C:/Users/maria/Proyecto/ApiApuestasDeportivas/ApiApuestasDeportivas/vendor/laravel/framework/src/Illuminate/Foundation/Http/Kernel.php(144): Illuminate/Foundation/Http/Kernel->sendRequestThroughRouter(Object(Illuminate/Http/Request))
#41 C:/Users/maria/Proyecto/ApiApuestasDeportivas/ApiApuestasDeportivas/public/index.php(51): Illuminate/Foundation/Http/Kernel->handle(Object(Illuminate/Http/Request))
#42 C:/Users/maria/Proyecto/ApiApuestasDeportivas/ApiApuestasDeportivas/vendor/laravel/framework/src/Illuminate/Foundation/resources/server.php(16): require_once('C://Users//maria//...')
#43 {main}

[previous exception] [object] (ReflectionException(code: -1): Class \"OddController\" does not exist at C:/Users/maria/Proyecto/ApiApuestasDeportivas/ApiApuestasDeportivas/vendor/laravel/framework/src/Illuminate/Container/Container.php:912)
[stacktrace]
#0 C:/Users/maria/Proyecto/ApiApuestasDeportivas/ApiApuestasDeportivas/vendor/laravel/framework/src/Illuminate/Container/Container.php(912): ReflectionClass->__construct('OddController')
#1 C:/Users/maria/Proyecto/ApiApuestasDeportivas/ApiApuestasDeportivas/vendor/laravel/framework/src/Illuminate/Container/Container.php(795): Illuminate/Container/Container->build('OddController')
#2 C:/Users/maria/Proyecto/ApiApuestasDeportivas/ApiApuestasDeportivas/vendor/laravel/framework/src/Illuminate/Foundation/Application.php(986): Illuminate/Container/Container->resolve('OddController', Array, true)
#3 C:/Users/maria/Proyecto/ApiApuestasDeportivas/ApiApuestasDeportivas/vendor/laravel/framework/src/Illuminate/Container/Container.php(731): Illuminate/Foundation/Application->resolve('OddController', Array)
#4 C:/Users/maria/Proyecto/ApiApuestasDeportivas/ApiApuestasDeportivas/vendor/laravel/framework/src/Illuminate/Foundation/Application.php(971): Illuminate/Container/Container->make('OddController', Array)
#5 C:/Users/maria/Proyecto/ApiApuestasDeportivas/ApiApuestasDeportivas/vendor/laravel/framework/src/Illuminate/Routing/Route.php(278): Illuminate/Foundation/Application->make('OddController')
#6 C:/Users/maria/Proyecto/ApiApuestasDeportivas/ApiApuestasDeportivas/vendor/laravel/framework/src/Illuminate/Routing/Route.php(260): Illuminate/Routing/Route->getController()
#7 C:/Users/maria/Proyecto/ApiApuestasDeportivas/ApiApuestasDeportivas/vendor/laravel/framework/src/Illuminate/Routing/Route.php(205): Illuminate/Routing/Route->runController()
#8 C:/Users/maria/Proyecto/ApiApuestasDeportivas/ApiApuestasDeportivas/vendor/laravel/framework/src/Illuminate/Routing/Router.php(806): Illuminate/Routing/Route->run()
#9 C:/Users/maria/Proyecto/ApiApuestasDeportivas/ApiApuestasDeportivas/vendor/laravel/framework/src/Illuminate/Pipeline/Pipeline.php(144): Illuminate/Routing/Router->{closure:Illuminate/Routing/Router::runRouteWithinStack():805}(Object(Illuminate/Http/Request))
#10 C:/Users/maria/Proyecto/ApiApuestasDeportivas/ApiApuestasDeportivas/vendor/laravel/framework/src/Illuminate/Routing/Middleware/SubstituteBindings.php(50): Illuminate/Pipeline/Pipeline->{closure:Illuminate/Pipeline/Pipeline::prepareDestination():142}(Object(Illuminate/Http/Request))
#11 C:/Users/maria/Proyecto/ApiApuestasDeportivas/ApiApuestasDeportivas/vendor/laravel/framework/src/Illuminate/Pipeline/Pipeline.php(183): Illuminate/Routing/Middleware/SubstituteBindings->handle(Object(Illuminate/Http/Request), Object(Closure))
#12 C:/Users/maria/Proyecto/ApiApuestasDeportivas/ApiApuestasDeportivas/vendor/laravel/framework/src/Illuminate/Routing/Middleware/ThrottleRequests.php(159): Illuminate/Pipeline/Pipeline->{closure:{closure:Illuminate/Pipeline/Pipeline::carry():158}:159}(Object(Illuminate/Http/Request))
#13 C:/Users/maria/Proyecto/ApiApuestasDeportivas/ApiApuestasDeportivas/vendor/laravel/framework/src/Illuminate/Routing/Middleware/ThrottleRequests.php(125): Illuminate/Routing/Middleware/ThrottleRequests->handleRequest(Object(Illuminate/Http/Request), Object(Closure), Array)
#14 C:/Users/maria/Proyecto/ApiApuestasDeportivas/ApiApuestasDeportivas/vendor/laravel/framework/src/Illuminate/Routing/Middleware/ThrottleRequests.php(87): Illuminate/Routing/Middleware/ThrottleRequests->handleRequestUsingNamedLimiter(Object(Illuminate/Http/Request), Object(Closure), 'api', Object(Closure))
#15 C:/Users/maria/Proyecto/ApiApuestasDeportivas/ApiApuestasDeportivas/vendor/laravel/framework/src/Illuminate/Pipeline/Pipeline.php(183): Illuminate/Routing/Middleware/ThrottleRequests->handle(Object(Illuminate/Http/Request), Object(Closure), 'api')
#16 C:/Users/maria/Proyecto/ApiApuestasDeportivas/ApiApuestasDeportivas/vendor/laravel/framework/src/Illuminate/Auth/Middleware/Authenticate.php(57): Illuminate/Pipeline/Pipeline->{closure:{closure:Illuminate/Pipeline/Pipeline::carry():158}:159}(Object(Illuminate/Http/Request))
#17 C:/Users/maria/Proyecto/ApiApuestasDeportivas/ApiApuestasDeportivas/vendor/laravel/framework/src/Illuminate/Pipeline/Pipeline.php(183): Illuminate/Auth/Middleware/Authenticate->handle(Object(Illuminate/Http/Request), Object(Closure), 'api')
#18 C:/Users/maria/Proyecto/ApiApuestasDeportivas/ApiApuestasDeportivas/vendor/laravel/framework/src/Illuminate/Pipeline/Pipeline.php(119): Illuminate/Pipeline/Pipeline->{closure:{closure:Illuminate/Pipeline/Pipeline::carry():158}:159}(Object(Illuminate/Http/Request))
#19 C:/Users/maria/Proyecto/ApiApuestasDeportivas/ApiApuestasDeportivas/vendor/laravel/framework/src/Illuminate/Routing/Router.php(805): Illuminate/Pipeline/Pipeline->then(Object(Closure))
#20 C:/Users/maria/Proyecto/ApiApuestasDeportivas/ApiApuestasDeportivas/vendor/laravel/framework/src/Illuminate/Routing/Router.php(784): Illuminate/Routing/Router->runRouteWithinStack(Object(Illuminate/Routing/Route), Object(Illuminate/Http/Request))
#21 C:/Users/maria/Proyecto/ApiApuestasDeportivas/ApiApuestasDeportivas/vendor/laravel/framework/src/Illuminate/Routing/Router.php(748): Illuminate/Routing/Router->runRoute(Object(Illuminate/Http/Request), Object(Illuminate/Routing/Route))
#22 C:/Users/maria/Proyecto/ApiApuestasDeportivas/ApiApuestasDeportivas/vendor/laravel/framework/src/Illuminate/Routing/Router.php(737): Illuminate/Routing/Router->dispatchToRoute(Object(Illuminate/Http/Request))
#23 C:/Users/maria/Proyecto/ApiApuestasDeportivas/ApiApuestasDeportivas/vendor/laravel/framework/src/Illuminate/Foundation/Http/Kernel.php(200): Illuminate/Routing/Router->dispatch(Object(Illuminate/Http/Request))
#24 C:/Users/maria/Proyecto/ApiApuestasDeportivas/ApiApuestasDeportivas/vendor/laravel/framework/src/Illuminate/Pipeline/Pipeline.php(144): Illuminate/Foundation/Http/Kernel->{closure:Illuminate/Foundation/Http/Kernel::dispatchToRouter():197}(Object(Illuminate/Http/Request))
#25 C:/Users/maria/Proyecto/ApiApuestasDeportivas/ApiApuestasDeportivas/vendor/laravel/framework/src/Illuminate/Foundation/Http/Middleware/TransformsRequest.php(21): Illuminate/Pipeline/Pipeline->{closure:Illuminate/Pipeline/Pipeline::prepareDestination():142}(Object(Illuminate/Http/Request))
#26 C:/Users/maria/Proyecto/ApiApuestasDeportivas/ApiApuestasDeportivas/vendor/laravel/framework/src/Illuminate/Foundation/Http/Middleware/ConvertEmptyStringsToNull.php(31): Illuminate/Foundation/Http/Middleware/TransformsRequest->handle(Object(Illuminate/Http/Request), Object(Closure))
#27 C:/Users/maria/Proyecto/ApiApuestasDeportivas/ApiApuestasDeportivas/vendor/laravel/framework/src/Illuminate/Pipeline/Pipeline.php(183): Illuminate/Foundation/Http/Middleware/ConvertEmptyStringsToNull->handle(Object(Illuminate/Http/Request), Object(Closure))
#28 C:/Users/maria/Proyecto/ApiApuestasDeportivas/ApiApuestasDeportivas/vendor/laravel/framework/src/Illuminate/Foundation/Http/Middleware/TransformsRequest.php(21): Illuminate/Pipeline/Pipeline->{closure:{closure:Illuminate/Pipeline/Pipeline::carry():158}:159}(Object(Illuminate/Http/Request))
#29 C:/Users/maria/Proyecto/ApiApuestasDeportivas/ApiApuestasDeportivas/vendor/laravel/framework/src/Illuminate/Foundation/Http/Middleware/TrimStrings.php(40): Illuminate/Foundation/Http/Middleware/TransformsRequest->handle(Object(Illuminate/Http/Request), Object(Closure))
#30 C:/Users/maria/Proyecto/ApiApuestasDeportivas/ApiApuestasDeportivas/vendor/laravel/framework/src/Illuminate/Pipeline/Pipeline.php(183): Illuminate/Foundation/Http/Middleware/TrimStrings->handle(Object(Illuminate/Http/Request), Object(Closure))
#31 C:/Users/maria/Proyecto/ApiApuestasDeportivas/ApiApuestasDeportivas/vendor/laravel/framework/src/Illuminate/Foundation/Http/Middleware/ValidatePostSize.php(27): Illuminate/Pipeline/Pipeline->{closure:{closure:Illuminate/Pipeline/Pipeline::carry():158}:159}(Object(Illuminate/Http/Request))
#32 C:/Users/maria/Proyecto/ApiApuestasDeportivas/ApiApuestasDeportivas/vendor/laravel/framework/src/Illuminate/Pipeline/Pipeline.php(183): Illuminate/Foundation/Http/Middleware/ValidatePostSize->handle(Object(Illuminate/Http/Request), Object(Closure))
#33 C:/Users/maria/Proyecto/ApiApuestasDeportivas/ApiApuestasDeportivas/vendor/laravel/framework/src/Illuminate/Foundation/Http/Middleware/PreventRequestsDuringMaintenance.php(99): Illuminate/Pipeline/Pipeline->{closure:{closure:Illuminate/Pipeline/Pipeline::carry():158}:159}(Object(Illuminate/Http/Request))
#34 C:/Users/maria/Proyecto/ApiApuestasDeportivas/ApiApuestasDeportivas/vendor/laravel/framework/src/Illuminate/Pipeline/Pipeline.php(183): Illuminate/Foundation/Http/Middleware/PreventRequestsDuringMaintenance->handle(Object(Illuminate/Http/Request), Object(Closure))
#35 C:/Users/maria/Proyecto/ApiApuestasDeportivas/ApiApuestasDeportivas/vendor/laravel/framework/src/Illuminate/Http/Middleware/HandleCors.php(62): Illuminate/Pipeline/Pipeline->{closure:{closure:Illuminate/Pipeline/Pipeline::carry():158}:159}(Object(Illuminate/Http/Request))
#36 C:/Users/maria/Proyecto/ApiApuestasDeportivas/ApiApuestasDeportivas/vendor/laravel/framework/src/Illuminate/Pipeline/Pipeline.php(183): Illuminate/Http/Middleware/HandleCors->handle(Object(Illuminate/Http/Request), Object(Closure))
#37 C:/Users/maria/Proyecto/ApiApuestasDeportivas/ApiApuestasDeportivas/vendor/laravel/framework/src/Illuminate/Http/Middleware/TrustProxies.php(39): Illuminate/Pipeline/Pipeline->{closure:{closure:Illuminate/Pipeline/Pipeline::carry():158}:159}(Object(Illuminate/Http/Request))
#38 C:/Users/maria/Proyecto/ApiApuestasDeportivas/ApiApuestasDeportivas/vendor/laravel/framework/src/Illuminate/Pipeline/Pipeline.php(183): Illuminate/Http/Middleware/TrustProxies->handle(Object(Illuminate/Http/Request), Object(Closure))
#39 C:/Users/maria/Proyecto/ApiApuestasDeportivas/ApiApuestasDeportivas/vendor/laravel/framework/src/Illuminate/Pipeline/Pipeline.php(119): Illuminate/Pipeline/Pipeline->{closure:{closure:Illuminate/Pipeline/Pipeline::carry():158}:159}(Object(Illuminate/Http/Request))
#40 C:/Users/maria/Proyecto/ApiApuestasDeportivas/ApiApuestasDeportivas/vendor/laravel/framework/src/Illuminate/Foundation/Http/Kernel.php(175): Illuminate/Pipeline/Pipeline->then(Object(Closure))
#41 C:/Users/maria/Proyecto/ApiApuestasDeportivas/ApiApuestasDeportivas/vendor/laravel/framework/src/Illuminate/Foundation/Http/Kernel.php(144): Illuminate/Foundation/Http/Kernel->sendRequestThroughRouter(Object(Illuminate/Http/Request))
#42 C:/Users/maria/Proyecto/ApiApuestasDeportivas/ApiApuestasDeportivas/public/index.php(51): Illuminate/Foundation/Http/Kernel->handle(Object(Illuminate/Http/Request))
#43 C:/Users/maria/Proyecto/ApiApuestasDeportivas/ApiApuestasDeportivas/vendor/laravel/framework/src/Illuminate/Foundation/resources/server.php(16): require_once('C://Users//maria//...')
#44 {main}
"} 
[2026-03-15 00:11:08] local.ERROR: SQLSTATE[42S01]: Base table or view already exists: 1050 Table 'results' already exists (Connection: mysql, SQL: create table `results` (`id` bigint unsigned not null auto_increment primary key, `event_id` bigint unsigned not null, `outcome` varchar(255) not null, `created_at` timestamp null, `updated_at` timestamp null) default character set utf8mb4 collate 'utf8mb4_unicode_ci') {"exception":"[object] (Illuminate\\Database\\QueryException(code: 42S01): SQLSTATE[42S01]: Base table or view already exists: 1050 Table 'results' already exists (Connection: mysql, SQL: create table `results` (`id` bigint unsigned not null auto_increment primary key, `event_id` bigint unsigned not null, `outcome` varchar(255) not null, `created_at` timestamp null, `updated_at` timestamp null) default character set utf8mb4 collate 'utf8mb4_unicode_ci') at C:/Users/maria/Proyecto/ApiApuestasDeportivas/ApiApuestasDeportivas/vendor/laravel/framework/src/Illuminate/Database/Connection.php:829)
[stacktrace]
#0 C:/Users/maria/Proyecto/ApiApuestasDeportivas/ApiApuestasDeportivas/vendor/laravel/framework/src/Illuminate/Database/Connection.php(783): Illuminate/Database/Connection->runQueryCallback('create table `r...', Array, Object(Closure))
#1 C:/Users/maria/Proyecto/ApiApuestasDeportivas/ApiApuestasDeportivas/vendor/laravel/framework/src/Illuminate/Database/Connection.php(576): Illuminate/Database/Connection->run('create table `r...', Array, Object(Closure))
#2 C:/Users/maria/Proyecto/ApiApuestasDeportivas/ApiApuestasDeportivas/vendor/laravel/framework/src/Illuminate/Database/Schema/Blueprint.php(110): Illuminate/Database/Connection->statement('create table `r...')
#3 C:/Users/maria/Proyecto/ApiApuestasDeportivas/ApiApuestasDeportivas/vendor/laravel/framework/src/Illuminate/Database/Schema/Builder.php(602): Illuminate/Database/Schema/Blueprint->build(Object(Illuminate/Database/MySqlConnection), Object(Illuminate/Database/Schema/Grammars/MySqlGrammar))
#4 C:/Users/maria/Proyecto/ApiApuestasDeportivas/ApiApuestasDeportivas/vendor/laravel/framework/src/Illuminate/Database/Schema/Builder.php(456): Illuminate/Database/Schema/Builder->build(Object(Illuminate/Database/Schema/Blueprint))
#5 C:/Users/maria/Proyecto/ApiApuestasDeportivas/ApiApuestasDeportivas/vendor/laravel/framework/src/Illuminate/Support/Facades/Facade.php(355): Illuminate/Database/Schema/Builder->create('results', Object(Closure))
#6 C:/Users/maria/Proyecto/ApiApuestasDeportivas/ApiApuestasDeportivas/database/migrations/2026_03_15_000307_create_results_table.php(14): Illuminate/Support/Facades/Facade::__callStatic('create', Array)
#7 C:/Users/maria/Proyecto/ApiApuestasDeportivas/ApiApuestasDeportivas/vendor/laravel/framework/src/Illuminate/Database/Migrations/Migrator.php(501): Illuminate/Database/Migrations/Migration@anonymous->up()
#8 C:/Users/maria/Proyecto/ApiApuestasDeportivas/ApiApuestasDeportivas/vendor/laravel/framework/src/Illuminate/Database/Migrations/Migrator.php(418): Illuminate/Database/Migrations/Migrator->runMethod(Object(Illuminate/Database/MySqlConnection), Object(Illuminate/Database/Migrations/Migration@anonymous), 'up')
#9 C:/Users/maria/Proyecto/ApiApuestasDeportivas/ApiApuestasDeportivas/vendor/laravel/framework/src/Illuminate/Database/Migrations/Migrator.php(427): Illuminate/Database/Migrations/Migrator->{closure:Illuminate/Database/Migrations/Migrator::runMigration():414}()
#10 C:/Users/maria/Proyecto/ApiApuestasDeportivas/ApiApuestasDeportivas/vendor/laravel/framework/src/Illuminate/Database/Migrations/Migrator.php(224): Illuminate/Database/Migrations/Migrator->runMigration(Object(Illuminate/Database/Migrations/Migration@anonymous), 'up')
#11 C:/Users/maria/Proyecto/ApiApuestasDeportivas/ApiApuestasDeportivas/vendor/laravel/framework/src/Illuminate/Console/View/Components/Task.php(37): Illuminate/Database/Migrations/Migrator->{closure:Illuminate/Database/Migrations/Migrator::runUp():224}()
#12 C:/Users/maria/Proyecto/ApiApuestasDeportivas/ApiApuestasDeportivas/vendor/laravel/framework/src/Illuminate/Database/Migrations/Migrator.php(783): Illuminate/Console/View/Components/Task->render('2026_03_15_0003...', Object(Closure))
#13 C:/Users/maria/Proyecto/ApiApuestasDeportivas/ApiApuestasDeportivas/vendor/laravel/framework/src/Illuminate/Database/Migrations/Migrator.php(224): Illuminate/Database/Migrations/Migrator->write('Illuminate//Cons...', '2026_03_15_0003...', Object(Closure))
#14 C:/Users/maria/Proyecto/ApiApuestasDeportivas/ApiApuestasDeportivas/vendor/laravel/framework/src/Illuminate/Database/Migrations/Migrator.php(189): Illuminate/Database/Migrations/Migrator->runUp('C://Users//maria//...', 6, false)
#15 C:/Users/maria/Proyecto/ApiApuestasDeportivas/ApiApuestasDeportivas/vendor/laravel/framework/src/Illuminate/Database/Migrations/Migrator.php(132): Illuminate/Database/Migrations/Migrator->runPending(Array, Array)
#16 C:/Users/maria/Proyecto/ApiApuestasDeportivas/ApiApuestasDeportivas/vendor/laravel/framework/src/Illuminate/Database/Console/Migrations/MigrateCommand.php(90): Illuminate/Database/Migrations/Migrator->run(Array, Array)
#17 C:/Users/maria/Proyecto/ApiApuestasDeportivas/ApiApuestasDeportivas/vendor/laravel/framework/src/Illuminate/Database/Migrations/Migrator.php(641): Illuminate/Database/Console/Migrations/MigrateCommand->{closure:Illuminate/Database/Console/Migrations/MigrateCommand::handle():83}()
#18 C:/Users/maria/Proyecto/ApiApuestasDeportivas/ApiApuestasDeportivas/vendor/laravel/framework/src/Illuminate/Database/Console/Migrations/MigrateCommand.php(83): Illuminate/Database/Migrations/Migrator->usingConnection(NULL, Object(Closure))
#19 C:/Users/maria/Proyecto/ApiApuestasDeportivas/ApiApuestasDeportivas/vendor/laravel/framework/src/Illuminate/Container/BoundMethod.php(36): Illuminate/Database/Console/Migrations/MigrateCommand->handle()
#20 C:/Users/maria/Proyecto/ApiApuestasDeportivas/ApiApuestasDeportivas/vendor/laravel/framework/src/Illuminate/Container/Util.php(41): Illuminate/Container/BoundMethod::{closure:Illuminate/Container/BoundMethod::call():35}()
#21 C:/Users/maria/Proyecto/ApiApuestasDeportivas/ApiApuestasDeportivas/vendor/laravel/framework/src/Illuminate/Container/BoundMethod.php(93): Illuminate/Container/Util::unwrapIfClosure(Object(Closure))
#22 C:/Users/maria/Proyecto/ApiApuestasDeportivas/ApiApuestasDeportivas/vendor/laravel/framework/src/Illuminate/Container/BoundMethod.php(35): Illuminate/Container/BoundMethod::callBoundMethod(Object(Illuminate/Foundation/Application), Array, Object(Closure))
#23 C:/Users/maria/Proyecto/ApiApuestasDeportivas/ApiApuestasDeportivas/vendor/laravel/framework/src/Illuminate/Container/Container.php(662): Illuminate/Container/BoundMethod::call(Object(Illuminate/Foundation/Application), Array, Array, NULL)
#24 C:/Users/maria/Proyecto/ApiApuestasDeportivas/ApiApuestasDeportivas/vendor/laravel/framework/src/Illuminate/Console/Command.php(211): Illuminate/Container/Container->call(Array)
#25 C:/Users/maria/Proyecto/ApiApuestasDeportivas/ApiApuestasDeportivas/vendor/symfony/console/Command/Command.php(326): Illuminate/Console/Command->execute(Object(Symfony/Component/Console/Input/ArgvInput), Object(Illuminate/Console/OutputStyle))
#26 C:/Users/maria/Proyecto/ApiApuestasDeportivas/ApiApuestasDeportivas/vendor/laravel/framework/src/Illuminate/Console/Command.php(180): Symfony/Component/Console/Command/Command->run(Object(Symfony/Component/Console/Input/ArgvInput), Object(Illuminate/Console/OutputStyle))
#27 C:/Users/maria/Proyecto/ApiApuestasDeportivas/ApiApuestasDeportivas/vendor/symfony/console/Application.php(1121): Illuminate/Console/Command->run(Object(Symfony/Component/Console/Input/ArgvInput), Object(Symfony/Component/Console/Output/ConsoleOutput))
#28 C:/Users/maria/Proyecto/ApiApuestasDeportivas/ApiApuestasDeportivas/vendor/symfony/console/Application.php(324): Symfony/Component/Console/Application->doRunCommand(Object(Illuminate/Database/Console/Migrations/MigrateCommand), Object(Symfony/Component/Console/Input/ArgvInput), Object(Symfony/Component/Console/Output/ConsoleOutput))
#29 C:/Users/maria/Proyecto/ApiApuestasDeportivas/ApiApuestasDeportivas/vendor/symfony/console/Application.php(175): Symfony/Component/Console/Application->doRun(Object(Symfony/Component/Console/Input/ArgvInput), Object(Symfony/Component/Console/Output/ConsoleOutput))
#30 C:/Users/maria/Proyecto/ApiApuestasDeportivas/ApiApuestasDeportivas/vendor/laravel/framework/src/Illuminate/Foundation/Console/Kernel.php(201): Symfony/Component/Console/Application->run(Object(Symfony/Component/Console/Input/ArgvInput), Object(Symfony/Component/Console/Output/ConsoleOutput))
#31 C:/Users/maria/Proyecto/ApiApuestasDeportivas/ApiApuestasDeportivas/artisan(35): Illuminate/Foundation/Console/Kernel->handle(Object(Symfony/Component/Console/Input/ArgvInput), Object(Symfony/Component/Console/Output/ConsoleOutput))
#32 {main}

[previous exception] [object] (PDOException(code: 42S01): SQLSTATE[42S01]: Base table or view already exists: 1050 Table 'results' already exists at C:/Users/maria/Proyecto/ApiApuestasDeportivas/ApiApuestasDeportivas/vendor/laravel/framework/src/Illuminate/Database/Connection.php:587)
[stacktrace]
#0 C:/Users/maria/Proyecto/ApiApuestasDeportivas/ApiApuestasDeportivas/vendor/laravel/framework/src/Illuminate/Database/Connection.php(587): PDOStatement->execute()
#1 C:/Users/maria/Proyecto/ApiApuestasDeportivas/ApiApuestasDeportivas/vendor/laravel/framework/src/Illuminate/Database/Connection.php(816): Illuminate/Database/Connection->{closure:Illuminate/Database/Connection::statement():576}('create table `r...', Array)
#2 C:/Users/maria/Proyecto/ApiApuestasDeportivas/ApiApuestasDeportivas/vendor/laravel/framework/src/Illuminate/Database/Connection.php(783): Illuminate/Database/Connection->runQueryCallback('create table `r...', Array, Object(Closure))
#3 C:/Users/maria/Proyecto/ApiApuestasDeportivas/ApiApuestasDeportivas/vendor/laravel/framework/src/Illuminate/Database/Connection.php(576): Illuminate/Database/Connection->run('create table `r...', Array, Object(Closure))
#4 C:/Users/maria/Proyecto/ApiApuestasDeportivas/ApiApuestasDeportivas/vendor/laravel/framework/src/Illuminate/Database/Schema/Blueprint.php(110): Illuminate/Database/Connection->statement('create table `r...')
#5 C:/Users/maria/Proyecto/ApiApuestasDeportivas/ApiApuestasDeportivas/vendor/laravel/framework/src/Illuminate/Database/Schema/Builder.php(602): Illuminate/Database/Schema/Blueprint->build(Object(Illuminate/Database/MySqlConnection), Object(Illuminate/Database/Schema/Grammars/MySqlGrammar))
#6 C:/Users/maria/Proyecto/ApiApuestasDeportivas/ApiApuestasDeportivas/vendor/laravel/framework/src/Illuminate/Database/Schema/Builder.php(456): Illuminate/Database/Schema/Builder->build(Object(Illuminate/Database/Schema/Blueprint))
#7 C:/Users/maria/Proyecto/ApiApuestasDeportivas/ApiApuestasDeportivas/vendor/laravel/framework/src/Illuminate/Support/Facades/Facade.php(355): Illuminate/Database/Schema/Builder->create('results', Object(Closure))
#8 C:/Users/maria/Proyecto/ApiApuestasDeportivas/ApiApuestasDeportivas/database/migrations/2026_03_15_000307_create_results_table.php(14): Illuminate/Support/Facades/Facade::__callStatic('create', Array)
#9 C:/Users/maria/Proyecto/ApiApuestasDeportivas/ApiApuestasDeportivas/vendor/laravel/framework/src/Illuminate/Database/Migrations/Migrator.php(501): Illuminate/Database/Migrations/Migration@anonymous->up()
#10 C:/Users/maria/Proyecto/ApiApuestasDeportivas/ApiApuestasDeportivas/vendor/laravel/framework/src/Illuminate/Database/Migrations/Migrator.php(418): Illuminate/Database/Migrations/Migrator->runMethod(Object(Illuminate/Database/MySqlConnection), Object(Illuminate/Database/Migrations/Migration@anonymous), 'up')
#11 C:/Users/maria/Proyecto/ApiApuestasDeportivas/ApiApuestasDeportivas/vendor/laravel/framework/src/Illuminate/Database/Migrations/Migrator.php(427): Illuminate/Database/Migrations/Migrator->{closure:Illuminate/Database/Migrations/Migrator::runMigration():414}()
#12 C:/Users/maria/Proyecto/ApiApuestasDeportivas/ApiApuestasDeportivas/vendor/laravel/framework/src/Illuminate/Database/Migrations/Migrator.php(224): Illuminate/Database/Migrations/Migrator->runMigration(Object(Illuminate/Database/Migrations/Migration@anonymous), 'up')
#13 C:/Users/maria/Proyecto/ApiApuestasDeportivas/ApiApuestasDeportivas/vendor/laravel/framework/src/Illuminate/Console/View/Components/Task.php(37): Illuminate/Database/Migrations/Migrator->{closure:Illuminate/Database/Migrations/Migrator::runUp():224}()
#14 C:/Users/maria/Proyecto/ApiApuestasDeportivas/ApiApuestasDeportivas/vendor/laravel/framework/src/Illuminate/Database/Migrations/Migrator.php(783): Illuminate/Console/View/Components/Task->render('2026_03_15_0003...', Object(Closure))
#15 C:/Users/maria/Proyecto/ApiApuestasDeportivas/ApiApuestasDeportivas/vendor/laravel/framework/src/Illuminate/Database/Migrations/Migrator.php(224): Illuminate/Database/Migrations/Migrator->write('Illuminate//Cons...', '2026_03_15_0003...', Object(Closure))
#16 C:/Users/maria/Proyecto/ApiApuestasDeportivas/ApiApuestasDeportivas/vendor/laravel/framework/src/Illuminate/Database/Migrations/Migrator.php(189): Illuminate/Database/Migrations/Migrator->runUp('C://Users//maria//...', 6, false)
#17 C:/Users/maria/Proyecto/ApiApuestasDeportivas/ApiApuestasDeportivas/vendor/laravel/framework/src/Illuminate/Database/Migrations/Migrator.php(132): Illuminate/Database/Migrations/Migrator->runPending(Array, Array)
#18 C:/Users/maria/Proyecto/ApiApuestasDeportivas/ApiApuestasDeportivas/vendor/laravel/framework/src/Illuminate/Database/Console/Migrations/MigrateCommand.php(90): Illuminate/Database/Migrations/Migrator->run(Array, Array)
#19 C:/Users/maria/Proyecto/ApiApuestasDeportivas/ApiApuestasDeportivas/vendor/laravel/framework/src/Illuminate/Database/Migrations/Migrator.php(641): Illuminate/Database/Console/Migrations/MigrateCommand->{closure:Illuminate/Database/Console/Migrations/MigrateCommand::handle():83}()
#20 C:/Users/maria/Proyecto/ApiApuestasDeportivas/ApiApuestasDeportivas/vendor/laravel/framework/src/Illuminate/Database/Console/Migrations/MigrateCommand.php(83): Illuminate/Database/Migrations/Migrator->usingConnection(NULL, Object(Closure))
#21 C:/Users/maria/Proyecto/ApiApuestasDeportivas/ApiApuestasDeportivas/vendor/laravel/framework/src/Illuminate/Container/BoundMethod.php(36): Illuminate/Database/Console/Migrations/MigrateCommand->handle()
#22 C:/Users/maria/Proyecto/ApiApuestasDeportivas/ApiApuestasDeportivas/vendor/laravel/framework/src/Illuminate/Container/Util.php(41): Illuminate/Container/BoundMethod::{closure:Illuminate/Container/BoundMethod::call():35}()
#23 C:/Users/maria/Proyecto/ApiApuestasDeportivas/ApiApuestasDeportivas/vendor/laravel/framework/src/Illuminate/Container/BoundMethod.php(93): Illuminate/Container/Util::unwrapIfClosure(Object(Closure))
#24 C:/Users/maria/Proyecto/ApiApuestasDeportivas/ApiApuestasDeportivas/vendor/laravel/framework/src/Illuminate/Container/BoundMethod.php(35): Illuminate/Container/BoundMethod::callBoundMethod(Object(Illuminate/Foundation/Application), Array, Object(Closure))
#25 C:/Users/maria/Proyecto/ApiApuestasDeportivas/ApiApuestasDeportivas/vendor/laravel/framework/src/Illuminate/Container/Container.php(662): Illuminate/Container/BoundMethod::call(Object(Illuminate/Foundation/Application), Array, Array, NULL)
#26 C:/Users/maria/Proyecto/ApiApuestasDeportivas/ApiApuestasDeportivas/vendor/laravel/framework/src/Illuminate/Console/Command.php(211): Illuminate/Container/Container->call(Array)
#27 C:/Users/maria/Proyecto/ApiApuestasDeportivas/ApiApuestasDeportivas/vendor/symfony/console/Command/Command.php(326): Illuminate/Console/Command->execute(Object(Symfony/Component/Console/Input/ArgvInput), Object(Illuminate/Console/OutputStyle))
#28 C:/Users/maria/Proyecto/ApiApuestasDeportivas/ApiApuestasDeportivas/vendor/laravel/framework/src/Illuminate/Console/Command.php(180): Symfony/Component/Console/Command/Command->run(Object(Symfony/Component/Console/Input/ArgvInput), Object(Illuminate/Console/OutputStyle))
#29 C:/Users/maria/Proyecto/ApiApuestasDeportivas/ApiApuestasDeportivas/vendor/symfony/console/Application.php(1121): Illuminate/Console/Command->run(Object(Symfony/Component/Console/Input/ArgvInput), Object(Symfony/Component/Console/Output/ConsoleOutput))
#30 C:/Users/maria/Proyecto/ApiApuestasDeportivas/ApiApuestasDeportivas/vendor/symfony/console/Application.php(324): Symfony/Component/Console/Application->doRunCommand(Object(Illuminate/Database/Console/Migrations/MigrateCommand), Object(Symfony/Component/Console/Input/ArgvInput), Object(Symfony/Component/Console/Output/ConsoleOutput))
#31 C:/Users/maria/Proyecto/ApiApuestasDeportivas/ApiApuestasDeportivas/vendor/symfony/console/Application.php(175): Symfony/Component/Console/Application->doRun(Object(Symfony/Component/Console/Input/ArgvInput), Object(Symfony/Component/Console/Output/ConsoleOutput))
#32 C:/Users/maria/Proyecto/ApiApuestasDeportivas/ApiApuestasDeportivas/vendor/laravel/framework/src/Illuminate/Foundation/Console/Kernel.php(201): Symfony/Component/Console/Application->run(Object(Symfony/Component/Console/Input/ArgvInput), Object(Symfony/Component/Console/Output/ConsoleOutput))
#33 C:/Users/maria/Proyecto/ApiApuestasDeportivas/ApiApuestasDeportivas/artisan(35): Illuminate/Foundation/Console/Kernel->handle(Object(Symfony/Component/Console/Input/ArgvInput), Object(Symfony/Component/Console/Output/ConsoleOutput))
#34 {main}
"} 
[2026-03-15 00:12:02] local.ERROR: SQLSTATE[HY000]: General error: 1824 Failed to open the referenced table 'events' (Connection: mysql, SQL: alter table `results` add constraint `results_event_id_foreign` foreign key (`event_id`) references `events` (`id`) on delete cascade) {"exception":"[object] (Illuminate\\Database\\QueryException(code: HY000): SQLSTATE[HY000]: General error: 1824 Failed to open the referenced table 'events' (Connection: mysql, SQL: alter table `results` add constraint `results_event_id_foreign` foreign key (`event_id`) references `events` (`id`) on delete cascade) at C:/Users/maria/Proyecto/ApiApuestasDeportivas/ApiApuestasDeportivas/vendor/laravel/framework/src/Illuminate/Database/Connection.php:829)
[stacktrace]
#0 C:/Users/maria/Proyecto/ApiApuestasDeportivas/ApiApuestasDeportivas/vendor/laravel/framework/src/Illuminate/Database/Connection.php(783): Illuminate/Database/Connection->runQueryCallback('alter table `re...', Array, Object(Closure))
#1 C:/Users/maria/Proyecto/ApiApuestasDeportivas/ApiApuestasDeportivas/vendor/laravel/framework/src/Illuminate/Database/Connection.php(576): Illuminate/Database/Connection->run('alter table `re...', Array, Object(Closure))
#2 C:/Users/maria/Proyecto/ApiApuestasDeportivas/ApiApuestasDeportivas/vendor/laravel/framework/src/Illuminate/Database/Schema/Blueprint.php(110): Illuminate/Database/Connection->statement('alter table `re...')
#3 C:/Users/maria/Proyecto/ApiApuestasDeportivas/ApiApuestasDeportivas/vendor/laravel/framework/src/Illuminate/Database/Schema/Builder.php(602): Illuminate/Database/Schema/Blueprint->build(Object(Illuminate/Database/MySqlConnection), Object(Illuminate/Database/Schema/Grammars/MySqlGrammar))
#4 C:/Users/maria/Proyecto/ApiApuestasDeportivas/ApiApuestasDeportivas/vendor/laravel/framework/src/Illuminate/Database/Schema/Builder.php(456): Illuminate/Database/Schema/Builder->build(Object(Illuminate/Database/Schema/Blueprint))
#5 C:/Users/maria/Proyecto/ApiApuestasDeportivas/ApiApuestasDeportivas/vendor/laravel/framework/src/Illuminate/Support/Facades/Facade.php(355): Illuminate/Database/Schema/Builder->create('results', Object(Closure))
#6 C:/Users/maria/Proyecto/ApiApuestasDeportivas/ApiApuestasDeportivas/database/migrations/2026_03_15_000307_create_results_table.php(14): Illuminate/Support/Facades/Facade::__callStatic('create', Array)
#7 C:/Users/maria/Proyecto/ApiApuestasDeportivas/ApiApuestasDeportivas/vendor/laravel/framework/src/Illuminate/Database/Migrations/Migrator.php(501): Illuminate/Database/Migrations/Migration@anonymous->up()
#8 C:/Users/maria/Proyecto/ApiApuestasDeportivas/ApiApuestasDeportivas/vendor/laravel/framework/src/Illuminate/Database/Migrations/Migrator.php(418): Illuminate/Database/Migrations/Migrator->runMethod(Object(Illuminate/Database/MySqlConnection), Object(Illuminate/Database/Migrations/Migration@anonymous), 'up')
#9 C:/Users/maria/Proyecto/ApiApuestasDeportivas/ApiApuestasDeportivas/vendor/laravel/framework/src/Illuminate/Database/Migrations/Migrator.php(427): Illuminate/Database/Migrations/Migrator->{closure:Illuminate/Database/Migrations/Migrator::runMigration():414}()
#10 C:/Users/maria/Proyecto/ApiApuestasDeportivas/ApiApuestasDeportivas/vendor/laravel/framework/src/Illuminate/Database/Migrations/Migrator.php(224): Illuminate/Database/Migrations/Migrator->runMigration(Object(Illuminate/Database/Migrations/Migration@anonymous), 'up')
#11 C:/Users/maria/Proyecto/ApiApuestasDeportivas/ApiApuestasDeportivas/vendor/laravel/framework/src/Illuminate/Console/View/Components/Task.php(37): Illuminate/Database/Migrations/Migrator->{closure:Illuminate/Database/Migrations/Migrator::runUp():224}()
#12 C:/Users/maria/Proyecto/ApiApuestasDeportivas/ApiApuestasDeportivas/vendor/laravel/framework/src/Illuminate/Database/Migrations/Migrator.php(783): Illuminate/Console/View/Components/Task->render('2026_03_15_0003...', Object(Closure))
#13 C:/Users/maria/Proyecto/ApiApuestasDeportivas/ApiApuestasDeportivas/vendor/laravel/framework/src/Illuminate/Database/Migrations/Migrator.php(224): Illuminate/Database/Migrations/Migrator->write('Illuminate//Cons...', '2026_03_15_0003...', Object(Closure))
#14 C:/Users/maria/Proyecto/ApiApuestasDeportivas/ApiApuestasDeportivas/vendor/laravel/framework/src/Illuminate/Database/Migrations/Migrator.php(189): Illuminate/Database/Migrations/Migrator->runUp('C://Users//maria//...', 6, false)
#15 C:/Users/maria/Proyecto/ApiApuestasDeportivas/ApiApuestasDeportivas/vendor/laravel/framework/src/Illuminate/Database/Migrations/Migrator.php(132): Illuminate/Database/Migrations/Migrator->runPending(Array, Array)
#16 C:/Users/maria/Proyecto/ApiApuestasDeportivas/ApiApuestasDeportivas/vendor/laravel/framework/src/Illuminate/Database/Console/Migrations/MigrateCommand.php(90): Illuminate/Database/Migrations/Migrator->run(Array, Array)
#17 C:/Users/maria/Proyecto/ApiApuestasDeportivas/ApiApuestasDeportivas/vendor/laravel/framework/src/Illuminate/Database/Migrations/Migrator.php(641): Illuminate/Database/Console/Migrations/MigrateCommand->{closure:Illuminate/Database/Console/Migrations/MigrateCommand::handle():83}()
#18 C:/Users/maria/Proyecto/ApiApuestasDeportivas/ApiApuestasDeportivas/vendor/laravel/framework/src/Illuminate/Database/Console/Migrations/MigrateCommand.php(83): Illuminate/Database/Migrations/Migrator->usingConnection(NULL, Object(Closure))
#19 C:/Users/maria/Proyecto/ApiApuestasDeportivas/ApiApuestasDeportivas/vendor/laravel/framework/src/Illuminate/Container/BoundMethod.php(36): Illuminate/Database/Console/Migrations/MigrateCommand->handle()
#20 C:/Users/maria/Proyecto/ApiApuestasDeportivas/ApiApuestasDeportivas/vendor/laravel/framework/src/Illuminate/Container/Util.php(41): Illuminate/Container/BoundMethod::{closure:Illuminate/Container/BoundMethod::call():35}()
#21 C:/Users/maria/Proyecto/ApiApuestasDeportivas/ApiApuestasDeportivas/vendor/laravel/framework/src/Illuminate/Container/BoundMethod.php(93): Illuminate/Container/Util::unwrapIfClosure(Object(Closure))
#22 C:/Users/maria/Proyecto/ApiApuestasDeportivas/ApiApuestasDeportivas/vendor/laravel/framework/src/Illuminate/Container/BoundMethod.php(35): Illuminate/Container/BoundMethod::callBoundMethod(Object(Illuminate/Foundation/Application), Array, Object(Closure))
#23 C:/Users/maria/Proyecto/ApiApuestasDeportivas/ApiApuestasDeportivas/vendor/laravel/framework/src/Illuminate/Container/Container.php(662): Illuminate/Container/BoundMethod::call(Object(Illuminate/Foundation/Application), Array, Array, NULL)
#24 C:/Users/maria/Proyecto/ApiApuestasDeportivas/ApiApuestasDeportivas/vendor/laravel/framework/src/Illuminate/Console/Command.php(211): Illuminate/Container/Container->call(Array)
#25 C:/Users/maria/Proyecto/ApiApuestasDeportivas/ApiApuestasDeportivas/vendor/symfony/console/Command/Command.php(326): Illuminate/Console/Command->execute(Object(Symfony/Component/Console/Input/ArgvInput), Object(Illuminate/Console/OutputStyle))
#26 C:/Users/maria/Proyecto/ApiApuestasDeportivas/ApiApuestasDeportivas/vendor/laravel/framework/src/Illuminate/Console/Command.php(180): Symfony/Component/Console/Command/Command->run(Object(Symfony/Component/Console/Input/ArgvInput), Object(Illuminate/Console/OutputStyle))
#27 C:/Users/maria/Proyecto/ApiApuestasDeportivas/ApiApuestasDeportivas/vendor/symfony/console/Application.php(1121): Illuminate/Console/Command->run(Object(Symfony/Component/Console/Input/ArgvInput), Object(Symfony/Component/Console/Output/ConsoleOutput))
#28 C:/Users/maria/Proyecto/ApiApuestasDeportivas/ApiApuestasDeportivas/vendor/symfony/console/Application.php(324): Symfony/Component/Console/Application->doRunCommand(Object(Illuminate/Database/Console/Migrations/MigrateCommand), Object(Symfony/Component/Console/Input/ArgvInput), Object(Symfony/Component/Console/Output/ConsoleOutput))
#29 C:/Users/maria/Proyecto/ApiApuestasDeportivas/ApiApuestasDeportivas/vendor/symfony/console/Application.php(175): Symfony/Component/Console/Application->doRun(Object(Symfony/Component/Console/Input/ArgvInput), Object(Symfony/Component/Console/Output/ConsoleOutput))
#30 C:/Users/maria/Proyecto/ApiApuestasDeportivas/ApiApuestasDeportivas/vendor/laravel/framework/src/Illuminate/Foundation/Console/Kernel.php(201): Symfony/Component/Console/Application->run(Object(Symfony/Component/Console/Input/ArgvInput), Object(Symfony/Component/Console/Output/ConsoleOutput))
#31 C:/Users/maria/Proyecto/ApiApuestasDeportivas/ApiApuestasDeportivas/artisan(35): Illuminate/Foundation/Console/Kernel->handle(Object(Symfony/Component/Console/Input/ArgvInput), Object(Symfony/Component/Console/Output/ConsoleOutput))
#32 {main}

[previous exception] [object] (PDOException(code: HY000): SQLSTATE[HY000]: General error: 1824 Failed to open the referenced table 'events' at C:/Users/maria/Proyecto/ApiApuestasDeportivas/ApiApuestasDeportivas/vendor/laravel/framework/src/Illuminate/Database/Connection.php:587)
[stacktrace]
#0 C:/Users/maria/Proyecto/ApiApuestasDeportivas/ApiApuestasDeportivas/vendor/laravel/framework/src/Illuminate/Database/Connection.php(587): PDOStatement->execute()
#1 C:/Users/maria/Proyecto/ApiApuestasDeportivas/ApiApuestasDeportivas/vendor/laravel/framework/src/Illuminate/Database/Connection.php(816): Illuminate/Database/Connection->{closure:Illuminate/Database/Connection::statement():576}('alter table `re...', Array)
#2 C:/Users/maria/Proyecto/ApiApuestasDeportivas/ApiApuestasDeportivas/vendor/laravel/framework/src/Illuminate/Database/Connection.php(783): Illuminate/Database/Connection->runQueryCallback('alter table `re...', Array, Object(Closure))
#3 C:/Users/maria/Proyecto/ApiApuestasDeportivas/ApiApuestasDeportivas/vendor/laravel/framework/src/Illuminate/Database/Connection.php(576): Illuminate/Database/Connection->run('alter table `re...', Array, Object(Closure))
#4 C:/Users/maria/Proyecto/ApiApuestasDeportivas/ApiApuestasDeportivas/vendor/laravel/framework/src/Illuminate/Database/Schema/Blueprint.php(110): Illuminate/Database/Connection->statement('alter table `re...')
#5 C:/Users/maria/Proyecto/ApiApuestasDeportivas/ApiApuestasDeportivas/vendor/laravel/framework/src/Illuminate/Database/Schema/Builder.php(602): Illuminate/Database/Schema/Blueprint->build(Object(Illuminate/Database/MySqlConnection), Object(Illuminate/Database/Schema/Grammars/MySqlGrammar))
#6 C:/Users/maria/Proyecto/ApiApuestasDeportivas/ApiApuestasDeportivas/vendor/laravel/framework/src/Illuminate/Database/Schema/Builder.php(456): Illuminate/Database/Schema/Builder->build(Object(Illuminate/Database/Schema/Blueprint))
#7 C:/Users/maria/Proyecto/ApiApuestasDeportivas/ApiApuestasDeportivas/vendor/laravel/framework/src/Illuminate/Support/Facades/Facade.php(355): Illuminate/Database/Schema/Builder->create('results', Object(Closure))
#8 C:/Users/maria/Proyecto/ApiApuestasDeportivas/ApiApuestasDeportivas/database/migrations/2026_03_15_000307_create_results_table.php(14): Illuminate/Support/Facades/Facade::__callStatic('create', Array)
#9 C:/Users/maria/Proyecto/ApiApuestasDeportivas/ApiApuestasDeportivas/vendor/laravel/framework/src/Illuminate/Database/Migrations/Migrator.php(501): Illuminate/Database/Migrations/Migration@anonymous->up()
#10 C:/Users/maria/Proyecto/ApiApuestasDeportivas/ApiApuestasDeportivas/vendor/laravel/framework/src/Illuminate/Database/Migrations/Migrator.php(418): Illuminate/Database/Migrations/Migrator->runMethod(Object(Illuminate/Database/MySqlConnection), Object(Illuminate/Database/Migrations/Migration@anonymous), 'up')
#11 C:/Users/maria/Proyecto/ApiApuestasDeportivas/ApiApuestasDeportivas/vendor/laravel/framework/src/Illuminate/Database/Migrations/Migrator.php(427): Illuminate/Database/Migrations/Migrator->{closure:Illuminate/Database/Migrations/Migrator::runMigration():414}()
#12 C:/Users/maria/Proyecto/ApiApuestasDeportivas/ApiApuestasDeportivas/vendor/laravel/framework/src/Illuminate/Database/Migrations/Migrator.php(224): Illuminate/Database/Migrations/Migrator->runMigration(Object(Illuminate/Database/Migrations/Migration@anonymous), 'up')
#13 C:/Users/maria/Proyecto/ApiApuestasDeportivas/ApiApuestasDeportivas/vendor/laravel/framework/src/Illuminate/Console/View/Components/Task.php(37): Illuminate/Database/Migrations/Migrator->{closure:Illuminate/Database/Migrations/Migrator::runUp():224}()
#14 C:/Users/maria/Proyecto/ApiApuestasDeportivas/ApiApuestasDeportivas/vendor/laravel/framework/src/Illuminate/Database/Migrations/Migrator.php(783): Illuminate/Console/View/Components/Task->render('2026_03_15_0003...', Object(Closure))
#15 C:/Users/maria/Proyecto/ApiApuestasDeportivas/ApiApuestasDeportivas/vendor/laravel/framework/src/Illuminate/Database/Migrations/Migrator.php(224): Illuminate/Database/Migrations/Migrator->write('Illuminate//Cons...', '2026_03_15_0003...', Object(Closure))
#16 C:/Users/maria/Proyecto/ApiApuestasDeportivas/ApiApuestasDeportivas/vendor/laravel/framework/src/Illuminate/Database/Migrations/Migrator.php(189): Illuminate/Database/Migrations/Migrator->runUp('C://Users//maria//...', 6, false)
#17 C:/Users/maria/Proyecto/ApiApuestasDeportivas/ApiApuestasDeportivas/vendor/laravel/framework/src/Illuminate/Database/Migrations/Migrator.php(132): Illuminate/Database/Migrations/Migrator->runPending(Array, Array)
#18 C:/Users/maria/Proyecto/ApiApuestasDeportivas/ApiApuestasDeportivas/vendor/laravel/framework/src/Illuminate/Database/Console/Migrations/MigrateCommand.php(90): Illuminate/Database/Migrations/Migrator->run(Array, Array)
#19 C:/Users/maria/Proyecto/ApiApuestasDeportivas/ApiApuestasDeportivas/vendor/laravel/framework/src/Illuminate/Database/Migrations/Migrator.php(641): Illuminate/Database/Console/Migrations/MigrateCommand->{closure:Illuminate/Database/Console/Migrations/MigrateCommand::handle():83}()
#20 C:/Users/maria/Proyecto/ApiApuestasDeportivas/ApiApuestasDeportivas/vendor/laravel/framework/src/Illuminate/Database/Console/Migrations/MigrateCommand.php(83): Illuminate/Database/Migrations/Migrator->usingConnection(NULL, Object(Closure))
#21 C:/Users/maria/Proyecto/ApiApuestasDeportivas/ApiApuestasDeportivas/vendor/laravel/framework/src/Illuminate/Container/BoundMethod.php(36): Illuminate/Database/Console/Migrations/MigrateCommand->handle()
#22 C:/Users/maria/Proyecto/ApiApuestasDeportivas/ApiApuestasDeportivas/vendor/laravel/framework/src/Illuminate/Container/Util.php(41): Illuminate/Container/BoundMethod::{closure:Illuminate/Container/BoundMethod::call():35}()
#23 C:/Users/maria/Proyecto/ApiApuestasDeportivas/ApiApuestasDeportivas/vendor/laravel/framework/src/Illuminate/Container/BoundMethod.php(93): Illuminate/Container/Util::unwrapIfClosure(Object(Closure))
#24 C:/Users/maria/Proyecto/ApiApuestasDeportivas/ApiApuestasDeportivas/vendor/laravel/framework/src/Illuminate/Container/BoundMethod.php(35): Illuminate/Container/BoundMethod::callBoundMethod(Object(Illuminate/Foundation/Application), Array, Object(Closure))
#25 C:/Users/maria/Proyecto/ApiApuestasDeportivas/ApiApuestasDeportivas/vendor/laravel/framework/src/Illuminate/Container/Container.php(662): Illuminate/Container/BoundMethod::call(Object(Illuminate/Foundation/Application), Array, Array, NULL)
#26 C:/Users/maria/Proyecto/ApiApuestasDeportivas/ApiApuestasDeportivas/vendor/laravel/framework/src/Illuminate/Console/Command.php(211): Illuminate/Container/Container->call(Array)
#27 C:/Users/maria/Proyecto/ApiApuestasDeportivas/ApiApuestasDeportivas/vendor/symfony/console/Command/Command.php(326): Illuminate/Console/Command->execute(Object(Symfony/Component/Console/Input/ArgvInput), Object(Illuminate/Console/OutputStyle))
#28 C:/Users/maria/Proyecto/ApiApuestasDeportivas/ApiApuestasDeportivas/vendor/laravel/framework/src/Illuminate/Console/Command.php(180): Symfony/Component/Console/Command/Command->run(Object(Symfony/Component/Console/Input/ArgvInput), Object(Illuminate/Console/OutputStyle))
#29 C:/Users/maria/Proyecto/ApiApuestasDeportivas/ApiApuestasDeportivas/vendor/symfony/console/Application.php(1121): Illuminate/Console/Command->run(Object(Symfony/Component/Console/Input/ArgvInput), Object(Symfony/Component/Console/Output/ConsoleOutput))
#30 C:/Users/maria/Proyecto/ApiApuestasDeportivas/ApiApuestasDeportivas/vendor/symfony/console/Application.php(324): Symfony/Component/Console/Application->doRunCommand(Object(Illuminate/Database/Console/Migrations/MigrateCommand), Object(Symfony/Component/Console/Input/ArgvInput), Object(Symfony/Component/Console/Output/ConsoleOutput))
#31 C:/Users/maria/Proyecto/ApiApuestasDeportivas/ApiApuestasDeportivas/vendor/symfony/console/Application.php(175): Symfony/Component/Console/Application->doRun(Object(Symfony/Component/Console/Input/ArgvInput), Object(Symfony/Component/Console/Output/ConsoleOutput))
#32 C:/Users/maria/Proyecto/ApiApuestasDeportivas/ApiApuestasDeportivas/vendor/laravel/framework/src/Illuminate/Foundation/Console/Kernel.php(201): Symfony/Component/Console/Application->run(Object(Symfony/Component/Console/Input/ArgvInput), Object(Symfony/Component/Console/Output/ConsoleOutput))
#33 C:/Users/maria/Proyecto/ApiApuestasDeportivas/ApiApuestasDeportivas/artisan(35): Illuminate/Foundation/Console/Kernel->handle(Object(Symfony/Component/Console/Input/ArgvInput), Object(Symfony/Component/Console/Output/ConsoleOutput))
#34 {main}
"} 
[2026-03-15 00:13:12] local.ERROR: SQLSTATE[42S01]: Base table or view already exists: 1050 Table 'results' already exists (Connection: mysql, SQL: create table `results` (`id` bigint unsigned not null auto_increment primary key, `event_id` bigint unsigned not null, `outcome` varchar(255) not null, `created_at` timestamp null, `updated_at` timestamp null) default character set utf8mb4 collate 'utf8mb4_unicode_ci') {"exception":"[object] (Illuminate\\Database\\QueryException(code: 42S01): SQLSTATE[42S01]: Base table or view already exists: 1050 Table 'results' already exists (Connection: mysql, SQL: create table `results` (`id` bigint unsigned not null auto_increment primary key, `event_id` bigint unsigned not null, `outcome` varchar(255) not null, `created_at` timestamp null, `updated_at` timestamp null) default character set utf8mb4 collate 'utf8mb4_unicode_ci') at C:/Users/maria/Proyecto/ApiApuestasDeportivas/ApiApuestasDeportivas/vendor/laravel/framework/src/Illuminate/Database/Connection.php:829)
[stacktrace]
#0 C:/Users/maria/Proyecto/ApiApuestasDeportivas/ApiApuestasDeportivas/vendor/laravel/framework/src/Illuminate/Database/Connection.php(783): Illuminate/Database/Connection->runQueryCallback('create table `r...', Array, Object(Closure))
#1 C:/Users/maria/Proyecto/ApiApuestasDeportivas/ApiApuestasDeportivas/vendor/laravel/framework/src/Illuminate/Database/Connection.php(576): Illuminate/Database/Connection->run('create table `r...', Array, Object(Closure))
#2 C:/Users/maria/Proyecto/ApiApuestasDeportivas/ApiApuestasDeportivas/vendor/laravel/framework/src/Illuminate/Database/Schema/Blueprint.php(110): Illuminate/Database/Connection->statement('create table `r...')
#3 C:/Users/maria/Proyecto/ApiApuestasDeportivas/ApiApuestasDeportivas/vendor/laravel/framework/src/Illuminate/Database/Schema/Builder.php(602): Illuminate/Database/Schema/Blueprint->build(Object(Illuminate/Database/MySqlConnection), Object(Illuminate/Database/Schema/Grammars/MySqlGrammar))
#4 C:/Users/maria/Proyecto/ApiApuestasDeportivas/ApiApuestasDeportivas/vendor/laravel/framework/src/Illuminate/Database/Schema/Builder.php(456): Illuminate/Database/Schema/Builder->build(Object(Illuminate/Database/Schema/Blueprint))
#5 C:/Users/maria/Proyecto/ApiApuestasDeportivas/ApiApuestasDeportivas/vendor/laravel/framework/src/Illuminate/Support/Facades/Facade.php(355): Illuminate/Database/Schema/Builder->create('results', Object(Closure))
#6 C:/Users/maria/Proyecto/ApiApuestasDeportivas/ApiApuestasDeportivas/database/migrations/2026_03_15_000307_create_results_table.php(14): Illuminate/Support/Facades/Facade::__callStatic('create', Array)
#7 C:/Users/maria/Proyecto/ApiApuestasDeportivas/ApiApuestasDeportivas/vendor/laravel/framework/src/Illuminate/Database/Migrations/Migrator.php(501): Illuminate/Database/Migrations/Migration@anonymous->up()
#8 C:/Users/maria/Proyecto/ApiApuestasDeportivas/ApiApuestasDeportivas/vendor/laravel/framework/src/Illuminate/Database/Migrations/Migrator.php(418): Illuminate/Database/Migrations/Migrator->runMethod(Object(Illuminate/Database/MySqlConnection), Object(Illuminate/Database/Migrations/Migration@anonymous), 'up')
#9 C:/Users/maria/Proyecto/ApiApuestasDeportivas/ApiApuestasDeportivas/vendor/laravel/framework/src/Illuminate/Database/Migrations/Migrator.php(427): Illuminate/Database/Migrations/Migrator->{closure:Illuminate/Database/Migrations/Migrator::runMigration():414}()
#10 C:/Users/maria/Proyecto/ApiApuestasDeportivas/ApiApuestasDeportivas/vendor/laravel/framework/src/Illuminate/Database/Migrations/Migrator.php(224): Illuminate/Database/Migrations/Migrator->runMigration(Object(Illuminate/Database/Migrations/Migration@anonymous), 'up')
#11 C:/Users/maria/Proyecto/ApiApuestasDeportivas/ApiApuestasDeportivas/vendor/laravel/framework/src/Illuminate/Console/View/Components/Task.php(37): Illuminate/Database/Migrations/Migrator->{closure:Illuminate/Database/Migrations/Migrator::runUp():224}()
#12 C:/Users/maria/Proyecto/ApiApuestasDeportivas/ApiApuestasDeportivas/vendor/laravel/framework/src/Illuminate/Database/Migrations/Migrator.php(783): Illuminate/Console/View/Components/Task->render('2026_03_15_0003...', Object(Closure))
#13 C:/Users/maria/Proyecto/ApiApuestasDeportivas/ApiApuestasDeportivas/vendor/laravel/framework/src/Illuminate/Database/Migrations/Migrator.php(224): Illuminate/Database/Migrations/Migrator->write('Illuminate//Cons...', '2026_03_15_0003...', Object(Closure))
#14 C:/Users/maria/Proyecto/ApiApuestasDeportivas/ApiApuestasDeportivas/vendor/laravel/framework/src/Illuminate/Database/Migrations/Migrator.php(189): Illuminate/Database/Migrations/Migrator->runUp('C://Users//maria//...', 6, false)
#15 C:/Users/maria/Proyecto/ApiApuestasDeportivas/ApiApuestasDeportivas/vendor/laravel/framework/src/Illuminate/Database/Migrations/Migrator.php(132): Illuminate/Database/Migrations/Migrator->runPending(Array, Array)
#16 C:/Users/maria/Proyecto/ApiApuestasDeportivas/ApiApuestasDeportivas/vendor/laravel/framework/src/Illuminate/Database/Console/Migrations/MigrateCommand.php(90): Illuminate/Database/Migrations/Migrator->run(Array, Array)
#17 C:/Users/maria/Proyecto/ApiApuestasDeportivas/ApiApuestasDeportivas/vendor/laravel/framework/src/Illuminate/Database/Migrations/Migrator.php(641): Illuminate/Database/Console/Migrations/MigrateCommand->{closure:Illuminate/Database/Console/Migrations/MigrateCommand::handle():83}()
#18 C:/Users/maria/Proyecto/ApiApuestasDeportivas/ApiApuestasDeportivas/vendor/laravel/framework/src/Illuminate/Database/Console/Migrations/MigrateCommand.php(83): Illuminate/Database/Migrations/Migrator->usingConnection(NULL, Object(Closure))
#19 C:/Users/maria/Proyecto/ApiApuestasDeportivas/ApiApuestasDeportivas/vendor/laravel/framework/src/Illuminate/Container/BoundMethod.php(36): Illuminate/Database/Console/Migrations/MigrateCommand->handle()
#20 C:/Users/maria/Proyecto/ApiApuestasDeportivas/ApiApuestasDeportivas/vendor/laravel/framework/src/Illuminate/Container/Util.php(41): Illuminate/Container/BoundMethod::{closure:Illuminate/Container/BoundMethod::call():35}()
#21 C:/Users/maria/Proyecto/ApiApuestasDeportivas/ApiApuestasDeportivas/vendor/laravel/framework/src/Illuminate/Container/BoundMethod.php(93): Illuminate/Container/Util::unwrapIfClosure(Object(Closure))
#22 C:/Users/maria/Proyecto/ApiApuestasDeportivas/ApiApuestasDeportivas/vendor/laravel/framework/src/Illuminate/Container/BoundMethod.php(35): Illuminate/Container/BoundMethod::callBoundMethod(Object(Illuminate/Foundation/Application), Array, Object(Closure))
#23 C:/Users/maria/Proyecto/ApiApuestasDeportivas/ApiApuestasDeportivas/vendor/laravel/framework/src/Illuminate/Container/Container.php(662): Illuminate/Container/BoundMethod::call(Object(Illuminate/Foundation/Application), Array, Array, NULL)
#24 C:/Users/maria/Proyecto/ApiApuestasDeportivas/ApiApuestasDeportivas/vendor/laravel/framework/src/Illuminate/Console/Command.php(211): Illuminate/Container/Container->call(Array)
#25 C:/Users/maria/Proyecto/ApiApuestasDeportivas/ApiApuestasDeportivas/vendor/symfony/console/Command/Command.php(326): Illuminate/Console/Command->execute(Object(Symfony/Component/Console/Input/ArgvInput), Object(Illuminate/Console/OutputStyle))
#26 C:/Users/maria/Proyecto/ApiApuestasDeportivas/ApiApuestasDeportivas/vendor/laravel/framework/src/Illuminate/Console/Command.php(180): Symfony/Component/Console/Command/Command->run(Object(Symfony/Component/Console/Input/ArgvInput), Object(Illuminate/Console/OutputStyle))
#27 C:/Users/maria/Proyecto/ApiApuestasDeportivas/ApiApuestasDeportivas/vendor/symfony/console/Application.php(1121): Illuminate/Console/Command->run(Object(Symfony/Component/Console/Input/ArgvInput), Object(Symfony/Component/Console/Output/ConsoleOutput))
#28 C:/Users/maria/Proyecto/ApiApuestasDeportivas/ApiApuestasDeportivas/vendor/symfony/console/Application.php(324): Symfony/Component/Console/Application->doRunCommand(Object(Illuminate/Database/Console/Migrations/MigrateCommand), Object(Symfony/Component/Console/Input/ArgvInput), Object(Symfony/Component/Console/Output/ConsoleOutput))
#29 C:/Users/maria/Proyecto/ApiApuestasDeportivas/ApiApuestasDeportivas/vendor/symfony/console/Application.php(175): Symfony/Component/Console/Application->doRun(Object(Symfony/Component/Console/Input/ArgvInput), Object(Symfony/Component/Console/Output/ConsoleOutput))
#30 C:/Users/maria/Proyecto/ApiApuestasDeportivas/ApiApuestasDeportivas/vendor/laravel/framework/src/Illuminate/Foundation/Console/Kernel.php(201): Symfony/Component/Console/Application->run(Object(Symfony/Component/Console/Input/ArgvInput), Object(Symfony/Component/Console/Output/ConsoleOutput))
#31 C:/Users/maria/Proyecto/ApiApuestasDeportivas/ApiApuestasDeportivas/artisan(35): Illuminate/Foundation/Console/Kernel->handle(Object(Symfony/Component/Console/Input/ArgvInput), Object(Symfony/Component/Console/Output/ConsoleOutput))
#32 {main}

[previous exception] [object] (PDOException(code: 42S01): SQLSTATE[42S01]: Base table or view already exists: 1050 Table 'results' already exists at C:/Users/maria/Proyecto/ApiApuestasDeportivas/ApiApuestasDeportivas/vendor/laravel/framework/src/Illuminate/Database/Connection.php:587)
[stacktrace]
#0 C:/Users/maria/Proyecto/ApiApuestasDeportivas/ApiApuestasDeportivas/vendor/laravel/framework/src/Illuminate/Database/Connection.php(587): PDOStatement->execute()
#1 C:/Users/maria/Proyecto/ApiApuestasDeportivas/ApiApuestasDeportivas/vendor/laravel/framework/src/Illuminate/Database/Connection.php(816): Illuminate/Database/Connection->{closure:Illuminate/Database/Connection::statement():576}('create table `r...', Array)
#2 C:/Users/maria/Proyecto/ApiApuestasDeportivas/ApiApuestasDeportivas/vendor/laravel/framework/src/Illuminate/Database/Connection.php(783): Illuminate/Database/Connection->runQueryCallback('create table `r...', Array, Object(Closure))
#3 C:/Users/maria/Proyecto/ApiApuestasDeportivas/ApiApuestasDeportivas/vendor/laravel/framework/src/Illuminate/Database/Connection.php(576): Illuminate/Database/Connection->run('create table `r...', Array, Object(Closure))
#4 C:/Users/maria/Proyecto/ApiApuestasDeportivas/ApiApuestasDeportivas/vendor/laravel/framework/src/Illuminate/Database/Schema/Blueprint.php(110): Illuminate/Database/Connection->statement('create table `r...')
#5 C:/Users/maria/Proyecto/ApiApuestasDeportivas/ApiApuestasDeportivas/vendor/laravel/framework/src/Illuminate/Database/Schema/Builder.php(602): Illuminate/Database/Schema/Blueprint->build(Object(Illuminate/Database/MySqlConnection), Object(Illuminate/Database/Schema/Grammars/MySqlGrammar))
#6 C:/Users/maria/Proyecto/ApiApuestasDeportivas/ApiApuestasDeportivas/vendor/laravel/framework/src/Illuminate/Database/Schema/Builder.php(456): Illuminate/Database/Schema/Builder->build(Object(Illuminate/Database/Schema/Blueprint))
#7 C:/Users/maria/Proyecto/ApiApuestasDeportivas/ApiApuestasDeportivas/vendor/laravel/framework/src/Illuminate/Support/Facades/Facade.php(355): Illuminate/Database/Schema/Builder->create('results', Object(Closure))
#8 C:/Users/maria/Proyecto/ApiApuestasDeportivas/ApiApuestasDeportivas/database/migrations/2026_03_15_000307_create_results_table.php(14): Illuminate/Support/Facades/Facade::__callStatic('create', Array)
#9 C:/Users/maria/Proyecto/ApiApuestasDeportivas/ApiApuestasDeportivas/vendor/laravel/framework/src/Illuminate/Database/Migrations/Migrator.php(501): Illuminate/Database/Migrations/Migration@anonymous->up()
#10 C:/Users/maria/Proyecto/ApiApuestasDeportivas/ApiApuestasDeportivas/vendor/laravel/framework/src/Illuminate/Database/Migrations/Migrator.php(418): Illuminate/Database/Migrations/Migrator->runMethod(Object(Illuminate/Database/MySqlConnection), Object(Illuminate/Database/Migrations/Migration@anonymous), 'up')
#11 C:/Users/maria/Proyecto/ApiApuestasDeportivas/ApiApuestasDeportivas/vendor/laravel/framework/src/Illuminate/Database/Migrations/Migrator.php(427): Illuminate/Database/Migrations/Migrator->{closure:Illuminate/Database/Migrations/Migrator::runMigration():414}()
#12 C:/Users/maria/Proyecto/ApiApuestasDeportivas/ApiApuestasDeportivas/vendor/laravel/framework/src/Illuminate/Database/Migrations/Migrator.php(224): Illuminate/Database/Migrations/Migrator->runMigration(Object(Illuminate/Database/Migrations/Migration@anonymous), 'up')
#13 C:/Users/maria/Proyecto/ApiApuestasDeportivas/ApiApuestasDeportivas/vendor/laravel/framework/src/Illuminate/Console/View/Components/Task.php(37): Illuminate/Database/Migrations/Migrator->{closure:Illuminate/Database/Migrations/Migrator::runUp():224}()
#14 C:/Users/maria/Proyecto/ApiApuestasDeportivas/ApiApuestasDeportivas/vendor/laravel/framework/src/Illuminate/Database/Migrations/Migrator.php(783): Illuminate/Console/View/Components/Task->render('2026_03_15_0003...', Object(Closure))
#15 C:/Users/maria/Proyecto/ApiApuestasDeportivas/ApiApuestasDeportivas/vendor/laravel/framework/src/Illuminate/Database/Migrations/Migrator.php(224): Illuminate/Database/Migrations/Migrator->write('Illuminate//Cons...', '2026_03_15_0003...', Object(Closure))
#16 C:/Users/maria/Proyecto/ApiApuestasDeportivas/ApiApuestasDeportivas/vendor/laravel/framework/src/Illuminate/Database/Migrations/Migrator.php(189): Illuminate/Database/Migrations/Migrator->runUp('C://Users//maria//...', 6, false)
#17 C:/Users/maria/Proyecto/ApiApuestasDeportivas/ApiApuestasDeportivas/vendor/laravel/framework/src/Illuminate/Database/Migrations/Migrator.php(132): Illuminate/Database/Migrations/Migrator->runPending(Array, Array)
#18 C:/Users/maria/Proyecto/ApiApuestasDeportivas/ApiApuestasDeportivas/vendor/laravel/framework/src/Illuminate/Database/Console/Migrations/MigrateCommand.php(90): Illuminate/Database/Migrations/Migrator->run(Array, Array)
#19 C:/Users/maria/Proyecto/ApiApuestasDeportivas/ApiApuestasDeportivas/vendor/laravel/framework/src/Illuminate/Database/Migrations/Migrator.php(641): Illuminate/Database/Console/Migrations/MigrateCommand->{closure:Illuminate/Database/Console/Migrations/MigrateCommand::handle():83}()
#20 C:/Users/maria/Proyecto/ApiApuestasDeportivas/ApiApuestasDeportivas/vendor/laravel/framework/src/Illuminate/Database/Console/Migrations/MigrateCommand.php(83): Illuminate/Database/Migrations/Migrator->usingConnection(NULL, Object(Closure))
#21 C:/Users/maria/Proyecto/ApiApuestasDeportivas/ApiApuestasDeportivas/vendor/laravel/framework/src/Illuminate/Container/BoundMethod.php(36): Illuminate/Database/Console/Migrations/MigrateCommand->handle()
#22 C:/Users/maria/Proyecto/ApiApuestasDeportivas/ApiApuestasDeportivas/vendor/laravel/framework/src/Illuminate/Container/Util.php(41): Illuminate/Container/BoundMethod::{closure:Illuminate/Container/BoundMethod::call():35}()
#23 C:/Users/maria/Proyecto/ApiApuestasDeportivas/ApiApuestasDeportivas/vendor/laravel/framework/src/Illuminate/Container/BoundMethod.php(93): Illuminate/Container/Util::unwrapIfClosure(Object(Closure))
#24 C:/Users/maria/Proyecto/ApiApuestasDeportivas/ApiApuestasDeportivas/vendor/laravel/framework/src/Illuminate/Container/BoundMethod.php(35): Illuminate/Container/BoundMethod::callBoundMethod(Object(Illuminate/Foundation/Application), Array, Object(Closure))
#25 C:/Users/maria/Proyecto/ApiApuestasDeportivas/ApiApuestasDeportivas/vendor/laravel/framework/src/Illuminate/Container/Container.php(662): Illuminate/Container/BoundMethod::call(Object(Illuminate/Foundation/Application), Array, Array, NULL)
#26 C:/Users/maria/Proyecto/ApiApuestasDeportivas/ApiApuestasDeportivas/vendor/laravel/framework/src/Illuminate/Console/Command.php(211): Illuminate/Container/Container->call(Array)
#27 C:/Users/maria/Proyecto/ApiApuestasDeportivas/ApiApuestasDeportivas/vendor/symfony/console/Command/Command.php(326): Illuminate/Console/Command->execute(Object(Symfony/Component/Console/Input/ArgvInput), Object(Illuminate/Console/OutputStyle))
#28 C:/Users/maria/Proyecto/ApiApuestasDeportivas/ApiApuestasDeportivas/vendor/laravel/framework/src/Illuminate/Console/Command.php(180): Symfony/Component/Console/Command/Command->run(Object(Symfony/Component/Console/Input/ArgvInput), Object(Illuminate/Console/OutputStyle))
#29 C:/Users/maria/Proyecto/ApiApuestasDeportivas/ApiApuestasDeportivas/vendor/symfony/console/Application.php(1121): Illuminate/Console/Command->run(Object(Symfony/Component/Console/Input/ArgvInput), Object(Symfony/Component/Console/Output/ConsoleOutput))
#30 C:/Users/maria/Proyecto/ApiApuestasDeportivas/ApiApuestasDeportivas/vendor/symfony/console/Application.php(324): Symfony/Component/Console/Application->doRunCommand(Object(Illuminate/Database/Console/Migrations/MigrateCommand), Object(Symfony/Component/Console/Input/ArgvInput), Object(Symfony/Component/Console/Output/ConsoleOutput))
#31 C:/Users/maria/Proyecto/ApiApuestasDeportivas/ApiApuestasDeportivas/vendor/symfony/console/Application.php(175): Symfony/Component/Console/Application->doRun(Object(Symfony/Component/Console/Input/ArgvInput), Object(Symfony/Component/Console/Output/ConsoleOutput))
#32 C:/Users/maria/Proyecto/ApiApuestasDeportivas/ApiApuestasDeportivas/vendor/laravel/framework/src/Illuminate/Foundation/Console/Kernel.php(201): Symfony/Component/Console/Application->run(Object(Symfony/Component/Console/Input/ArgvInput), Object(Symfony/Component/Console/Output/ConsoleOutput))
#33 C:/Users/maria/Proyecto/ApiApuestasDeportivas/ApiApuestasDeportivas/artisan(35): Illuminate/Foundation/Console/Kernel->handle(Object(Symfony/Component/Console/Input/ArgvInput), Object(Symfony/Component/Console/Output/ConsoleOutput))
#34 {main}
"} 
[2026-03-15 05:19:02] local.ERROR: Class "App\Http\Controllers\Event" not found {"userId":1,"exception":"[object] (Error(code: 0): Class \"App\\Http\\Controllers\\Event\" not found at C:/Users/maria/ApiApuestasDeportivas/ApiApuestasDeportivas/app/Http/Controllers/BetController.php:24)
[stacktrace]
#0 C:/Users/maria/ApiApuestasDeportivas/ApiApuestasDeportivas/vendor/laravel/framework/src/Illuminate/Routing/Controller.php(54): App/Http/Controllers/BetController->placeBet(Object(Illuminate/Http/Request))
#1 C:/Users/maria/ApiApuestasDeportivas/ApiApuestasDeportivas/vendor/laravel/framework/src/Illuminate/Routing/ControllerDispatcher.php(43): Illuminate/Routing/Controller->callAction('placeBet', Array)
#2 C:/Users/maria/ApiApuestasDeportivas/ApiApuestasDeportivas/vendor/laravel/framework/src/Illuminate/Routing/Route.php(259): Illuminate/Routing/ControllerDispatcher->dispatch(Object(Illuminate/Routing/Route), Object(App/Http/Controllers/BetController), 'placeBet')
#3 C:/Users/maria/ApiApuestasDeportivas/ApiApuestasDeportivas/vendor/laravel/framework/src/Illuminate/Routing/Route.php(205): Illuminate/Routing/Route->runController()
#4 C:/Users/maria/ApiApuestasDeportivas/ApiApuestasDeportivas/vendor/laravel/framework/src/Illuminate/Routing/Router.php(806): Illuminate/Routing/Route->run()
#5 C:/Users/maria/ApiApuestasDeportivas/ApiApuestasDeportivas/vendor/laravel/framework/src/Illuminate/Pipeline/Pipeline.php(144): Illuminate/Routing/Router->{closure:Illuminate/Routing/Router::runRouteWithinStack():805}(Object(Illuminate/Http/Request))
#6 C:/Users/maria/ApiApuestasDeportivas/ApiApuestasDeportivas/vendor/laravel/framework/src/Illuminate/Routing/Middleware/SubstituteBindings.php(50): Illuminate/Pipeline/Pipeline->{closure:Illuminate/Pipeline/Pipeline::prepareDestination():142}(Object(Illuminate/Http/Request))
#7 C:/Users/maria/ApiApuestasDeportivas/ApiApuestasDeportivas/vendor/laravel/framework/src/Illuminate/Pipeline/Pipeline.php(183): Illuminate/Routing/Middleware/SubstituteBindings->handle(Object(Illuminate/Http/Request), Object(Closure))
#8 C:/Users/maria/ApiApuestasDeportivas/ApiApuestasDeportivas/vendor/laravel/framework/src/Illuminate/Routing/Middleware/ThrottleRequests.php(159): Illuminate/Pipeline/Pipeline->{closure:{closure:Illuminate/Pipeline/Pipeline::carry():158}:159}(Object(Illuminate/Http/Request))
#9 C:/Users/maria/ApiApuestasDeportivas/ApiApuestasDeportivas/vendor/laravel/framework/src/Illuminate/Routing/Middleware/ThrottleRequests.php(125): Illuminate/Routing/Middleware/ThrottleRequests->handleRequest(Object(Illuminate/Http/Request), Object(Closure), Array)
#10 C:/Users/maria/ApiApuestasDeportivas/ApiApuestasDeportivas/vendor/laravel/framework/src/Illuminate/Routing/Middleware/ThrottleRequests.php(87): Illuminate/Routing/Middleware/ThrottleRequests->handleRequestUsingNamedLimiter(Object(Illuminate/Http/Request), Object(Closure), 'api', Object(Closure))
#11 C:/Users/maria/ApiApuestasDeportivas/ApiApuestasDeportivas/vendor/laravel/framework/src/Illuminate/Pipeline/Pipeline.php(183): Illuminate/Routing/Middleware/ThrottleRequests->handle(Object(Illuminate/Http/Request), Object(Closure), 'api')
#12 C:/Users/maria/ApiApuestasDeportivas/ApiApuestasDeportivas/vendor/laravel/framework/src/Illuminate/Auth/Middleware/Authenticate.php(57): Illuminate/Pipeline/Pipeline->{closure:{closure:Illuminate/Pipeline/Pipeline::carry():158}:159}(Object(Illuminate/Http/Request))
#13 C:/Users/maria/ApiApuestasDeportivas/ApiApuestasDeportivas/vendor/laravel/framework/src/Illuminate/Pipeline/Pipeline.php(183): Illuminate/Auth/Middleware/Authenticate->handle(Object(Illuminate/Http/Request), Object(Closure), 'api')
#14 C:/Users/maria/ApiApuestasDeportivas/ApiApuestasDeportivas/vendor/laravel/framework/src/Illuminate/Pipeline/Pipeline.php(119): Illuminate/Pipeline/Pipeline->{closure:{closure:Illuminate/Pipeline/Pipeline::carry():158}:159}(Object(Illuminate/Http/Request))
#15 C:/Users/maria/ApiApuestasDeportivas/ApiApuestasDeportivas/vendor/laravel/framework/src/Illuminate/Routing/Router.php(805): Illuminate/Pipeline/Pipeline->then(Object(Closure))
#16 C:/Users/maria/ApiApuestasDeportivas/ApiApuestasDeportivas/vendor/laravel/framework/src/Illuminate/Routing/Router.php(784): Illuminate/Routing/Router->runRouteWithinStack(Object(Illuminate/Routing/Route), Object(Illuminate/Http/Request))
#17 C:/Users/maria/ApiApuestasDeportivas/ApiApuestasDeportivas/vendor/laravel/framework/src/Illuminate/Routing/Router.php(748): Illuminate/Routing/Router->runRoute(Object(Illuminate/Http/Request), Object(Illuminate/Routing/Route))
#18 C:/Users/maria/ApiApuestasDeportivas/ApiApuestasDeportivas/vendor/laravel/framework/src/Illuminate/Routing/Router.php(737): Illuminate/Routing/Router->dispatchToRoute(Object(Illuminate/Http/Request))
#19 C:/Users/maria/ApiApuestasDeportivas/ApiApuestasDeportivas/vendor/laravel/framework/src/Illuminate/Foundation/Http/Kernel.php(200): Illuminate/Routing/Router->dispatch(Object(Illuminate/Http/Request))
#20 C:/Users/maria/ApiApuestasDeportivas/ApiApuestasDeportivas/vendor/laravel/framework/src/Illuminate/Pipeline/Pipeline.php(144): Illuminate/Foundation/Http/Kernel->{closure:Illuminate/Foundation/Http/Kernel::dispatchToRouter():197}(Object(Illuminate/Http/Request))
#21 C:/Users/maria/ApiApuestasDeportivas/ApiApuestasDeportivas/vendor/laravel/framework/src/Illuminate/Foundation/Http/Middleware/TransformsRequest.php(21): Illuminate/Pipeline/Pipeline->{closure:Illuminate/Pipeline/Pipeline::prepareDestination():142}(Object(Illuminate/Http/Request))
#22 C:/Users/maria/ApiApuestasDeportivas/ApiApuestasDeportivas/vendor/laravel/framework/src/Illuminate/Foundation/Http/Middleware/ConvertEmptyStringsToNull.php(31): Illuminate/Foundation/Http/Middleware/TransformsRequest->handle(Object(Illuminate/Http/Request), Object(Closure))
#23 C:/Users/maria/ApiApuestasDeportivas/ApiApuestasDeportivas/vendor/laravel/framework/src/Illuminate/Pipeline/Pipeline.php(183): Illuminate/Foundation/Http/Middleware/ConvertEmptyStringsToNull->handle(Object(Illuminate/Http/Request), Object(Closure))
#24 C:/Users/maria/ApiApuestasDeportivas/ApiApuestasDeportivas/vendor/laravel/framework/src/Illuminate/Foundation/Http/Middleware/TransformsRequest.php(21): Illuminate/Pipeline/Pipeline->{closure:{closure:Illuminate/Pipeline/Pipeline::carry():158}:159}(Object(Illuminate/Http/Request))
#25 C:/Users/maria/ApiApuestasDeportivas/ApiApuestasDeportivas/vendor/laravel/framework/src/Illuminate/Foundation/Http/Middleware/TrimStrings.php(40): Illuminate/Foundation/Http/Middleware/TransformsRequest->handle(Object(Illuminate/Http/Request), Object(Closure))
#26 C:/Users/maria/ApiApuestasDeportivas/ApiApuestasDeportivas/vendor/laravel/framework/src/Illuminate/Pipeline/Pipeline.php(183): Illuminate/Foundation/Http/Middleware/TrimStrings->handle(Object(Illuminate/Http/Request), Object(Closure))
#27 C:/Users/maria/ApiApuestasDeportivas/ApiApuestasDeportivas/vendor/laravel/framework/src/Illuminate/Foundation/Http/Middleware/ValidatePostSize.php(27): Illuminate/Pipeline/Pipeline->{closure:{closure:Illuminate/Pipeline/Pipeline::carry():158}:159}(Object(Illuminate/Http/Request))
#28 C:/Users/maria/ApiApuestasDeportivas/ApiApuestasDeportivas/vendor/laravel/framework/src/Illuminate/Pipeline/Pipeline.php(183): Illuminate/Foundation/Http/Middleware/ValidatePostSize->handle(Object(Illuminate/Http/Request), Object(Closure))
#29 C:/Users/maria/ApiApuestasDeportivas/ApiApuestasDeportivas/vendor/laravel/framework/src/Illuminate/Foundation/Http/Middleware/PreventRequestsDuringMaintenance.php(99): Illuminate/Pipeline/Pipeline->{closure:{closure:Illuminate/Pipeline/Pipeline::carry():158}:159}(Object(Illuminate/Http/Request))
#30 C:/Users/maria/ApiApuestasDeportivas/ApiApuestasDeportivas/vendor/laravel/framework/src/Illuminate/Pipeline/Pipeline.php(183): Illuminate/Foundation/Http/Middleware/PreventRequestsDuringMaintenance->handle(Object(Illuminate/Http/Request), Object(Closure))
#31 C:/Users/maria/ApiApuestasDeportivas/ApiApuestasDeportivas/vendor/laravel/framework/src/Illuminate/Http/Middleware/HandleCors.php(62): Illuminate/Pipeline/Pipeline->{closure:{closure:Illuminate/Pipeline/Pipeline::carry():158}:159}(Object(Illuminate/Http/Request))
#32 C:/Users/maria/ApiApuestasDeportivas/ApiApuestasDeportivas/vendor/laravel/framework/src/Illuminate/Pipeline/Pipeline.php(183): Illuminate/Http/Middleware/HandleCors->handle(Object(Illuminate/Http/Request), Object(Closure))
#33 C:/Users/maria/ApiApuestasDeportivas/ApiApuestasDeportivas/vendor/laravel/framework/src/Illuminate/Http/Middleware/TrustProxies.php(39): Illuminate/Pipeline/Pipeline->{closure:{closure:Illuminate/Pipeline/Pipeline::carry():158}:159}(Object(Illuminate/Http/Request))
#34 C:/Users/maria/ApiApuestasDeportivas/ApiApuestasDeportivas/vendor/laravel/framework/src/Illuminate/Pipeline/Pipeline.php(183): Illuminate/Http/Middleware/TrustProxies->handle(Object(Illuminate/Http/Request), Object(Closure))
#35 C:/Users/maria/ApiApuestasDeportivas/ApiApuestasDeportivas/vendor/laravel/framework/src/Illuminate/Pipeline/Pipeline.php(119): Illuminate/Pipeline/Pipeline->{closure:{closure:Illuminate/Pipeline/Pipeline::carry():158}:159}(Object(Illuminate/Http/Request))
#36 C:/Users/maria/ApiApuestasDeportivas/ApiApuestasDeportivas/vendor/laravel/framework/src/Illuminate/Foundation/Http/Kernel.php(175): Illuminate/Pipeline/Pipeline->then(Object(Closure))
#37 C:/Users/maria/ApiApuestasDeportivas/ApiApuestasDeportivas/vendor/laravel/framework/src/Illuminate/Foundation/Http/Kernel.php(144): Illuminate/Foundation/Http/Kernel->sendRequestThroughRouter(Object(Illuminate/Http/Request))
#38 C:/Users/maria/ApiApuestasDeportivas/ApiApuestasDeportivas/public/index.php(51): Illuminate/Foundation/Http/Kernel->handle(Object(Illuminate/Http/Request))
#39 C:/Users/maria/ApiApuestasDeportivas/ApiApuestasDeportivas/vendor/laravel/framework/src/Illuminate/Foundation/resources/server.php(16): require_once('C://Users//maria//...')
#40 {main}
"} 
[2026-03-15 05:27:28] local.ERROR: Attempt to assign property "saldo" on null {"userId":1,"exception":"[object] (Error(code: 0): Attempt to assign property \"saldo\" on null at C:/Users/maria/ApiApuestasDeportivas/ApiApuestasDeportivas/app/Http/Controllers/ResultController.php:60)
[stacktrace]
#0 C:/Users/maria/ApiApuestasDeportivas/ApiApuestasDeportivas/vendor/laravel/framework/src/Illuminate/Routing/Controller.php(54): App/Http/Controllers/ResultController->store(Object(Illuminate/Http/Request))
#1 C:/Users/maria/ApiApuestasDeportivas/ApiApuestasDeportivas/vendor/laravel/framework/src/Illuminate/Routing/ControllerDispatcher.php(43): Illuminate/Routing/Controller->callAction('store', Array)
#2 C:/Users/maria/ApiApuestasDeportivas/ApiApuestasDeportivas/vendor/laravel/framework/src/Illuminate/Routing/Route.php(259): Illuminate/Routing/ControllerDispatcher->dispatch(Object(Illuminate/Routing/Route), Object(App/Http/Controllers/ResultController), 'store')
#3 C:/Users/maria/ApiApuestasDeportivas/ApiApuestasDeportivas/vendor/laravel/framework/src/Illuminate/Routing/Route.php(205): Illuminate/Routing/Route->runController()
#4 C:/Users/maria/ApiApuestasDeportivas/ApiApuestasDeportivas/vendor/laravel/framework/src/Illuminate/Routing/Router.php(806): Illuminate/Routing/Route->run()
#5 C:/Users/maria/ApiApuestasDeportivas/ApiApuestasDeportivas/vendor/laravel/framework/src/Illuminate/Pipeline/Pipeline.php(144): Illuminate/Routing/Router->{closure:Illuminate/Routing/Router::runRouteWithinStack():805}(Object(Illuminate/Http/Request))
#6 C:/Users/maria/ApiApuestasDeportivas/ApiApuestasDeportivas/app/Http/Middleware/CheckRole.php(23): Illuminate/Pipeline/Pipeline->{closure:Illuminate/Pipeline/Pipeline::prepareDestination():142}(Object(Illuminate/Http/Request))
#7 C:/Users/maria/ApiApuestasDeportivas/ApiApuestasDeportivas/vendor/laravel/framework/src/Illuminate/Pipeline/Pipeline.php(183): App/Http/Middleware/CheckRole->handle(Object(Illuminate/Http/Request), Object(Closure), 'admin')
#8 C:/Users/maria/ApiApuestasDeportivas/ApiApuestasDeportivas/vendor/laravel/framework/src/Illuminate/Routing/Middleware/SubstituteBindings.php(50): Illuminate/Pipeline/Pipeline->{closure:{closure:Illuminate/Pipeline/Pipeline::carry():158}:159}(Object(Illuminate/Http/Request))
#9 C:/Users/maria/ApiApuestasDeportivas/ApiApuestasDeportivas/vendor/laravel/framework/src/Illuminate/Pipeline/Pipeline.php(183): Illuminate/Routing/Middleware/SubstituteBindings->handle(Object(Illuminate/Http/Request), Object(Closure))
#10 C:/Users/maria/ApiApuestasDeportivas/ApiApuestasDeportivas/vendor/laravel/framework/src/Illuminate/Routing/Middleware/ThrottleRequests.php(159): Illuminate/Pipeline/Pipeline->{closure:{closure:Illuminate/Pipeline/Pipeline::carry():158}:159}(Object(Illuminate/Http/Request))
#11 C:/Users/maria/ApiApuestasDeportivas/ApiApuestasDeportivas/vendor/laravel/framework/src/Illuminate/Routing/Middleware/ThrottleRequests.php(125): Illuminate/Routing/Middleware/ThrottleRequests->handleRequest(Object(Illuminate/Http/Request), Object(Closure), Array)
#12 C:/Users/maria/ApiApuestasDeportivas/ApiApuestasDeportivas/vendor/laravel/framework/src/Illuminate/Routing/Middleware/ThrottleRequests.php(87): Illuminate/Routing/Middleware/ThrottleRequests->handleRequestUsingNamedLimiter(Object(Illuminate/Http/Request), Object(Closure), 'api', Object(Closure))
#13 C:/Users/maria/ApiApuestasDeportivas/ApiApuestasDeportivas/vendor/laravel/framework/src/Illuminate/Pipeline/Pipeline.php(183): Illuminate/Routing/Middleware/ThrottleRequests->handle(Object(Illuminate/Http/Request), Object(Closure), 'api')
#14 C:/Users/maria/ApiApuestasDeportivas/ApiApuestasDeportivas/vendor/laravel/framework/src/Illuminate/Auth/Middleware/Authenticate.php(57): Illuminate/Pipeline/Pipeline->{closure:{closure:Illuminate/Pipeline/Pipeline::carry():158}:159}(Object(Illuminate/Http/Request))
#15 C:/Users/maria/ApiApuestasDeportivas/ApiApuestasDeportivas/vendor/laravel/framework/src/Illuminate/Pipeline/Pipeline.php(183): Illuminate/Auth/Middleware/Authenticate->handle(Object(Illuminate/Http/Request), Object(Closure), 'api')
#16 C:/Users/maria/ApiApuestasDeportivas/ApiApuestasDeportivas/vendor/laravel/framework/src/Illuminate/Pipeline/Pipeline.php(119): Illuminate/Pipeline/Pipeline->{closure:{closure:Illuminate/Pipeline/Pipeline::carry():158}:159}(Object(Illuminate/Http/Request))
#17 C:/Users/maria/ApiApuestasDeportivas/ApiApuestasDeportivas/vendor/laravel/framework/src/Illuminate/Routing/Router.php(805): Illuminate/Pipeline/Pipeline->then(Object(Closure))
#18 C:/Users/maria/ApiApuestasDeportivas/ApiApuestasDeportivas/vendor/laravel/framework/src/Illuminate/Routing/Router.php(784): Illuminate/Routing/Router->runRouteWithinStack(Object(Illuminate/Routing/Route), Object(Illuminate/Http/Request))
#19 C:/Users/maria/ApiApuestasDeportivas/ApiApuestasDeportivas/vendor/laravel/framework/src/Illuminate/Routing/Router.php(748): Illuminate/Routing/Router->runRoute(Object(Illuminate/Http/Request), Object(Illuminate/Routing/Route))
#20 C:/Users/maria/ApiApuestasDeportivas/ApiApuestasDeportivas/vendor/laravel/framework/src/Illuminate/Routing/Router.php(737): Illuminate/Routing/Router->dispatchToRoute(Object(Illuminate/Http/Request))
#21 C:/Users/maria/ApiApuestasDeportivas/ApiApuestasDeportivas/vendor/laravel/framework/src/Illuminate/Foundation/Http/Kernel.php(200): Illuminate/Routing/Router->dispatch(Object(Illuminate/Http/Request))
#22 C:/Users/maria/ApiApuestasDeportivas/ApiApuestasDeportivas/vendor/laravel/framework/src/Illuminate/Pipeline/Pipeline.php(144): Illuminate/Foundation/Http/Kernel->{closure:Illuminate/Foundation/Http/Kernel::dispatchToRouter():197}(Object(Illuminate/Http/Request))
#23 C:/Users/maria/ApiApuestasDeportivas/ApiApuestasDeportivas/vendor/laravel/framework/src/Illuminate/Foundation/Http/Middleware/TransformsRequest.php(21): Illuminate/Pipeline/Pipeline->{closure:Illuminate/Pipeline/Pipeline::prepareDestination():142}(Object(Illuminate/Http/Request))
#24 C:/Users/maria/ApiApuestasDeportivas/ApiApuestasDeportivas/vendor/laravel/framework/src/Illuminate/Foundation/Http/Middleware/ConvertEmptyStringsToNull.php(31): Illuminate/Foundation/Http/Middleware/TransformsRequest->handle(Object(Illuminate/Http/Request), Object(Closure))
#25 C:/Users/maria/ApiApuestasDeportivas/ApiApuestasDeportivas/vendor/laravel/framework/src/Illuminate/Pipeline/Pipeline.php(183): Illuminate/Foundation/Http/Middleware/ConvertEmptyStringsToNull->handle(Object(Illuminate/Http/Request), Object(Closure))
#26 C:/Users/maria/ApiApuestasDeportivas/ApiApuestasDeportivas/vendor/laravel/framework/src/Illuminate/Foundation/Http/Middleware/TransformsRequest.php(21): Illuminate/Pipeline/Pipeline->{closure:{closure:Illuminate/Pipeline/Pipeline::carry():158}:159}(Object(Illuminate/Http/Request))
#27 C:/Users/maria/ApiApuestasDeportivas/ApiApuestasDeportivas/vendor/laravel/framework/src/Illuminate/Foundation/Http/Middleware/TrimStrings.php(40): Illuminate/Foundation/Http/Middleware/TransformsRequest->handle(Object(Illuminate/Http/Request), Object(Closure))
#28 C:/Users/maria/ApiApuestasDeportivas/ApiApuestasDeportivas/vendor/laravel/framework/src/Illuminate/Pipeline/Pipeline.php(183): Illuminate/Foundation/Http/Middleware/TrimStrings->handle(Object(Illuminate/Http/Request), Object(Closure))
#29 C:/Users/maria/ApiApuestasDeportivas/ApiApuestasDeportivas/vendor/laravel/framework/src/Illuminate/Foundation/Http/Middleware/ValidatePostSize.php(27): Illuminate/Pipeline/Pipeline->{closure:{closure:Illuminate/Pipeline/Pipeline::carry():158}:159}(Object(Illuminate/Http/Request))
#30 C:/Users/maria/ApiApuestasDeportivas/ApiApuestasDeportivas/vendor/laravel/framework/src/Illuminate/Pipeline/Pipeline.php(183): Illuminate/Foundation/Http/Middleware/ValidatePostSize->handle(Object(Illuminate/Http/Request), Object(Closure))
#31 C:/Users/maria/ApiApuestasDeportivas/ApiApuestasDeportivas/vendor/laravel/framework/src/Illuminate/Foundation/Http/Middleware/PreventRequestsDuringMaintenance.php(99): Illuminate/Pipeline/Pipeline->{closure:{closure:Illuminate/Pipeline/Pipeline::carry():158}:159}(Object(Illuminate/Http/Request))
#32 C:/Users/maria/ApiApuestasDeportivas/ApiApuestasDeportivas/vendor/laravel/framework/src/Illuminate/Pipeline/Pipeline.php(183): Illuminate/Foundation/Http/Middleware/PreventRequestsDuringMaintenance->handle(Object(Illuminate/Http/Request), Object(Closure))
#33 C:/Users/maria/ApiApuestasDeportivas/ApiApuestasDeportivas/vendor/laravel/framework/src/Illuminate/Http/Middleware/HandleCors.php(62): Illuminate/Pipeline/Pipeline->{closure:{closure:Illuminate/Pipeline/Pipeline::carry():158}:159}(Object(Illuminate/Http/Request))
#34 C:/Users/maria/ApiApuestasDeportivas/ApiApuestasDeportivas/vendor/laravel/framework/src/Illuminate/Pipeline/Pipeline.php(183): Illuminate/Http/Middleware/HandleCors->handle(Object(Illuminate/Http/Request), Object(Closure))
#35 C:/Users/maria/ApiApuestasDeportivas/ApiApuestasDeportivas/vendor/laravel/framework/src/Illuminate/Http/Middleware/TrustProxies.php(39): Illuminate/Pipeline/Pipeline->{closure:{closure:Illuminate/Pipeline/Pipeline::carry():158}:159}(Object(Illuminate/Http/Request))
#36 C:/Users/maria/ApiApuestasDeportivas/ApiApuestasDeportivas/vendor/laravel/framework/src/Illuminate/Pipeline/Pipeline.php(183): Illuminate/Http/Middleware/TrustProxies->handle(Object(Illuminate/Http/Request), Object(Closure))
#37 C:/Users/maria/ApiApuestasDeportivas/ApiApuestasDeportivas/vendor/laravel/framework/src/Illuminate/Pipeline/Pipeline.php(119): Illuminate/Pipeline/Pipeline->{closure:{closure:Illuminate/Pipeline/Pipeline::carry():158}:159}(Object(Illuminate/Http/Request))
#38 C:/Users/maria/ApiApuestasDeportivas/ApiApuestasDeportivas/vendor/laravel/framework/src/Illuminate/Foundation/Http/Kernel.php(175): Illuminate/Pipeline/Pipeline->then(Object(Closure))
#39 C:/Users/maria/ApiApuestasDeportivas/ApiApuestasDeportivas/vendor/laravel/framework/src/Illuminate/Foundation/Http/Kernel.php(144): Illuminate/Foundation/Http/Kernel->sendRequestThroughRouter(Object(Illuminate/Http/Request))
#40 C:/Users/maria/ApiApuestasDeportivas/ApiApuestasDeportivas/public/index.php(51): Illuminate/Foundation/Http/Kernel->handle(Object(Illuminate/Http/Request))
#41 C:/Users/maria/ApiApuestasDeportivas/ApiApuestasDeportivas/vendor/laravel/framework/src/Illuminate/Foundation/resources/server.php(16): require_once('C://Users//maria//...')
#42 {main}
"} 
[2026-03-15 05:30:24] local.ERROR: Attempt to assign property "balance" on null {"userId":1,"exception":"[object] (Error(code: 0): Attempt to assign property \"balance\" on null at C:/Users/maria/ApiApuestasDeportivas/ApiApuestasDeportivas/app/Http/Controllers/ResultController.php:60)
[stacktrace]
#0 C:/Users/maria/ApiApuestasDeportivas/ApiApuestasDeportivas/vendor/laravel/framework/src/Illuminate/Routing/Controller.php(54): App/Http/Controllers/ResultController->store(Object(Illuminate/Http/Request))
#1 C:/Users/maria/ApiApuestasDeportivas/ApiApuestasDeportivas/vendor/laravel/framework/src/Illuminate/Routing/ControllerDispatcher.php(43): Illuminate/Routing/Controller->callAction('store', Array)
#2 C:/Users/maria/ApiApuestasDeportivas/ApiApuestasDeportivas/vendor/laravel/framework/src/Illuminate/Routing/Route.php(259): Illuminate/Routing/ControllerDispatcher->dispatch(Object(Illuminate/Routing/Route), Object(App/Http/Controllers/ResultController), 'store')
#3 C:/Users/maria/ApiApuestasDeportivas/ApiApuestasDeportivas/vendor/laravel/framework/src/Illuminate/Routing/Route.php(205): Illuminate/Routing/Route->runController()
#4 C:/Users/maria/ApiApuestasDeportivas/ApiApuestasDeportivas/vendor/laravel/framework/src/Illuminate/Routing/Router.php(806): Illuminate/Routing/Route->run()
#5 C:/Users/maria/ApiApuestasDeportivas/ApiApuestasDeportivas/vendor/laravel/framework/src/Illuminate/Pipeline/Pipeline.php(144): Illuminate/Routing/Router->{closure:Illuminate/Routing/Router::runRouteWithinStack():805}(Object(Illuminate/Http/Request))
#6 C:/Users/maria/ApiApuestasDeportivas/ApiApuestasDeportivas/app/Http/Middleware/CheckRole.php(23): Illuminate/Pipeline/Pipeline->{closure:Illuminate/Pipeline/Pipeline::prepareDestination():142}(Object(Illuminate/Http/Request))
#7 C:/Users/maria/ApiApuestasDeportivas/ApiApuestasDeportivas/vendor/laravel/framework/src/Illuminate/Pipeline/Pipeline.php(183): App/Http/Middleware/CheckRole->handle(Object(Illuminate/Http/Request), Object(Closure), 'admin')
#8 C:/Users/maria/ApiApuestasDeportivas/ApiApuestasDeportivas/vendor/laravel/framework/src/Illuminate/Routing/Middleware/SubstituteBindings.php(50): Illuminate/Pipeline/Pipeline->{closure:{closure:Illuminate/Pipeline/Pipeline::carry():158}:159}(Object(Illuminate/Http/Request))
#9 C:/Users/maria/ApiApuestasDeportivas/ApiApuestasDeportivas/vendor/laravel/framework/src/Illuminate/Pipeline/Pipeline.php(183): Illuminate/Routing/Middleware/SubstituteBindings->handle(Object(Illuminate/Http/Request), Object(Closure))
#10 C:/Users/maria/ApiApuestasDeportivas/ApiApuestasDeportivas/vendor/laravel/framework/src/Illuminate/Routing/Middleware/ThrottleRequests.php(159): Illuminate/Pipeline/Pipeline->{closure:{closure:Illuminate/Pipeline/Pipeline::carry():158}:159}(Object(Illuminate/Http/Request))
#11 C:/Users/maria/ApiApuestasDeportivas/ApiApuestasDeportivas/vendor/laravel/framework/src/Illuminate/Routing/Middleware/ThrottleRequests.php(125): Illuminate/Routing/Middleware/ThrottleRequests->handleRequest(Object(Illuminate/Http/Request), Object(Closure), Array)
#12 C:/Users/maria/ApiApuestasDeportivas/ApiApuestasDeportivas/vendor/laravel/framework/src/Illuminate/Routing/Middleware/ThrottleRequests.php(87): Illuminate/Routing/Middleware/ThrottleRequests->handleRequestUsingNamedLimiter(Object(Illuminate/Http/Request), Object(Closure), 'api', Object(Closure))
#13 C:/Users/maria/ApiApuestasDeportivas/ApiApuestasDeportivas/vendor/laravel/framework/src/Illuminate/Pipeline/Pipeline.php(183): Illuminate/Routing/Middleware/ThrottleRequests->handle(Object(Illuminate/Http/Request), Object(Closure), 'api')
#14 C:/Users/maria/ApiApuestasDeportivas/ApiApuestasDeportivas/vendor/laravel/framework/src/Illuminate/Auth/Middleware/Authenticate.php(57): Illuminate/Pipeline/Pipeline->{closure:{closure:Illuminate/Pipeline/Pipeline::carry():158}:159}(Object(Illuminate/Http/Request))
#15 C:/Users/maria/ApiApuestasDeportivas/ApiApuestasDeportivas/vendor/laravel/framework/src/Illuminate/Pipeline/Pipeline.php(183): Illuminate/Auth/Middleware/Authenticate->handle(Object(Illuminate/Http/Request), Object(Closure), 'api')
#16 C:/Users/maria/ApiApuestasDeportivas/ApiApuestasDeportivas/vendor/laravel/framework/src/Illuminate/Pipeline/Pipeline.php(119): Illuminate/Pipeline/Pipeline->{closure:{closure:Illuminate/Pipeline/Pipeline::carry():158}:159}(Object(Illuminate/Http/Request))
#17 C:/Users/maria/ApiApuestasDeportivas/ApiApuestasDeportivas/vendor/laravel/framework/src/Illuminate/Routing/Router.php(805): Illuminate/Pipeline/Pipeline->then(Object(Closure))
#18 C:/Users/maria/ApiApuestasDeportivas/ApiApuestasDeportivas/vendor/laravel/framework/src/Illuminate/Routing/Router.php(784): Illuminate/Routing/Router->runRouteWithinStack(Object(Illuminate/Routing/Route), Object(Illuminate/Http/Request))
#19 C:/Users/maria/ApiApuestasDeportivas/ApiApuestasDeportivas/vendor/laravel/framework/src/Illuminate/Routing/Router.php(748): Illuminate/Routing/Router->runRoute(Object(Illuminate/Http/Request), Object(Illuminate/Routing/Route))
#20 C:/Users/maria/ApiApuestasDeportivas/ApiApuestasDeportivas/vendor/laravel/framework/src/Illuminate/Routing/Router.php(737): Illuminate/Routing/Router->dispatchToRoute(Object(Illuminate/Http/Request))
#21 C:/Users/maria/ApiApuestasDeportivas/ApiApuestasDeportivas/vendor/laravel/framework/src/Illuminate/Foundation/Http/Kernel.php(200): Illuminate/Routing/Router->dispatch(Object(Illuminate/Http/Request))
#22 C:/Users/maria/ApiApuestasDeportivas/ApiApuestasDeportivas/vendor/laravel/framework/src/Illuminate/Pipeline/Pipeline.php(144): Illuminate/Foundation/Http/Kernel->{closure:Illuminate/Foundation/Http/Kernel::dispatchToRouter():197}(Object(Illuminate/Http/Request))
#23 C:/Users/maria/ApiApuestasDeportivas/ApiApuestasDeportivas/vendor/laravel/framework/src/Illuminate/Foundation/Http/Middleware/TransformsRequest.php(21): Illuminate/Pipeline/Pipeline->{closure:Illuminate/Pipeline/Pipeline::prepareDestination():142}(Object(Illuminate/Http/Request))
#24 C:/Users/maria/ApiApuestasDeportivas/ApiApuestasDeportivas/vendor/laravel/framework/src/Illuminate/Foundation/Http/Middleware/ConvertEmptyStringsToNull.php(31): Illuminate/Foundation/Http/Middleware/TransformsRequest->handle(Object(Illuminate/Http/Request), Object(Closure))
#25 C:/Users/maria/ApiApuestasDeportivas/ApiApuestasDeportivas/vendor/laravel/framework/src/Illuminate/Pipeline/Pipeline.php(183): Illuminate/Foundation/Http/Middleware/ConvertEmptyStringsToNull->handle(Object(Illuminate/Http/Request), Object(Closure))
#26 C:/Users/maria/ApiApuestasDeportivas/ApiApuestasDeportivas/vendor/laravel/framework/src/Illuminate/Foundation/Http/Middleware/TransformsRequest.php(21): Illuminate/Pipeline/Pipeline->{closure:{closure:Illuminate/Pipeline/Pipeline::carry():158}:159}(Object(Illuminate/Http/Request))
#27 C:/Users/maria/ApiApuestasDeportivas/ApiApuestasDeportivas/vendor/laravel/framework/src/Illuminate/Foundation/Http/Middleware/TrimStrings.php(40): Illuminate/Foundation/Http/Middleware/TransformsRequest->handle(Object(Illuminate/Http/Request), Object(Closure))
#28 C:/Users/maria/ApiApuestasDeportivas/ApiApuestasDeportivas/vendor/laravel/framework/src/Illuminate/Pipeline/Pipeline.php(183): Illuminate/Foundation/Http/Middleware/TrimStrings->handle(Object(Illuminate/Http/Request), Object(Closure))
#29 C:/Users/maria/ApiApuestasDeportivas/ApiApuestasDeportivas/vendor/laravel/framework/src/Illuminate/Foundation/Http/Middleware/ValidatePostSize.php(27): Illuminate/Pipeline/Pipeline->{closure:{closure:Illuminate/Pipeline/Pipeline::carry():158}:159}(Object(Illuminate/Http/Request))
#30 C:/Users/maria/ApiApuestasDeportivas/ApiApuestasDeportivas/vendor/laravel/framework/src/Illuminate/Pipeline/Pipeline.php(183): Illuminate/Foundation/Http/Middleware/ValidatePostSize->handle(Object(Illuminate/Http/Request), Object(Closure))
#31 C:/Users/maria/ApiApuestasDeportivas/ApiApuestasDeportivas/vendor/laravel/framework/src/Illuminate/Foundation/Http/Middleware/PreventRequestsDuringMaintenance.php(99): Illuminate/Pipeline/Pipeline->{closure:{closure:Illuminate/Pipeline/Pipeline::carry():158}:159}(Object(Illuminate/Http/Request))
#32 C:/Users/maria/ApiApuestasDeportivas/ApiApuestasDeportivas/vendor/laravel/framework/src/Illuminate/Pipeline/Pipeline.php(183): Illuminate/Foundation/Http/Middleware/PreventRequestsDuringMaintenance->handle(Object(Illuminate/Http/Request), Object(Closure))
#33 C:/Users/maria/ApiApuestasDeportivas/ApiApuestasDeportivas/vendor/laravel/framework/src/Illuminate/Http/Middleware/HandleCors.php(62): Illuminate/Pipeline/Pipeline->{closure:{closure:Illuminate/Pipeline/Pipeline::carry():158}:159}(Object(Illuminate/Http/Request))
#34 C:/Users/maria/ApiApuestasDeportivas/ApiApuestasDeportivas/vendor/laravel/framework/src/Illuminate/Pipeline/Pipeline.php(183): Illuminate/Http/Middleware/HandleCors->handle(Object(Illuminate/Http/Request), Object(Closure))
#35 C:/Users/maria/ApiApuestasDeportivas/ApiApuestasDeportivas/vendor/laravel/framework/src/Illuminate/Http/Middleware/TrustProxies.php(39): Illuminate/Pipeline/Pipeline->{closure:{closure:Illuminate/Pipeline/Pipeline::carry():158}:159}(Object(Illuminate/Http/Request))
#36 C:/Users/maria/ApiApuestasDeportivas/ApiApuestasDeportivas/vendor/laravel/framework/src/Illuminate/Pipeline/Pipeline.php(183): Illuminate/Http/Middleware/TrustProxies->handle(Object(Illuminate/Http/Request), Object(Closure))
#37 C:/Users/maria/ApiApuestasDeportivas/ApiApuestasDeportivas/vendor/laravel/framework/src/Illuminate/Pipeline/Pipeline.php(119): Illuminate/Pipeline/Pipeline->{closure:{closure:Illuminate/Pipeline/Pipeline::carry():158}:159}(Object(Illuminate/Http/Request))
#38 C:/Users/maria/ApiApuestasDeportivas/ApiApuestasDeportivas/vendor/laravel/framework/src/Illuminate/Foundation/Http/Kernel.php(175): Illuminate/Pipeline/Pipeline->then(Object(Closure))
#39 C:/Users/maria/ApiApuestasDeportivas/ApiApuestasDeportivas/vendor/laravel/framework/src/Illuminate/Foundation/Http/Kernel.php(144): Illuminate/Foundation/Http/Kernel->sendRequestThroughRouter(Object(Illuminate/Http/Request))
#40 C:/Users/maria/ApiApuestasDeportivas/ApiApuestasDeportivas/public/index.php(51): Illuminate/Foundation/Http/Kernel->handle(Object(Illuminate/Http/Request))
#41 C:/Users/maria/ApiApuestasDeportivas/ApiApuestasDeportivas/vendor/laravel/framework/src/Illuminate/Foundation/resources/server.php(16): require_once('C://Users//maria//...')
#42 {main}
"} 
[2026-03-15 06:05:07] local.ERROR: Attempt to assign property "balance" on null {"userId":1,"exception":"[object] (Error(code: 0): Attempt to assign property \"balance\" on null at C:/Users/maria/ApiApuestasDeportivas/ApiApuestasDeportivas/app/Http/Controllers/ResultController.php:60)
[stacktrace]
#0 C:/Users/maria/ApiApuestasDeportivas/ApiApuestasDeportivas/vendor/laravel/framework/src/Illuminate/Routing/Controller.php(54): App/Http/Controllers/ResultController->store(Object(Illuminate/Http/Request))
#1 C:/Users/maria/ApiApuestasDeportivas/ApiApuestasDeportivas/vendor/laravel/framework/src/Illuminate/Routing/ControllerDispatcher.php(43): Illuminate/Routing/Controller->callAction('store', Array)
#2 C:/Users/maria/ApiApuestasDeportivas/ApiApuestasDeportivas/vendor/laravel/framework/src/Illuminate/Routing/Route.php(259): Illuminate/Routing/ControllerDispatcher->dispatch(Object(Illuminate/Routing/Route), Object(App/Http/Controllers/ResultController), 'store')
#3 C:/Users/maria/ApiApuestasDeportivas/ApiApuestasDeportivas/vendor/laravel/framework/src/Illuminate/Routing/Route.php(205): Illuminate/Routing/Route->runController()
#4 C:/Users/maria/ApiApuestasDeportivas/ApiApuestasDeportivas/vendor/laravel/framework/src/Illuminate/Routing/Router.php(806): Illuminate/Routing/Route->run()
#5 C:/Users/maria/ApiApuestasDeportivas/ApiApuestasDeportivas/vendor/laravel/framework/src/Illuminate/Pipeline/Pipeline.php(144): Illuminate/Routing/Router->{closure:Illuminate/Routing/Router::runRouteWithinStack():805}(Object(Illuminate/Http/Request))
#6 C:/Users/maria/ApiApuestasDeportivas/ApiApuestasDeportivas/app/Http/Middleware/CheckRole.php(23): Illuminate/Pipeline/Pipeline->{closure:Illuminate/Pipeline/Pipeline::prepareDestination():142}(Object(Illuminate/Http/Request))
#7 C:/Users/maria/ApiApuestasDeportivas/ApiApuestasDeportivas/vendor/laravel/framework/src/Illuminate/Pipeline/Pipeline.php(183): App/Http/Middleware/CheckRole->handle(Object(Illuminate/Http/Request), Object(Closure), 'admin')
#8 C:/Users/maria/ApiApuestasDeportivas/ApiApuestasDeportivas/vendor/laravel/framework/src/Illuminate/Routing/Middleware/SubstituteBindings.php(50): Illuminate/Pipeline/Pipeline->{closure:{closure:Illuminate/Pipeline/Pipeline::carry():158}:159}(Object(Illuminate/Http/Request))
#9 C:/Users/maria/ApiApuestasDeportivas/ApiApuestasDeportivas/vendor/laravel/framework/src/Illuminate/Pipeline/Pipeline.php(183): Illuminate/Routing/Middleware/SubstituteBindings->handle(Object(Illuminate/Http/Request), Object(Closure))
#10 C:/Users/maria/ApiApuestasDeportivas/ApiApuestasDeportivas/vendor/laravel/framework/src/Illuminate/Routing/Middleware/ThrottleRequests.php(159): Illuminate/Pipeline/Pipeline->{closure:{closure:Illuminate/Pipeline/Pipeline::carry():158}:159}(Object(Illuminate/Http/Request))
#11 C:/Users/maria/ApiApuestasDeportivas/ApiApuestasDeportivas/vendor/laravel/framework/src/Illuminate/Routing/Middleware/ThrottleRequests.php(125): Illuminate/Routing/Middleware/ThrottleRequests->handleRequest(Object(Illuminate/Http/Request), Object(Closure), Array)
#12 C:/Users/maria/ApiApuestasDeportivas/ApiApuestasDeportivas/vendor/laravel/framework/src/Illuminate/Routing/Middleware/ThrottleRequests.php(87): Illuminate/Routing/Middleware/ThrottleRequests->handleRequestUsingNamedLimiter(Object(Illuminate/Http/Request), Object(Closure), 'api', Object(Closure))
#13 C:/Users/maria/ApiApuestasDeportivas/ApiApuestasDeportivas/vendor/laravel/framework/src/Illuminate/Pipeline/Pipeline.php(183): Illuminate/Routing/Middleware/ThrottleRequests->handle(Object(Illuminate/Http/Request), Object(Closure), 'api')
#14 C:/Users/maria/ApiApuestasDeportivas/ApiApuestasDeportivas/vendor/laravel/framework/src/Illuminate/Auth/Middleware/Authenticate.php(57): Illuminate/Pipeline/Pipeline->{closure:{closure:Illuminate/Pipeline/Pipeline::carry():158}:159}(Object(Illuminate/Http/Request))
#15 C:/Users/maria/ApiApuestasDeportivas/ApiApuestasDeportivas/vendor/laravel/framework/src/Illuminate/Pipeline/Pipeline.php(183): Illuminate/Auth/Middleware/Authenticate->handle(Object(Illuminate/Http/Request), Object(Closure), 'api')
#16 C:/Users/maria/ApiApuestasDeportivas/ApiApuestasDeportivas/vendor/laravel/framework/src/Illuminate/Pipeline/Pipeline.php(119): Illuminate/Pipeline/Pipeline->{closure:{closure:Illuminate/Pipeline/Pipeline::carry():158}:159}(Object(Illuminate/Http/Request))
#17 C:/Users/maria/ApiApuestasDeportivas/ApiApuestasDeportivas/vendor/laravel/framework/src/Illuminate/Routing/Router.php(805): Illuminate/Pipeline/Pipeline->then(Object(Closure))
#18 C:/Users/maria/ApiApuestasDeportivas/ApiApuestasDeportivas/vendor/laravel/framework/src/Illuminate/Routing/Router.php(784): Illuminate/Routing/Router->runRouteWithinStack(Object(Illuminate/Routing/Route), Object(Illuminate/Http/Request))
#19 C:/Users/maria/ApiApuestasDeportivas/ApiApuestasDeportivas/vendor/laravel/framework/src/Illuminate/Routing/Router.php(748): Illuminate/Routing/Router->runRoute(Object(Illuminate/Http/Request), Object(Illuminate/Routing/Route))
#20 C:/Users/maria/ApiApuestasDeportivas/ApiApuestasDeportivas/vendor/laravel/framework/src/Illuminate/Routing/Router.php(737): Illuminate/Routing/Router->dispatchToRoute(Object(Illuminate/Http/Request))
#21 C:/Users/maria/ApiApuestasDeportivas/ApiApuestasDeportivas/vendor/laravel/framework/src/Illuminate/Foundation/Http/Kernel.php(200): Illuminate/Routing/Router->dispatch(Object(Illuminate/Http/Request))
#22 C:/Users/maria/ApiApuestasDeportivas/ApiApuestasDeportivas/vendor/laravel/framework/src/Illuminate/Pipeline/Pipeline.php(144): Illuminate/Foundation/Http/Kernel->{closure:Illuminate/Foundation/Http/Kernel::dispatchToRouter():197}(Object(Illuminate/Http/Request))
#23 C:/Users/maria/ApiApuestasDeportivas/ApiApuestasDeportivas/vendor/laravel/framework/src/Illuminate/Foundation/Http/Middleware/TransformsRequest.php(21): Illuminate/Pipeline/Pipeline->{closure:Illuminate/Pipeline/Pipeline::prepareDestination():142}(Object(Illuminate/Http/Request))
#24 C:/Users/maria/ApiApuestasDeportivas/ApiApuestasDeportivas/vendor/laravel/framework/src/Illuminate/Foundation/Http/Middleware/ConvertEmptyStringsToNull.php(31): Illuminate/Foundation/Http/Middleware/TransformsRequest->handle(Object(Illuminate/Http/Request), Object(Closure))
#25 C:/Users/maria/ApiApuestasDeportivas/ApiApuestasDeportivas/vendor/laravel/framework/src/Illuminate/Pipeline/Pipeline.php(183): Illuminate/Foundation/Http/Middleware/ConvertEmptyStringsToNull->handle(Object(Illuminate/Http/Request), Object(Closure))
#26 C:/Users/maria/ApiApuestasDeportivas/ApiApuestasDeportivas/vendor/laravel/framework/src/Illuminate/Foundation/Http/Middleware/TransformsRequest.php(21): Illuminate/Pipeline/Pipeline->{closure:{closure:Illuminate/Pipeline/Pipeline::carry():158}:159}(Object(Illuminate/Http/Request))
#27 C:/Users/maria/ApiApuestasDeportivas/ApiApuestasDeportivas/vendor/laravel/framework/src/Illuminate/Foundation/Http/Middleware/TrimStrings.php(40): Illuminate/Foundation/Http/Middleware/TransformsRequest->handle(Object(Illuminate/Http/Request), Object(Closure))
#28 C:/Users/maria/ApiApuestasDeportivas/ApiApuestasDeportivas/vendor/laravel/framework/src/Illuminate/Pipeline/Pipeline.php(183): Illuminate/Foundation/Http/Middleware/TrimStrings->handle(Object(Illuminate/Http/Request), Object(Closure))
#29 C:/Users/maria/ApiApuestasDeportivas/ApiApuestasDeportivas/vendor/laravel/framework/src/Illuminate/Foundation/Http/Middleware/ValidatePostSize.php(27): Illuminate/Pipeline/Pipeline->{closure:{closure:Illuminate/Pipeline/Pipeline::carry():158}:159}(Object(Illuminate/Http/Request))
#30 C:/Users/maria/ApiApuestasDeportivas/ApiApuestasDeportivas/vendor/laravel/framework/src/Illuminate/Pipeline/Pipeline.php(183): Illuminate/Foundation/Http/Middleware/ValidatePostSize->handle(Object(Illuminate/Http/Request), Object(Closure))
#31 C:/Users/maria/ApiApuestasDeportivas/ApiApuestasDeportivas/vendor/laravel/framework/src/Illuminate/Foundation/Http/Middleware/PreventRequestsDuringMaintenance.php(99): Illuminate/Pipeline/Pipeline->{closure:{closure:Illuminate/Pipeline/Pipeline::carry():158}:159}(Object(Illuminate/Http/Request))
#32 C:/Users/maria/ApiApuestasDeportivas/ApiApuestasDeportivas/vendor/laravel/framework/src/Illuminate/Pipeline/Pipeline.php(183): Illuminate/Foundation/Http/Middleware/PreventRequestsDuringMaintenance->handle(Object(Illuminate/Http/Request), Object(Closure))
#33 C:/Users/maria/ApiApuestasDeportivas/ApiApuestasDeportivas/vendor/laravel/framework/src/Illuminate/Http/Middleware/HandleCors.php(62): Illuminate/Pipeline/Pipeline->{closure:{closure:Illuminate/Pipeline/Pipeline::carry():158}:159}(Object(Illuminate/Http/Request))
#34 C:/Users/maria/ApiApuestasDeportivas/ApiApuestasDeportivas/vendor/laravel/framework/src/Illuminate/Pipeline/Pipeline.php(183): Illuminate/Http/Middleware/HandleCors->handle(Object(Illuminate/Http/Request), Object(Closure))
#35 C:/Users/maria/ApiApuestasDeportivas/ApiApuestasDeportivas/vendor/laravel/framework/src/Illuminate/Http/Middleware/TrustProxies.php(39): Illuminate/Pipeline/Pipeline->{closure:{closure:Illuminate/Pipeline/Pipeline::carry():158}:159}(Object(Illuminate/Http/Request))
#36 C:/Users/maria/ApiApuestasDeportivas/ApiApuestasDeportivas/vendor/laravel/framework/src/Illuminate/Pipeline/Pipeline.php(183): Illuminate/Http/Middleware/TrustProxies->handle(Object(Illuminate/Http/Request), Object(Closure))
#37 C:/Users/maria/ApiApuestasDeportivas/ApiApuestasDeportivas/vendor/laravel/framework/src/Illuminate/Pipeline/Pipeline.php(119): Illuminate/Pipeline/Pipeline->{closure:{closure:Illuminate/Pipeline/Pipeline::carry():158}:159}(Object(Illuminate/Http/Request))
#38 C:/Users/maria/ApiApuestasDeportivas/ApiApuestasDeportivas/vendor/laravel/framework/src/Illuminate/Foundation/Http/Kernel.php(175): Illuminate/Pipeline/Pipeline->then(Object(Closure))
#39 C:/Users/maria/ApiApuestasDeportivas/ApiApuestasDeportivas/vendor/laravel/framework/src/Illuminate/Foundation/Http/Kernel.php(144): Illuminate/Foundation/Http/Kernel->sendRequestThroughRouter(Object(Illuminate/Http/Request))
#40 C:/Users/maria/ApiApuestasDeportivas/ApiApuestasDeportivas/public/index.php(51): Illuminate/Foundation/Http/Kernel->handle(Object(Illuminate/Http/Request))
#41 C:/Users/maria/ApiApuestasDeportivas/ApiApuestasDeportivas/vendor/laravel/framework/src/Illuminate/Foundation/resources/server.php(16): require_once('C://Users//maria//...')
#42 {main}
"} 
[2026-03-15 06:10:39] local.ERROR: syntax error, unexpected token "else" {"exception":"[object] (ParseError(code: 0): syntax error, unexpected token \"else\" at C:/Users/maria/ApiApuestasDeportivas/ApiApuestasDeportivas/app/Http/Controllers/ResultController.php:66)
[stacktrace]
#0 C:/Users/maria/ApiApuestasDeportivas/ApiApuestasDeportivas/vendor/composer/ClassLoader.php(427): {closure:Composer/Autoload/ClassLoader::initializeIncludeClosure():575}('C://Users//maria//...')
#1 [internal function]: Composer/Autoload/ClassLoader->loadClass('App//Http//Contro...')
#2 C:/Users/maria/ApiApuestasDeportivas/ApiApuestasDeportivas/vendor/laravel/framework/src/Illuminate/Routing/Route.php(1096): is_a('App//Http//Contro...', 'Illuminate//Rout...', true)
#3 C:/Users/maria/ApiApuestasDeportivas/ApiApuestasDeportivas/vendor/laravel/framework/src/Illuminate/Routing/Route.php(1035): Illuminate/Routing/Route->controllerMiddleware()
#4 C:/Users/maria/ApiApuestasDeportivas/ApiApuestasDeportivas/vendor/laravel/framework/src/Illuminate/Routing/Router.php(818): Illuminate/Routing/Route->gatherMiddleware()
#5 C:/Users/maria/ApiApuestasDeportivas/ApiApuestasDeportivas/vendor/laravel/framework/src/Illuminate/Routing/Router.php(800): Illuminate/Routing/Router->gatherRouteMiddleware(Object(Illuminate/Routing/Route))
#6 C:/Users/maria/ApiApuestasDeportivas/ApiApuestasDeportivas/vendor/laravel/framework/src/Illuminate/Routing/Router.php(784): Illuminate/Routing/Router->runRouteWithinStack(Object(Illuminate/Routing/Route), Object(Illuminate/Http/Request))
#7 C:/Users/maria/ApiApuestasDeportivas/ApiApuestasDeportivas/vendor/laravel/framework/src/Illuminate/Routing/Router.php(748): Illuminate/Routing/Router->runRoute(Object(Illuminate/Http/Request), Object(Illuminate/Routing/Route))
#8 C:/Users/maria/ApiApuestasDeportivas/ApiApuestasDeportivas/vendor/laravel/framework/src/Illuminate/Routing/Router.php(737): Illuminate/Routing/Router->dispatchToRoute(Object(Illuminate/Http/Request))
#9 C:/Users/maria/ApiApuestasDeportivas/ApiApuestasDeportivas/vendor/laravel/framework/src/Illuminate/Foundation/Http/Kernel.php(200): Illuminate/Routing/Router->dispatch(Object(Illuminate/Http/Request))
#10 C:/Users/maria/ApiApuestasDeportivas/ApiApuestasDeportivas/vendor/laravel/framework/src/Illuminate/Pipeline/Pipeline.php(144): Illuminate/Foundation/Http/Kernel->{closure:Illuminate/Foundation/Http/Kernel::dispatchToRouter():197}(Object(Illuminate/Http/Request))
#11 C:/Users/maria/ApiApuestasDeportivas/ApiApuestasDeportivas/vendor/laravel/framework/src/Illuminate/Foundation/Http/Middleware/TransformsRequest.php(21): Illuminate/Pipeline/Pipeline->{closure:Illuminate/Pipeline/Pipeline::prepareDestination():142}(Object(Illuminate/Http/Request))
#12 C:/Users/maria/ApiApuestasDeportivas/ApiApuestasDeportivas/vendor/laravel/framework/src/Illuminate/Foundation/Http/Middleware/ConvertEmptyStringsToNull.php(31): Illuminate/Foundation/Http/Middleware/TransformsRequest->handle(Object(Illuminate/Http/Request), Object(Closure))
#13 C:/Users/maria/ApiApuestasDeportivas/ApiApuestasDeportivas/vendor/laravel/framework/src/Illuminate/Pipeline/Pipeline.php(183): Illuminate/Foundation/Http/Middleware/ConvertEmptyStringsToNull->handle(Object(Illuminate/Http/Request), Object(Closure))
#14 C:/Users/maria/ApiApuestasDeportivas/ApiApuestasDeportivas/vendor/laravel/framework/src/Illuminate/Foundation/Http/Middleware/TransformsRequest.php(21): Illuminate/Pipeline/Pipeline->{closure:{closure:Illuminate/Pipeline/Pipeline::carry():158}:159}(Object(Illuminate/Http/Request))
#15 C:/Users/maria/ApiApuestasDeportivas/ApiApuestasDeportivas/vendor/laravel/framework/src/Illuminate/Foundation/Http/Middleware/TrimStrings.php(40): Illuminate/Foundation/Http/Middleware/TransformsRequest->handle(Object(Illuminate/Http/Request), Object(Closure))
#16 C:/Users/maria/ApiApuestasDeportivas/ApiApuestasDeportivas/vendor/laravel/framework/src/Illuminate/Pipeline/Pipeline.php(183): Illuminate/Foundation/Http/Middleware/TrimStrings->handle(Object(Illuminate/Http/Request), Object(Closure))
#17 C:/Users/maria/ApiApuestasDeportivas/ApiApuestasDeportivas/vendor/laravel/framework/src/Illuminate/Foundation/Http/Middleware/ValidatePostSize.php(27): Illuminate/Pipeline/Pipeline->{closure:{closure:Illuminate/Pipeline/Pipeline::carry():158}:159}(Object(Illuminate/Http/Request))
#18 C:/Users/maria/ApiApuestasDeportivas/ApiApuestasDeportivas/vendor/laravel/framework/src/Illuminate/Pipeline/Pipeline.php(183): Illuminate/Foundation/Http/Middleware/ValidatePostSize->handle(Object(Illuminate/Http/Request), Object(Closure))
#19 C:/Users/maria/ApiApuestasDeportivas/ApiApuestasDeportivas/vendor/laravel/framework/src/Illuminate/Foundation/Http/Middleware/PreventRequestsDuringMaintenance.php(99): Illuminate/Pipeline/Pipeline->{closure:{closure:Illuminate/Pipeline/Pipeline::carry():158}:159}(Object(Illuminate/Http/Request))
#20 C:/Users/maria/ApiApuestasDeportivas/ApiApuestasDeportivas/vendor/laravel/framework/src/Illuminate/Pipeline/Pipeline.php(183): Illuminate/Foundation/Http/Middleware/PreventRequestsDuringMaintenance->handle(Object(Illuminate/Http/Request), Object(Closure))
#21 C:/Users/maria/ApiApuestasDeportivas/ApiApuestasDeportivas/vendor/laravel/framework/src/Illuminate/Http/Middleware/HandleCors.php(62): Illuminate/Pipeline/Pipeline->{closure:{closure:Illuminate/Pipeline/Pipeline::carry():158}:159}(Object(Illuminate/Http/Request))
#22 C:/Users/maria/ApiApuestasDeportivas/ApiApuestasDeportivas/vendor/laravel/framework/src/Illuminate/Pipeline/Pipeline.php(183): Illuminate/Http/Middleware/HandleCors->handle(Object(Illuminate/Http/Request), Object(Closure))
#23 C:/Users/maria/ApiApuestasDeportivas/ApiApuestasDeportivas/vendor/laravel/framework/src/Illuminate/Http/Middleware/TrustProxies.php(39): Illuminate/Pipeline/Pipeline->{closure:{closure:Illuminate/Pipeline/Pipeline::carry():158}:159}(Object(Illuminate/Http/Request))
#24 C:/Users/maria/ApiApuestasDeportivas/ApiApuestasDeportivas/vendor/laravel/framework/src/Illuminate/Pipeline/Pipeline.php(183): Illuminate/Http/Middleware/TrustProxies->handle(Object(Illuminate/Http/Request), Object(Closure))
#25 C:/Users/maria/ApiApuestasDeportivas/ApiApuestasDeportivas/vendor/laravel/framework/src/Illuminate/Pipeline/Pipeline.php(119): Illuminate/Pipeline/Pipeline->{closure:{closure:Illuminate/Pipeline/Pipeline::carry():158}:159}(Object(Illuminate/Http/Request))
#26 C:/Users/maria/ApiApuestasDeportivas/ApiApuestasDeportivas/vendor/laravel/framework/src/Illuminate/Foundation/Http/Kernel.php(175): Illuminate/Pipeline/Pipeline->then(Object(Closure))
#27 C:/Users/maria/ApiApuestasDeportivas/ApiApuestasDeportivas/vendor/laravel/framework/src/Illuminate/Foundation/Http/Kernel.php(144): Illuminate/Foundation/Http/Kernel->sendRequestThroughRouter(Object(Illuminate/Http/Request))
#28 C:/Users/maria/ApiApuestasDeportivas/ApiApuestasDeportivas/public/index.php(51): Illuminate/Foundation/Http/Kernel->handle(Object(Illuminate/Http/Request))
#29 C:/Users/maria/ApiApuestasDeportivas/ApiApuestasDeportivas/vendor/laravel/framework/src/Illuminate/Foundation/resources/server.php(16): require_once('C://Users//maria//...')
#30 {main}
"} 
[2026-03-15 06:16:25] local.ERROR: Route [login] not defined. {"exception":"[object] (Symfony\\Component\\Routing\\Exception\\RouteNotFoundException(code: 0): Route [login] not defined. at C:/Users/maria/ApiApuestasDeportivas/ApiApuestasDeportivas/vendor/laravel/framework/src/Illuminate/Routing/UrlGenerator.php:477)
[stacktrace]
#0 C:/Users/maria/ApiApuestasDeportivas/ApiApuestasDeportivas/vendor/laravel/framework/src/Illuminate/Foundation/helpers.php(811): Illuminate/Routing/UrlGenerator->route('login', Array, true)
#1 C:/Users/maria/ApiApuestasDeportivas/ApiApuestasDeportivas/app/Http/Middleware/Authenticate.php(15): route('login')
#2 C:/Users/maria/ApiApuestasDeportivas/ApiApuestasDeportivas/vendor/laravel/framework/src/Illuminate/Auth/Middleware/Authenticate.php(96): App/Http/Middleware/Authenticate->redirectTo(Object(Illuminate/Http/Request))
#3 C:/Users/maria/ApiApuestasDeportivas/ApiApuestasDeportivas/vendor/laravel/framework/src/Illuminate/Auth/Middleware/Authenticate.php(81): Illuminate/Auth/Middleware/Authenticate->unauthenticated(Object(Illuminate/Http/Request), Array)
#4 C:/Users/maria/ApiApuestasDeportivas/ApiApuestasDeportivas/vendor/laravel/framework/src/Illuminate/Auth/Middleware/Authenticate.php(55): Illuminate/Auth/Middleware/Authenticate->authenticate(Object(Illuminate/Http/Request), Array)
#5 C:/Users/maria/ApiApuestasDeportivas/ApiApuestasDeportivas/vendor/laravel/framework/src/Illuminate/Pipeline/Pipeline.php(183): Illuminate/Auth/Middleware/Authenticate->handle(Object(Illuminate/Http/Request), Object(Closure), 'api')
#6 C:/Users/maria/ApiApuestasDeportivas/ApiApuestasDeportivas/vendor/laravel/framework/src/Illuminate/Pipeline/Pipeline.php(119): Illuminate/Pipeline/Pipeline->{closure:{closure:Illuminate/Pipeline/Pipeline::carry():158}:159}(Object(Illuminate/Http/Request))
#7 C:/Users/maria/ApiApuestasDeportivas/ApiApuestasDeportivas/vendor/laravel/framework/src/Illuminate/Routing/Router.php(805): Illuminate/Pipeline/Pipeline->then(Object(Closure))
#8 C:/Users/maria/ApiApuestasDeportivas/ApiApuestasDeportivas/vendor/laravel/framework/src/Illuminate/Routing/Router.php(784): Illuminate/Routing/Router->runRouteWithinStack(Object(Illuminate/Routing/Route), Object(Illuminate/Http/Request))
#9 C:/Users/maria/ApiApuestasDeportivas/ApiApuestasDeportivas/vendor/laravel/framework/src/Illuminate/Routing/Router.php(748): Illuminate/Routing/Router->runRoute(Object(Illuminate/Http/Request), Object(Illuminate/Routing/Route))
#10 C:/Users/maria/ApiApuestasDeportivas/ApiApuestasDeportivas/vendor/laravel/framework/src/Illuminate/Routing/Router.php(737): Illuminate/Routing/Router->dispatchToRoute(Object(Illuminate/Http/Request))
#11 C:/Users/maria/ApiApuestasDeportivas/ApiApuestasDeportivas/vendor/laravel/framework/src/Illuminate/Foundation/Http/Kernel.php(200): Illuminate/Routing/Router->dispatch(Object(Illuminate/Http/Request))
#12 C:/Users/maria/ApiApuestasDeportivas/ApiApuestasDeportivas/vendor/laravel/framework/src/Illuminate/Pipeline/Pipeline.php(144): Illuminate/Foundation/Http/Kernel->{closure:Illuminate/Foundation/Http/Kernel::dispatchToRouter():197}(Object(Illuminate/Http/Request))
#13 C:/Users/maria/ApiApuestasDeportivas/ApiApuestasDeportivas/vendor/laravel/framework/src/Illuminate/Foundation/Http/Middleware/TransformsRequest.php(21): Illuminate/Pipeline/Pipeline->{closure:Illuminate/Pipeline/Pipeline::prepareDestination():142}(Object(Illuminate/Http/Request))
#14 C:/Users/maria/ApiApuestasDeportivas/ApiApuestasDeportivas/vendor/laravel/framework/src/Illuminate/Foundation/Http/Middleware/ConvertEmptyStringsToNull.php(31): Illuminate/Foundation/Http/Middleware/TransformsRequest->handle(Object(Illuminate/Http/Request), Object(Closure))
#15 C:/Users/maria/ApiApuestasDeportivas/ApiApuestasDeportivas/vendor/laravel/framework/src/Illuminate/Pipeline/Pipeline.php(183): Illuminate/Foundation/Http/Middleware/ConvertEmptyStringsToNull->handle(Object(Illuminate/Http/Request), Object(Closure))
#16 C:/Users/maria/ApiApuestasDeportivas/ApiApuestasDeportivas/vendor/laravel/framework/src/Illuminate/Foundation/Http/Middleware/TransformsRequest.php(21): Illuminate/Pipeline/Pipeline->{closure:{closure:Illuminate/Pipeline/Pipeline::carry():158}:159}(Object(Illuminate/Http/Request))
#17 C:/Users/maria/ApiApuestasDeportivas/ApiApuestasDeportivas/vendor/laravel/framework/src/Illuminate/Foundation/Http/Middleware/TrimStrings.php(40): Illuminate/Foundation/Http/Middleware/TransformsRequest->handle(Object(Illuminate/Http/Request), Object(Closure))
#18 C:/Users/maria/ApiApuestasDeportivas/ApiApuestasDeportivas/vendor/laravel/framework/src/Illuminate/Pipeline/Pipeline.php(183): Illuminate/Foundation/Http/Middleware/TrimStrings->handle(Object(Illuminate/Http/Request), Object(Closure))
#19 C:/Users/maria/ApiApuestasDeportivas/ApiApuestasDeportivas/vendor/laravel/framework/src/Illuminate/Foundation/Http/Middleware/ValidatePostSize.php(27): Illuminate/Pipeline/Pipeline->{closure:{closure:Illuminate/Pipeline/Pipeline::carry():158}:159}(Object(Illuminate/Http/Request))
#20 C:/Users/maria/ApiApuestasDeportivas/ApiApuestasDeportivas/vendor/laravel/framework/src/Illuminate/Pipeline/Pipeline.php(183): Illuminate/Foundation/Http/Middleware/ValidatePostSize->handle(Object(Illuminate/Http/Request), Object(Closure))
#21 C:/Users/maria/ApiApuestasDeportivas/ApiApuestasDeportivas/vendor/laravel/framework/src/Illuminate/Foundation/Http/Middleware/PreventRequestsDuringMaintenance.php(99): Illuminate/Pipeline/Pipeline->{closure:{closure:Illuminate/Pipeline/Pipeline::carry():158}:159}(Object(Illuminate/Http/Request))
#22 C:/Users/maria/ApiApuestasDeportivas/ApiApuestasDeportivas/vendor/laravel/framework/src/Illuminate/Pipeline/Pipeline.php(183): Illuminate/Foundation/Http/Middleware/PreventRequestsDuringMaintenance->handle(Object(Illuminate/Http/Request), Object(Closure))
#23 C:/Users/maria/ApiApuestasDeportivas/ApiApuestasDeportivas/vendor/laravel/framework/src/Illuminate/Http/Middleware/HandleCors.php(62): Illuminate/Pipeline/Pipeline->{closure:{closure:Illuminate/Pipeline/Pipeline::carry():158}:159}(Object(Illuminate/Http/Request))
#24 C:/Users/maria/ApiApuestasDeportivas/ApiApuestasDeportivas/vendor/laravel/framework/src/Illuminate/Pipeline/Pipeline.php(183): Illuminate/Http/Middleware/HandleCors->handle(Object(Illuminate/Http/Request), Object(Closure))
#25 C:/Users/maria/ApiApuestasDeportivas/ApiApuestasDeportivas/vendor/laravel/framework/src/Illuminate/Http/Middleware/TrustProxies.php(39): Illuminate/Pipeline/Pipeline->{closure:{closure:Illuminate/Pipeline/Pipeline::carry():158}:159}(Object(Illuminate/Http/Request))
#26 C:/Users/maria/ApiApuestasDeportivas/ApiApuestasDeportivas/vendor/laravel/framework/src/Illuminate/Pipeline/Pipeline.php(183): Illuminate/Http/Middleware/TrustProxies->handle(Object(Illuminate/Http/Request), Object(Closure))
#27 C:/Users/maria/ApiApuestasDeportivas/ApiApuestasDeportivas/vendor/laravel/framework/src/Illuminate/Pipeline/Pipeline.php(119): Illuminate/Pipeline/Pipeline->{closure:{closure:Illuminate/Pipeline/Pipeline::carry():158}:159}(Object(Illuminate/Http/Request))
#28 C:/Users/maria/ApiApuestasDeportivas/ApiApuestasDeportivas/vendor/laravel/framework/src/Illuminate/Foundation/Http/Kernel.php(175): Illuminate/Pipeline/Pipeline->then(Object(Closure))
#29 C:/Users/maria/ApiApuestasDeportivas/ApiApuestasDeportivas/vendor/laravel/framework/src/Illuminate/Foundation/Http/Kernel.php(144): Illuminate/Foundation/Http/Kernel->sendRequestThroughRouter(Object(Illuminate/Http/Request))
#30 C:/Users/maria/ApiApuestasDeportivas/ApiApuestasDeportivas/public/index.php(51): Illuminate/Foundation/Http/Kernel->handle(Object(Illuminate/Http/Request))
#31 C:/Users/maria/ApiApuestasDeportivas/ApiApuestasDeportivas/vendor/laravel/framework/src/Illuminate/Foundation/resources/server.php(16): require_once('C://Users//maria//...')
#32 {main}
"} 
[2026-03-15 19:11:03] local.ERROR: Route [login] not defined. {"exception":"[object] (Symfony\\Component\\Routing\\Exception\\RouteNotFoundException(code: 0): Route [login] not defined. at C:/Users/maria/ApiApuestasDeportivas/ApiApuestasDeportivas/vendor/laravel/framework/src/Illuminate/Routing/UrlGenerator.php:477)
[stacktrace]
#0 C:/Users/maria/ApiApuestasDeportivas/ApiApuestasDeportivas/vendor/laravel/framework/src/Illuminate/Foundation/helpers.php(811): Illuminate/Routing/UrlGenerator->route('login', Array, true)
#1 C:/Users/maria/ApiApuestasDeportivas/ApiApuestasDeportivas/app/Http/Middleware/Authenticate.php(15): route('login')
#2 C:/Users/maria/ApiApuestasDeportivas/ApiApuestasDeportivas/vendor/laravel/framework/src/Illuminate/Auth/Middleware/Authenticate.php(96): App/Http/Middleware/Authenticate->redirectTo(Object(Illuminate/Http/Request))
#3 C:/Users/maria/ApiApuestasDeportivas/ApiApuestasDeportivas/vendor/laravel/framework/src/Illuminate/Auth/Middleware/Authenticate.php(81): Illuminate/Auth/Middleware/Authenticate->unauthenticated(Object(Illuminate/Http/Request), Array)
#4 C:/Users/maria/ApiApuestasDeportivas/ApiApuestasDeportivas/vendor/laravel/framework/src/Illuminate/Auth/Middleware/Authenticate.php(55): Illuminate/Auth/Middleware/Authenticate->authenticate(Object(Illuminate/Http/Request), Array)
#5 C:/Users/maria/ApiApuestasDeportivas/ApiApuestasDeportivas/vendor/laravel/framework/src/Illuminate/Pipeline/Pipeline.php(183): Illuminate/Auth/Middleware/Authenticate->handle(Object(Illuminate/Http/Request), Object(Closure), 'api')
#6 C:/Users/maria/ApiApuestasDeportivas/ApiApuestasDeportivas/vendor/laravel/framework/src/Illuminate/Pipeline/Pipeline.php(119): Illuminate/Pipeline/Pipeline->{closure:{closure:Illuminate/Pipeline/Pipeline::carry():158}:159}(Object(Illuminate/Http/Request))
#7 C:/Users/maria/ApiApuestasDeportivas/ApiApuestasDeportivas/vendor/laravel/framework/src/Illuminate/Routing/Router.php(805): Illuminate/Pipeline/Pipeline->then(Object(Closure))
#8 C:/Users/maria/ApiApuestasDeportivas/ApiApuestasDeportivas/vendor/laravel/framework/src/Illuminate/Routing/Router.php(784): Illuminate/Routing/Router->runRouteWithinStack(Object(Illuminate/Routing/Route), Object(Illuminate/Http/Request))
#9 C:/Users/maria/ApiApuestasDeportivas/ApiApuestasDeportivas/vendor/laravel/framework/src/Illuminate/Routing/Router.php(748): Illuminate/Routing/Router->runRoute(Object(Illuminate/Http/Request), Object(Illuminate/Routing/Route))
#10 C:/Users/maria/ApiApuestasDeportivas/ApiApuestasDeportivas/vendor/laravel/framework/src/Illuminate/Routing/Router.php(737): Illuminate/Routing/Router->dispatchToRoute(Object(Illuminate/Http/Request))
#11 C:/Users/maria/ApiApuestasDeportivas/ApiApuestasDeportivas/vendor/laravel/framework/src/Illuminate/Foundation/Http/Kernel.php(200): Illuminate/Routing/Router->dispatch(Object(Illuminate/Http/Request))
#12 C:/Users/maria/ApiApuestasDeportivas/ApiApuestasDeportivas/vendor/laravel/framework/src/Illuminate/Pipeline/Pipeline.php(144): Illuminate/Foundation/Http/Kernel->{closure:Illuminate/Foundation/Http/Kernel::dispatchToRouter():197}(Object(Illuminate/Http/Request))
#13 C:/Users/maria/ApiApuestasDeportivas/ApiApuestasDeportivas/vendor/laravel/framework/src/Illuminate/Foundation/Http/Middleware/TransformsRequest.php(21): Illuminate/Pipeline/Pipeline->{closure:Illuminate/Pipeline/Pipeline::prepareDestination():142}(Object(Illuminate/Http/Request))
#14 C:/Users/maria/ApiApuestasDeportivas/ApiApuestasDeportivas/vendor/laravel/framework/src/Illuminate/Foundation/Http/Middleware/ConvertEmptyStringsToNull.php(31): Illuminate/Foundation/Http/Middleware/TransformsRequest->handle(Object(Illuminate/Http/Request), Object(Closure))
#15 C:/Users/maria/ApiApuestasDeportivas/ApiApuestasDeportivas/vendor/laravel/framework/src/Illuminate/Pipeline/Pipeline.php(183): Illuminate/Foundation/Http/Middleware/ConvertEmptyStringsToNull->handle(Object(Illuminate/Http/Request), Object(Closure))
#16 C:/Users/maria/ApiApuestasDeportivas/ApiApuestasDeportivas/vendor/laravel/framework/src/Illuminate/Foundation/Http/Middleware/TransformsRequest.php(21): Illuminate/Pipeline/Pipeline->{closure:{closure:Illuminate/Pipeline/Pipeline::carry():158}:159}(Object(Illuminate/Http/Request))
#17 C:/Users/maria/ApiApuestasDeportivas/ApiApuestasDeportivas/vendor/laravel/framework/src/Illuminate/Foundation/Http/Middleware/TrimStrings.php(40): Illuminate/Foundation/Http/Middleware/TransformsRequest->handle(Object(Illuminate/Http/Request), Object(Closure))
#18 C:/Users/maria/ApiApuestasDeportivas/ApiApuestasDeportivas/vendor/laravel/framework/src/Illuminate/Pipeline/Pipeline.php(183): Illuminate/Foundation/Http/Middleware/TrimStrings->handle(Object(Illuminate/Http/Request), Object(Closure))
#19 C:/Users/maria/ApiApuestasDeportivas/ApiApuestasDeportivas/vendor/laravel/framework/src/Illuminate/Foundation/Http/Middleware/ValidatePostSize.php(27): Illuminate/Pipeline/Pipeline->{closure:{closure:Illuminate/Pipeline/Pipeline::carry():158}:159}(Object(Illuminate/Http/Request))
#20 C:/Users/maria/ApiApuestasDeportivas/ApiApuestasDeportivas/vendor/laravel/framework/src/Illuminate/Pipeline/Pipeline.php(183): Illuminate/Foundation/Http/Middleware/ValidatePostSize->handle(Object(Illuminate/Http/Request), Object(Closure))
#21 C:/Users/maria/ApiApuestasDeportivas/ApiApuestasDeportivas/vendor/laravel/framework/src/Illuminate/Foundation/Http/Middleware/PreventRequestsDuringMaintenance.php(99): Illuminate/Pipeline/Pipeline->{closure:{closure:Illuminate/Pipeline/Pipeline::carry():158}:159}(Object(Illuminate/Http/Request))
#22 C:/Users/maria/ApiApuestasDeportivas/ApiApuestasDeportivas/vendor/laravel/framework/src/Illuminate/Pipeline/Pipeline.php(183): Illuminate/Foundation/Http/Middleware/PreventRequestsDuringMaintenance->handle(Object(Illuminate/Http/Request), Object(Closure))
#23 C:/Users/maria/ApiApuestasDeportivas/ApiApuestasDeportivas/vendor/laravel/framework/src/Illuminate/Http/Middleware/HandleCors.php(62): Illuminate/Pipeline/Pipeline->{closure:{closure:Illuminate/Pipeline/Pipeline::carry():158}:159}(Object(Illuminate/Http/Request))
#24 C:/Users/maria/ApiApuestasDeportivas/ApiApuestasDeportivas/vendor/laravel/framework/src/Illuminate/Pipeline/Pipeline.php(183): Illuminate/Http/Middleware/HandleCors->handle(Object(Illuminate/Http/Request), Object(Closure))
#25 C:/Users/maria/ApiApuestasDeportivas/ApiApuestasDeportivas/vendor/laravel/framework/src/Illuminate/Http/Middleware/TrustProxies.php(39): Illuminate/Pipeline/Pipeline->{closure:{closure:Illuminate/Pipeline/Pipeline::carry():158}:159}(Object(Illuminate/Http/Request))
#26 C:/Users/maria/ApiApuestasDeportivas/ApiApuestasDeportivas/vendor/laravel/framework/src/Illuminate/Pipeline/Pipeline.php(183): Illuminate/Http/Middleware/TrustProxies->handle(Object(Illuminate/Http/Request), Object(Closure))
#27 C:/Users/maria/ApiApuestasDeportivas/ApiApuestasDeportivas/vendor/laravel/framework/src/Illuminate/Pipeline/Pipeline.php(119): Illuminate/Pipeline/Pipeline->{closure:{closure:Illuminate/Pipeline/Pipeline::carry():158}:159}(Object(Illuminate/Http/Request))
#28 C:/Users/maria/ApiApuestasDeportivas/ApiApuestasDeportivas/vendor/laravel/framework/src/Illuminate/Foundation/Http/Kernel.php(175): Illuminate/Pipeline/Pipeline->then(Object(Closure))
#29 C:/Users/maria/ApiApuestasDeportivas/ApiApuestasDeportivas/vendor/laravel/framework/src/Illuminate/Foundation/Http/Kernel.php(144): Illuminate/Foundation/Http/Kernel->sendRequestThroughRouter(Object(Illuminate/Http/Request))
#30 C:/Users/maria/ApiApuestasDeportivas/ApiApuestasDeportivas/public/index.php(51): Illuminate/Foundation/Http/Kernel->handle(Object(Illuminate/Http/Request))
#31 C:/Users/maria/ApiApuestasDeportivas/ApiApuestasDeportivas/vendor/laravel/framework/src/Illuminate/Foundation/resources/server.php(16): require_once('C://Users//maria//...')
#32 {main}
"} 
[2026-03-15 19:22:13] local.ERROR: Undefined variable $event {"userId":1,"exception":"[object] (ErrorException(code: 0): Undefined variable $event at C:/Users/maria/ApiApuestasDeportivas/ApiApuestasDeportivas/app/Http/Controllers/BetController.php:32)
[stacktrace]
#0 C:/Users/maria/ApiApuestasDeportivas/ApiApuestasDeportivas/vendor/laravel/framework/src/Illuminate/Foundation/Bootstrap/HandleExceptions.php(255): Illuminate/Foundation/Bootstrap/HandleExceptions->handleError(2, 'Undefined varia...', 'C://Users//maria//...', 32)
#1 C:/Users/maria/ApiApuestasDeportivas/ApiApuestasDeportivas/app/Http/Controllers/BetController.php(32): Illuminate/Foundation/Bootstrap/HandleExceptions->{closure:Illuminate/Foundation/Bootstrap/HandleExceptions::forwardsTo():254}(2, 'Undefined varia...', 'C://Users//maria//...', 32)
#2 C:/Users/maria/ApiApuestasDeportivas/ApiApuestasDeportivas/vendor/laravel/framework/src/Illuminate/Routing/Controller.php(54): App/Http/Controllers/BetController->placeBet(Object(Illuminate/Http/Request))
#3 C:/Users/maria/ApiApuestasDeportivas/ApiApuestasDeportivas/vendor/laravel/framework/src/Illuminate/Routing/ControllerDispatcher.php(43): Illuminate/Routing/Controller->callAction('placeBet', Array)
#4 C:/Users/maria/ApiApuestasDeportivas/ApiApuestasDeportivas/vendor/laravel/framework/src/Illuminate/Routing/Route.php(259): Illuminate/Routing/ControllerDispatcher->dispatch(Object(Illuminate/Routing/Route), Object(App/Http/Controllers/BetController), 'placeBet')
#5 C:/Users/maria/ApiApuestasDeportivas/ApiApuestasDeportivas/vendor/laravel/framework/src/Illuminate/Routing/Route.php(205): Illuminate/Routing/Route->runController()
#6 C:/Users/maria/ApiApuestasDeportivas/ApiApuestasDeportivas/vendor/laravel/framework/src/Illuminate/Routing/Router.php(806): Illuminate/Routing/Route->run()
#7 C:/Users/maria/ApiApuestasDeportivas/ApiApuestasDeportivas/vendor/laravel/framework/src/Illuminate/Pipeline/Pipeline.php(144): Illuminate/Routing/Router->{closure:Illuminate/Routing/Router::runRouteWithinStack():805}(Object(Illuminate/Http/Request))
#8 C:/Users/maria/ApiApuestasDeportivas/ApiApuestasDeportivas/vendor/laravel/framework/src/Illuminate/Routing/Middleware/SubstituteBindings.php(50): Illuminate/Pipeline/Pipeline->{closure:Illuminate/Pipeline/Pipeline::prepareDestination():142}(Object(Illuminate/Http/Request))
#9 C:/Users/maria/ApiApuestasDeportivas/ApiApuestasDeportivas/vendor/laravel/framework/src/Illuminate/Pipeline/Pipeline.php(183): Illuminate/Routing/Middleware/SubstituteBindings->handle(Object(Illuminate/Http/Request), Object(Closure))
#10 C:/Users/maria/ApiApuestasDeportivas/ApiApuestasDeportivas/vendor/laravel/framework/src/Illuminate/Routing/Middleware/ThrottleRequests.php(159): Illuminate/Pipeline/Pipeline->{closure:{closure:Illuminate/Pipeline/Pipeline::carry():158}:159}(Object(Illuminate/Http/Request))
#11 C:/Users/maria/ApiApuestasDeportivas/ApiApuestasDeportivas/vendor/laravel/framework/src/Illuminate/Routing/Middleware/ThrottleRequests.php(125): Illuminate/Routing/Middleware/ThrottleRequests->handleRequest(Object(Illuminate/Http/Request), Object(Closure), Array)
#12 C:/Users/maria/ApiApuestasDeportivas/ApiApuestasDeportivas/vendor/laravel/framework/src/Illuminate/Routing/Middleware/ThrottleRequests.php(87): Illuminate/Routing/Middleware/ThrottleRequests->handleRequestUsingNamedLimiter(Object(Illuminate/Http/Request), Object(Closure), 'api', Object(Closure))
#13 C:/Users/maria/ApiApuestasDeportivas/ApiApuestasDeportivas/vendor/laravel/framework/src/Illuminate/Pipeline/Pipeline.php(183): Illuminate/Routing/Middleware/ThrottleRequests->handle(Object(Illuminate/Http/Request), Object(Closure), 'api')
#14 C:/Users/maria/ApiApuestasDeportivas/ApiApuestasDeportivas/vendor/laravel/framework/src/Illuminate/Auth/Middleware/Authenticate.php(57): Illuminate/Pipeline/Pipeline->{closure:{closure:Illuminate/Pipeline/Pipeline::carry():158}:159}(Object(Illuminate/Http/Request))
#15 C:/Users/maria/ApiApuestasDeportivas/ApiApuestasDeportivas/vendor/laravel/framework/src/Illuminate/Pipeline/Pipeline.php(183): Illuminate/Auth/Middleware/Authenticate->handle(Object(Illuminate/Http/Request), Object(Closure), 'api')
#16 C:/Users/maria/ApiApuestasDeportivas/ApiApuestasDeportivas/vendor/laravel/framework/src/Illuminate/Pipeline/Pipeline.php(119): Illuminate/Pipeline/Pipeline->{closure:{closure:Illuminate/Pipeline/Pipeline::carry():158}:159}(Object(Illuminate/Http/Request))
#17 C:/Users/maria/ApiApuestasDeportivas/ApiApuestasDeportivas/vendor/laravel/framework/src/Illuminate/Routing/Router.php(805): Illuminate/Pipeline/Pipeline->then(Object(Closure))
#18 C:/Users/maria/ApiApuestasDeportivas/ApiApuestasDeportivas/vendor/laravel/framework/src/Illuminate/Routing/Router.php(784): Illuminate/Routing/Router->runRouteWithinStack(Object(Illuminate/Routing/Route), Object(Illuminate/Http/Request))
#19 C:/Users/maria/ApiApuestasDeportivas/ApiApuestasDeportivas/vendor/laravel/framework/src/Illuminate/Routing/Router.php(748): Illuminate/Routing/Router->runRoute(Object(Illuminate/Http/Request), Object(Illuminate/Routing/Route))
#20 C:/Users/maria/ApiApuestasDeportivas/ApiApuestasDeportivas/vendor/laravel/framework/src/Illuminate/Routing/Router.php(737): Illuminate/Routing/Router->dispatchToRoute(Object(Illuminate/Http/Request))
#21 C:/Users/maria/ApiApuestasDeportivas/ApiApuestasDeportivas/vendor/laravel/framework/src/Illuminate/Foundation/Http/Kernel.php(200): Illuminate/Routing/Router->dispatch(Object(Illuminate/Http/Request))
#22 C:/Users/maria/ApiApuestasDeportivas/ApiApuestasDeportivas/vendor/laravel/framework/src/Illuminate/Pipeline/Pipeline.php(144): Illuminate/Foundation/Http/Kernel->{closure:Illuminate/Foundation/Http/Kernel::dispatchToRouter():197}(Object(Illuminate/Http/Request))
#23 C:/Users/maria/ApiApuestasDeportivas/ApiApuestasDeportivas/vendor/laravel/framework/src/Illuminate/Foundation/Http/Middleware/TransformsRequest.php(21): Illuminate/Pipeline/Pipeline->{closure:Illuminate/Pipeline/Pipeline::prepareDestination():142}(Object(Illuminate/Http/Request))
#24 C:/Users/maria/ApiApuestasDeportivas/ApiApuestasDeportivas/vendor/laravel/framework/src/Illuminate/Foundation/Http/Middleware/ConvertEmptyStringsToNull.php(31): Illuminate/Foundation/Http/Middleware/TransformsRequest->handle(Object(Illuminate/Http/Request), Object(Closure))
#25 C:/Users/maria/ApiApuestasDeportivas/ApiApuestasDeportivas/vendor/laravel/framework/src/Illuminate/Pipeline/Pipeline.php(183): Illuminate/Foundation/Http/Middleware/ConvertEmptyStringsToNull->handle(Object(Illuminate/Http/Request), Object(Closure))
#26 C:/Users/maria/ApiApuestasDeportivas/ApiApuestasDeportivas/vendor/laravel/framework/src/Illuminate/Foundation/Http/Middleware/TransformsRequest.php(21): Illuminate/Pipeline/Pipeline->{closure:{closure:Illuminate/Pipeline/Pipeline::carry():158}:159}(Object(Illuminate/Http/Request))
#27 C:/Users/maria/ApiApuestasDeportivas/ApiApuestasDeportivas/vendor/laravel/framework/src/Illuminate/Foundation/Http/Middleware/TrimStrings.php(40): Illuminate/Foundation/Http/Middleware/TransformsRequest->handle(Object(Illuminate/Http/Request), Object(Closure))
#28 C:/Users/maria/ApiApuestasDeportivas/ApiApuestasDeportivas/vendor/laravel/framework/src/Illuminate/Pipeline/Pipeline.php(183): Illuminate/Foundation/Http/Middleware/TrimStrings->handle(Object(Illuminate/Http/Request), Object(Closure))
#29 C:/Users/maria/ApiApuestasDeportivas/ApiApuestasDeportivas/vendor/laravel/framework/src/Illuminate/Foundation/Http/Middleware/ValidatePostSize.php(27): Illuminate/Pipeline/Pipeline->{closure:{closure:Illuminate/Pipeline/Pipeline::carry():158}:159}(Object(Illuminate/Http/Request))
#30 C:/Users/maria/ApiApuestasDeportivas/ApiApuestasDeportivas/vendor/laravel/framework/src/Illuminate/Pipeline/Pipeline.php(183): Illuminate/Foundation/Http/Middleware/ValidatePostSize->handle(Object(Illuminate/Http/Request), Object(Closure))
#31 C:/Users/maria/ApiApuestasDeportivas/ApiApuestasDeportivas/vendor/laravel/framework/src/Illuminate/Foundation/Http/Middleware/PreventRequestsDuringMaintenance.php(99): Illuminate/Pipeline/Pipeline->{closure:{closure:Illuminate/Pipeline/Pipeline::carry():158}:159}(Object(Illuminate/Http/Request))
#32 C:/Users/maria/ApiApuestasDeportivas/ApiApuestasDeportivas/vendor/laravel/framework/src/Illuminate/Pipeline/Pipeline.php(183): Illuminate/Foundation/Http/Middleware/PreventRequestsDuringMaintenance->handle(Object(Illuminate/Http/Request), Object(Closure))
#33 C:/Users/maria/ApiApuestasDeportivas/ApiApuestasDeportivas/vendor/laravel/framework/src/Illuminate/Http/Middleware/HandleCors.php(62): Illuminate/Pipeline/Pipeline->{closure:{closure:Illuminate/Pipeline/Pipeline::carry():158}:159}(Object(Illuminate/Http/Request))
#34 C:/Users/maria/ApiApuestasDeportivas/ApiApuestasDeportivas/vendor/laravel/framework/src/Illuminate/Pipeline/Pipeline.php(183): Illuminate/Http/Middleware/HandleCors->handle(Object(Illuminate/Http/Request), Object(Closure))
#35 C:/Users/maria/ApiApuestasDeportivas/ApiApuestasDeportivas/vendor/laravel/framework/src/Illuminate/Http/Middleware/TrustProxies.php(39): Illuminate/Pipeline/Pipeline->{closure:{closure:Illuminate/Pipeline/Pipeline::carry():158}:159}(Object(Illuminate/Http/Request))
#36 C:/Users/maria/ApiApuestasDeportivas/ApiApuestasDeportivas/vendor/laravel/framework/src/Illuminate/Pipeline/Pipeline.php(183): Illuminate/Http/Middleware/TrustProxies->handle(Object(Illuminate/Http/Request), Object(Closure))
#37 C:/Users/maria/ApiApuestasDeportivas/ApiApuestasDeportivas/vendor/laravel/framework/src/Illuminate/Pipeline/Pipeline.php(119): Illuminate/Pipeline/Pipeline->{closure:{closure:Illuminate/Pipeline/Pipeline::carry():158}:159}(Object(Illuminate/Http/Request))
#38 C:/Users/maria/ApiApuestasDeportivas/ApiApuestasDeportivas/vendor/laravel/framework/src/Illuminate/Foundation/Http/Kernel.php(175): Illuminate/Pipeline/Pipeline->then(Object(Closure))
#39 C:/Users/maria/ApiApuestasDeportivas/ApiApuestasDeportivas/vendor/laravel/framework/src/Illuminate/Foundation/Http/Kernel.php(144): Illuminate/Foundation/Http/Kernel->sendRequestThroughRouter(Object(Illuminate/Http/Request))
#40 C:/Users/maria/ApiApuestasDeportivas/ApiApuestasDeportivas/public/index.php(51): Illuminate/Foundation/Http/Kernel->handle(Object(Illuminate/Http/Request))
#41 C:/Users/maria/ApiApuestasDeportivas/ApiApuestasDeportivas/vendor/laravel/framework/src/Illuminate/Foundation/resources/server.php(16): require_once('C://Users//maria//...')
#42 {main}
"} 
[2026-03-15 20:14:58] local.ERROR: Route [login] not defined. {"exception":"[object] (Symfony\\Component\\Routing\\Exception\\RouteNotFoundException(code: 0): Route [login] not defined. at C:/Users/maria/ApiApuestasDeportivas/ApiApuestasDeportivas/vendor/laravel/framework/src/Illuminate/Routing/UrlGenerator.php:477)
[stacktrace]
#0 C:/Users/maria/ApiApuestasDeportivas/ApiApuestasDeportivas/vendor/laravel/framework/src/Illuminate/Foundation/helpers.php(811): Illuminate/Routing/UrlGenerator->route('login', Array, true)
#1 C:/Users/maria/ApiApuestasDeportivas/ApiApuestasDeportivas/app/Http/Middleware/Authenticate.php(15): route('login')
#2 C:/Users/maria/ApiApuestasDeportivas/ApiApuestasDeportivas/vendor/laravel/framework/src/Illuminate/Auth/Middleware/Authenticate.php(96): App/Http/Middleware/Authenticate->redirectTo(Object(Illuminate/Http/Request))
#3 C:/Users/maria/ApiApuestasDeportivas/ApiApuestasDeportivas/vendor/laravel/framework/src/Illuminate/Auth/Middleware/Authenticate.php(81): Illuminate/Auth/Middleware/Authenticate->unauthenticated(Object(Illuminate/Http/Request), Array)
#4 C:/Users/maria/ApiApuestasDeportivas/ApiApuestasDeportivas/vendor/laravel/framework/src/Illuminate/Auth/Middleware/Authenticate.php(55): Illuminate/Auth/Middleware/Authenticate->authenticate(Object(Illuminate/Http/Request), Array)
#5 C:/Users/maria/ApiApuestasDeportivas/ApiApuestasDeportivas/vendor/laravel/framework/src/Illuminate/Pipeline/Pipeline.php(183): Illuminate/Auth/Middleware/Authenticate->handle(Object(Illuminate/Http/Request), Object(Closure), 'api')
#6 C:/Users/maria/ApiApuestasDeportivas/ApiApuestasDeportivas/vendor/laravel/framework/src/Illuminate/Pipeline/Pipeline.php(119): Illuminate/Pipeline/Pipeline->{closure:{closure:Illuminate/Pipeline/Pipeline::carry():158}:159}(Object(Illuminate/Http/Request))
#7 C:/Users/maria/ApiApuestasDeportivas/ApiApuestasDeportivas/vendor/laravel/framework/src/Illuminate/Routing/Router.php(805): Illuminate/Pipeline/Pipeline->then(Object(Closure))
#8 C:/Users/maria/ApiApuestasDeportivas/ApiApuestasDeportivas/vendor/laravel/framework/src/Illuminate/Routing/Router.php(784): Illuminate/Routing/Router->runRouteWithinStack(Object(Illuminate/Routing/Route), Object(Illuminate/Http/Request))
#9 C:/Users/maria/ApiApuestasDeportivas/ApiApuestasDeportivas/vendor/laravel/framework/src/Illuminate/Routing/Router.php(748): Illuminate/Routing/Router->runRoute(Object(Illuminate/Http/Request), Object(Illuminate/Routing/Route))
#10 C:/Users/maria/ApiApuestasDeportivas/ApiApuestasDeportivas/vendor/laravel/framework/src/Illuminate/Routing/Router.php(737): Illuminate/Routing/Router->dispatchToRoute(Object(Illuminate/Http/Request))
#11 C:/Users/maria/ApiApuestasDeportivas/ApiApuestasDeportivas/vendor/laravel/framework/src/Illuminate/Foundation/Http/Kernel.php(200): Illuminate/Routing/Router->dispatch(Object(Illuminate/Http/Request))
#12 C:/Users/maria/ApiApuestasDeportivas/ApiApuestasDeportivas/vendor/laravel/framework/src/Illuminate/Pipeline/Pipeline.php(144): Illuminate/Foundation/Http/Kernel->{closure:Illuminate/Foundation/Http/Kernel::dispatchToRouter():197}(Object(Illuminate/Http/Request))
#13 C:/Users/maria/ApiApuestasDeportivas/ApiApuestasDeportivas/vendor/laravel/framework/src/Illuminate/Foundation/Http/Middleware/TransformsRequest.php(21): Illuminate/Pipeline/Pipeline->{closure:Illuminate/Pipeline/Pipeline::prepareDestination():142}(Object(Illuminate/Http/Request))
#14 C:/Users/maria/ApiApuestasDeportivas/ApiApuestasDeportivas/vendor/laravel/framework/src/Illuminate/Foundation/Http/Middleware/ConvertEmptyStringsToNull.php(31): Illuminate/Foundation/Http/Middleware/TransformsRequest->handle(Object(Illuminate/Http/Request), Object(Closure))
#15 C:/Users/maria/ApiApuestasDeportivas/ApiApuestasDeportivas/vendor/laravel/framework/src/Illuminate/Pipeline/Pipeline.php(183): Illuminate/Foundation/Http/Middleware/ConvertEmptyStringsToNull->handle(Object(Illuminate/Http/Request), Object(Closure))
#16 C:/Users/maria/ApiApuestasDeportivas/ApiApuestasDeportivas/vendor/laravel/framework/src/Illuminate/Foundation/Http/Middleware/TransformsRequest.php(21): Illuminate/Pipeline/Pipeline->{closure:{closure:Illuminate/Pipeline/Pipeline::carry():158}:159}(Object(Illuminate/Http/Request))
#17 C:/Users/maria/ApiApuestasDeportivas/ApiApuestasDeportivas/vendor/laravel/framework/src/Illuminate/Foundation/Http/Middleware/TrimStrings.php(40): Illuminate/Foundation/Http/Middleware/TransformsRequest->handle(Object(Illuminate/Http/Request), Object(Closure))
#18 C:/Users/maria/ApiApuestasDeportivas/ApiApuestasDeportivas/vendor/laravel/framework/src/Illuminate/Pipeline/Pipeline.php(183): Illuminate/Foundation/Http/Middleware/TrimStrings->handle(Object(Illuminate/Http/Request), Object(Closure))
#19 C:/Users/maria/ApiApuestasDeportivas/ApiApuestasDeportivas/vendor/laravel/framework/src/Illuminate/Foundation/Http/Middleware/ValidatePostSize.php(27): Illuminate/Pipeline/Pipeline->{closure:{closure:Illuminate/Pipeline/Pipeline::carry():158}:159}(Object(Illuminate/Http/Request))
#20 C:/Users/maria/ApiApuestasDeportivas/ApiApuestasDeportivas/vendor/laravel/framework/src/Illuminate/Pipeline/Pipeline.php(183): Illuminate/Foundation/Http/Middleware/ValidatePostSize->handle(Object(Illuminate/Http/Request), Object(Closure))
#21 C:/Users/maria/ApiApuestasDeportivas/ApiApuestasDeportivas/vendor/laravel/framework/src/Illuminate/Foundation/Http/Middleware/PreventRequestsDuringMaintenance.php(99): Illuminate/Pipeline/Pipeline->{closure:{closure:Illuminate/Pipeline/Pipeline::carry():158}:159}(Object(Illuminate/Http/Request))
#22 C:/Users/maria/ApiApuestasDeportivas/ApiApuestasDeportivas/vendor/laravel/framework/src/Illuminate/Pipeline/Pipeline.php(183): Illuminate/Foundation/Http/Middleware/PreventRequestsDuringMaintenance->handle(Object(Illuminate/Http/Request), Object(Closure))
#23 C:/Users/maria/ApiApuestasDeportivas/ApiApuestasDeportivas/vendor/laravel/framework/src/Illuminate/Http/Middleware/HandleCors.php(62): Illuminate/Pipeline/Pipeline->{closure:{closure:Illuminate/Pipeline/Pipeline::carry():158}:159}(Object(Illuminate/Http/Request))
#24 C:/Users/maria/ApiApuestasDeportivas/ApiApuestasDeportivas/vendor/laravel/framework/src/Illuminate/Pipeline/Pipeline.php(183): Illuminate/Http/Middleware/HandleCors->handle(Object(Illuminate/Http/Request), Object(Closure))
#25 C:/Users/maria/ApiApuestasDeportivas/ApiApuestasDeportivas/vendor/laravel/framework/src/Illuminate/Http/Middleware/TrustProxies.php(39): Illuminate/Pipeline/Pipeline->{closure:{closure:Illuminate/Pipeline/Pipeline::carry():158}:159}(Object(Illuminate/Http/Request))
#26 C:/Users/maria/ApiApuestasDeportivas/ApiApuestasDeportivas/vendor/laravel/framework/src/Illuminate/Pipeline/Pipeline.php(183): Illuminate/Http/Middleware/TrustProxies->handle(Object(Illuminate/Http/Request), Object(Closure))
#27 C:/Users/maria/ApiApuestasDeportivas/ApiApuestasDeportivas/vendor/laravel/framework/src/Illuminate/Pipeline/Pipeline.php(119): Illuminate/Pipeline/Pipeline->{closure:{closure:Illuminate/Pipeline/Pipeline::carry():158}:159}(Object(Illuminate/Http/Request))
#28 C:/Users/maria/ApiApuestasDeportivas/ApiApuestasDeportivas/vendor/laravel/framework/src/Illuminate/Foundation/Http/Kernel.php(175): Illuminate/Pipeline/Pipeline->then(Object(Closure))
#29 C:/Users/maria/ApiApuestasDeportivas/ApiApuestasDeportivas/vendor/laravel/framework/src/Illuminate/Foundation/Http/Kernel.php(144): Illuminate/Foundation/Http/Kernel->sendRequestThroughRouter(Object(Illuminate/Http/Request))
#30 C:/Users/maria/ApiApuestasDeportivas/ApiApuestasDeportivas/public/index.php(51): Illuminate/Foundation/Http/Kernel->handle(Object(Illuminate/Http/Request))
#31 C:/Users/maria/ApiApuestasDeportivas/ApiApuestasDeportivas/vendor/laravel/framework/src/Illuminate/Foundation/resources/server.php(16): require_once('C://Users//maria//...')
#32 {main}
"} 
[2026-03-15 20:18:27] local.ERROR: Route [login] not defined. {"exception":"[object] (Symfony\\Component\\Routing\\Exception\\RouteNotFoundException(code: 0): Route [login] not defined. at C:/Users/maria/ApiApuestasDeportivas/ApiApuestasDeportivas/vendor/laravel/framework/src/Illuminate/Routing/UrlGenerator.php:477)
[stacktrace]
#0 C:/Users/maria/ApiApuestasDeportivas/ApiApuestasDeportivas/vendor/laravel/framework/src/Illuminate/Foundation/helpers.php(811): Illuminate/Routing/UrlGenerator->route('login', Array, true)
#1 C:/Users/maria/ApiApuestasDeportivas/ApiApuestasDeportivas/app/Http/Middleware/Authenticate.php(15): route('login')
#2 C:/Users/maria/ApiApuestasDeportivas/ApiApuestasDeportivas/vendor/laravel/framework/src/Illuminate/Auth/Middleware/Authenticate.php(96): App/Http/Middleware/Authenticate->redirectTo(Object(Illuminate/Http/Request))
#3 C:/Users/maria/ApiApuestasDeportivas/ApiApuestasDeportivas/vendor/laravel/framework/src/Illuminate/Auth/Middleware/Authenticate.php(81): Illuminate/Auth/Middleware/Authenticate->unauthenticated(Object(Illuminate/Http/Request), Array)
#4 C:/Users/maria/ApiApuestasDeportivas/ApiApuestasDeportivas/vendor/laravel/framework/src/Illuminate/Auth/Middleware/Authenticate.php(55): Illuminate/Auth/Middleware/Authenticate->authenticate(Object(Illuminate/Http/Request), Array)
#5 C:/Users/maria/ApiApuestasDeportivas/ApiApuestasDeportivas/vendor/laravel/framework/src/Illuminate/Pipeline/Pipeline.php(183): Illuminate/Auth/Middleware/Authenticate->handle(Object(Illuminate/Http/Request), Object(Closure), 'api')
#6 C:/Users/maria/ApiApuestasDeportivas/ApiApuestasDeportivas/vendor/laravel/framework/src/Illuminate/Pipeline/Pipeline.php(119): Illuminate/Pipeline/Pipeline->{closure:{closure:Illuminate/Pipeline/Pipeline::carry():158}:159}(Object(Illuminate/Http/Request))
#7 C:/Users/maria/ApiApuestasDeportivas/ApiApuestasDeportivas/vendor/laravel/framework/src/Illuminate/Routing/Router.php(805): Illuminate/Pipeline/Pipeline->then(Object(Closure))
#8 C:/Users/maria/ApiApuestasDeportivas/ApiApuestasDeportivas/vendor/laravel/framework/src/Illuminate/Routing/Router.php(784): Illuminate/Routing/Router->runRouteWithinStack(Object(Illuminate/Routing/Route), Object(Illuminate/Http/Request))
#9 C:/Users/maria/ApiApuestasDeportivas/ApiApuestasDeportivas/vendor/laravel/framework/src/Illuminate/Routing/Router.php(748): Illuminate/Routing/Router->runRoute(Object(Illuminate/Http/Request), Object(Illuminate/Routing/Route))
#10 C:/Users/maria/ApiApuestasDeportivas/ApiApuestasDeportivas/vendor/laravel/framework/src/Illuminate/Routing/Router.php(737): Illuminate/Routing/Router->dispatchToRoute(Object(Illuminate/Http/Request))
#11 C:/Users/maria/ApiApuestasDeportivas/ApiApuestasDeportivas/vendor/laravel/framework/src/Illuminate/Foundation/Http/Kernel.php(200): Illuminate/Routing/Router->dispatch(Object(Illuminate/Http/Request))
#12 C:/Users/maria/ApiApuestasDeportivas/ApiApuestasDeportivas/vendor/laravel/framework/src/Illuminate/Pipeline/Pipeline.php(144): Illuminate/Foundation/Http/Kernel->{closure:Illuminate/Foundation/Http/Kernel::dispatchToRouter():197}(Object(Illuminate/Http/Request))
#13 C:/Users/maria/ApiApuestasDeportivas/ApiApuestasDeportivas/vendor/laravel/framework/src/Illuminate/Foundation/Http/Middleware/TransformsRequest.php(21): Illuminate/Pipeline/Pipeline->{closure:Illuminate/Pipeline/Pipeline::prepareDestination():142}(Object(Illuminate/Http/Request))
#14 C:/Users/maria/ApiApuestasDeportivas/ApiApuestasDeportivas/vendor/laravel/framework/src/Illuminate/Foundation/Http/Middleware/ConvertEmptyStringsToNull.php(31): Illuminate/Foundation/Http/Middleware/TransformsRequest->handle(Object(Illuminate/Http/Request), Object(Closure))
#15 C:/Users/maria/ApiApuestasDeportivas/ApiApuestasDeportivas/vendor/laravel/framework/src/Illuminate/Pipeline/Pipeline.php(183): Illuminate/Foundation/Http/Middleware/ConvertEmptyStringsToNull->handle(Object(Illuminate/Http/Request), Object(Closure))
#16 C:/Users/maria/ApiApuestasDeportivas/ApiApuestasDeportivas/vendor/laravel/framework/src/Illuminate/Foundation/Http/Middleware/TransformsRequest.php(21): Illuminate/Pipeline/Pipeline->{closure:{closure:Illuminate/Pipeline/Pipeline::carry():158}:159}(Object(Illuminate/Http/Request))
#17 C:/Users/maria/ApiApuestasDeportivas/ApiApuestasDeportivas/vendor/laravel/framework/src/Illuminate/Foundation/Http/Middleware/TrimStrings.php(40): Illuminate/Foundation/Http/Middleware/TransformsRequest->handle(Object(Illuminate/Http/Request), Object(Closure))
#18 C:/Users/maria/ApiApuestasDeportivas/ApiApuestasDeportivas/vendor/laravel/framework/src/Illuminate/Pipeline/Pipeline.php(183): Illuminate/Foundation/Http/Middleware/TrimStrings->handle(Object(Illuminate/Http/Request), Object(Closure))
#19 C:/Users/maria/ApiApuestasDeportivas/ApiApuestasDeportivas/vendor/laravel/framework/src/Illuminate/Foundation/Http/Middleware/ValidatePostSize.php(27): Illuminate/Pipeline/Pipeline->{closure:{closure:Illuminate/Pipeline/Pipeline::carry():158}:159}(Object(Illuminate/Http/Request))
#20 C:/Users/maria/ApiApuestasDeportivas/ApiApuestasDeportivas/vendor/laravel/framework/src/Illuminate/Pipeline/Pipeline.php(183): Illuminate/Foundation/Http/Middleware/ValidatePostSize->handle(Object(Illuminate/Http/Request), Object(Closure))
#21 C:/Users/maria/ApiApuestasDeportivas/ApiApuestasDeportivas/vendor/laravel/framework/src/Illuminate/Foundation/Http/Middleware/PreventRequestsDuringMaintenance.php(99): Illuminate/Pipeline/Pipeline->{closure:{closure:Illuminate/Pipeline/Pipeline::carry():158}:159}(Object(Illuminate/Http/Request))
#22 C:/Users/maria/ApiApuestasDeportivas/ApiApuestasDeportivas/vendor/laravel/framework/src/Illuminate/Pipeline/Pipeline.php(183): Illuminate/Foundation/Http/Middleware/PreventRequestsDuringMaintenance->handle(Object(Illuminate/Http/Request), Object(Closure))
#23 C:/Users/maria/ApiApuestasDeportivas/ApiApuestasDeportivas/vendor/laravel/framework/src/Illuminate/Http/Middleware/HandleCors.php(62): Illuminate/Pipeline/Pipeline->{closure:{closure:Illuminate/Pipeline/Pipeline::carry():158}:159}(Object(Illuminate/Http/Request))
#24 C:/Users/maria/ApiApuestasDeportivas/ApiApuestasDeportivas/vendor/laravel/framework/src/Illuminate/Pipeline/Pipeline.php(183): Illuminate/Http/Middleware/HandleCors->handle(Object(Illuminate/Http/Request), Object(Closure))
#25 C:/Users/maria/ApiApuestasDeportivas/ApiApuestasDeportivas/vendor/laravel/framework/src/Illuminate/Http/Middleware/TrustProxies.php(39): Illuminate/Pipeline/Pipeline->{closure:{closure:Illuminate/Pipeline/Pipeline::carry():158}:159}(Object(Illuminate/Http/Request))
#26 C:/Users/maria/ApiApuestasDeportivas/ApiApuestasDeportivas/vendor/laravel/framework/src/Illuminate/Pipeline/Pipeline.php(183): Illuminate/Http/Middleware/TrustProxies->handle(Object(Illuminate/Http/Request), Object(Closure))
#27 C:/Users/maria/ApiApuestasDeportivas/ApiApuestasDeportivas/vendor/laravel/framework/src/Illuminate/Pipeline/Pipeline.php(119): Illuminate/Pipeline/Pipeline->{closure:{closure:Illuminate/Pipeline/Pipeline::carry():158}:159}(Object(Illuminate/Http/Request))
#28 C:/Users/maria/ApiApuestasDeportivas/ApiApuestasDeportivas/vendor/laravel/framework/src/Illuminate/Foundation/Http/Kernel.php(175): Illuminate/Pipeline/Pipeline->then(Object(Closure))
#29 C:/Users/maria/ApiApuestasDeportivas/ApiApuestasDeportivas/vendor/laravel/framework/src/Illuminate/Foundation/Http/Kernel.php(144): Illuminate/Foundation/Http/Kernel->sendRequestThroughRouter(Object(Illuminate/Http/Request))
#30 C:/Users/maria/ApiApuestasDeportivas/ApiApuestasDeportivas/public/index.php(51): Illuminate/Foundation/Http/Kernel->handle(Object(Illuminate/Http/Request))
#31 C:/Users/maria/ApiApuestasDeportivas/ApiApuestasDeportivas/vendor/laravel/framework/src/Illuminate/Foundation/resources/server.php(16): require_once('C://Users//maria//...')
#32 {main}
"} 
